number,value,datetime_start,datetime_complete,duration,params_ADX_THRESHOLD,params_ATR_MULTIPLIER,params_ATR_STOP_LOSS_MULT,params_BB_STD,params_ENTRY_PERIOD,params_ENTRY_TYPE,params_EXIT_TYPE,params_LEVERAGE,params_MA_PERIOD,params_MFI_THRESHOLD,params_MFI_WINDOW,params_RISK_PER_TRADE,params_RSI_OVERBOUGHT,params_RSI_OVERSOLD,params_RSI_WINDOW,params_SAR_STEP,params_STOCH_OVERBOUGHT,params_STOCH_OVERSOLD,params_STOCH_WINDOW,params_STOP_LOSS_PCT,params_STOP_LOSS_TYPE,params_SUPERTREND_MULT,params_SUPERTREND_PERIOD,params_TAKE_PROFIT_ATR_MULT,params_TIMEFRAME,params_TREND_FILTER_TYPE,params_USE_ADX,params_USE_MFI,params_USE_RSI,params_USE_STOCHASTIC,params_USE_TAKE_PROFIT,params_USE_VHF,params_USE_VOLUME_FILTER,params_VHF_THRESHOLD,params_VOLUME_MA_PERIOD,params_VOLUME_THRESHOLD_MULT,user_attrs_entry_type,user_attrs_leverage,user_attrs_mdd_ETH_USDT,user_attrs_mdd_avg,user_attrs_return_ETH_USDT,user_attrs_return_avg,user_attrs_timeframe,user_attrs_trades_ETH_USDT,user_attrs_trades_avg,user_attrs_trend_filter,user_attrs_win_rate_avg,user_attrs_winrate_ETH_USDT,state
0,-2300.0,2026-01-16 12:34:14.507823,2026-01-16 12:34:18.795246,0 days 00:00:04.287423,25,3.9000000000000004,2.4000000000000004,2.8,128,BOLLINGER,ATR,0.7000000000000001,110,27,19,0.0035,74,21,20,0.025,80,20,17,0.012,ATR,2.1,23,3.0,3m,SUPERTREND,True,True,False,False,True,True,True,0.6,10,3.0,BOLLINGER,0.7000000000000001,0.0,0.0,0.0,0.0,3m,0,0.0,SUPERTREND,0.0,0.0,COMPLETE
1,-2300.0,2026-01-16 12:34:14.519041,2026-01-16 12:34:19.628575,0 days 00:00:05.109534,27,5.300000000000001,3.0,3.0,44,KELTNER,ATR,1.5000000000000002,7,22,14,0.05,78,24,21,0.038,83,25,18,0.025,ATR,2.9000000000000004,37,9.5,1h,DEMA,False,False,True,False,True,False,True,0.35,10,4.0,KELTNER,1.5000000000000002,0.0,0.0,0.0,0.0,1h,0,0.0,DEMA,0.0,0.0,COMPLETE
2,-2300.0,2026-01-16 12:34:14.509826,2026-01-16 12:34:19.247473,0 days 00:00:04.737647,11,2.8,3.0,2.4,115,KELTNER,PARABOLIC_SAR,0.6,139,30,16,0.018000000000000002,69,20,15,0.039,81,21,10,0.015,FIXED,1.1,9,9.5,4h,ICHIMOKU,True,False,False,True,True,True,False,0.54,50,1.0,KELTNER,0.6,0.0,0.0,0.0,0.0,4h,0,0.0,ICHIMOKU,0.0,0.0,COMPLETE
3,-1377.9472967137363,2026-01-16 12:34:14.526111,2026-01-16 12:34:18.733499,0 days 00:00:04.207388,13,3.0,3.3000000000000003,2.0,128,DONCHIAN,ATR,0.8,88,22,11,0.0275,73,20,12,0.031,78,22,11,0.039,FIXED,4.7,26,8.5,1d,MACD,False,False,False,False,False,False,False,0.55,15,1.2,DONCHIAN,0.8,-67.07775108210917,-67.07775108210917,-65.29915476841838,-65.29915476841838,1d,39,39.0,MACD,12.82051282051282,12.82051282051282,COMPLETE
4,-1301.5036991665984,2026-01-16 12:34:14.531122,2026-01-16 12:34:19.779554,0 days 00:00:05.248432,21,2.1,1.5,2.2,50,BOLLINGER,PARABOLIC_SAR,1.6,192,28,18,0.041,73,27,12,0.027000000000000003,83,15,17,0.036000000000000004,ATR,2.3,19,4.0,1h,DEMA,True,True,False,False,True,False,False,0.42,40,2.4000000000000004,BOLLINGER,1.6,-50.40224508757808,-50.40224508757808,-36.72302884088579,-36.72302884088579,1h,62,62.0,DEMA,29.03225806451613,29.03225806451613,COMPLETE
5,-1988.8808792844006,2026-01-16 12:34:14.523108,2026-01-16 12:34:18.706163,0 days 00:00:04.183055,22,4.5,2.3,2.7,43,DONCHIAN,ATR,0.1,43,31,17,0.0195,77,35,21,0.05,82,22,21,0.032,ATR,3.6,40,7.0,2h,HMA,False,True,True,False,True,False,True,0.32,55,2.0,DONCHIAN,0.1,-0.5213383158221201,-0.5213383158221201,1.1636021344146341,1.1636021344146341,2h,10,10.0,HMA,40.0,40.0,COMPLETE
6,-2905.1528510643584,2026-01-16 12:34:18.725329,2026-01-16 12:34:19.415907,0 days 00:00:00.690578,21,2.7,2.7,2.7,62,BOLLINGER,ATR,2.6,75,27,19,0.036500000000000005,77,33,14,0.043000000000000003,78,15,19,0.037,ATR,1.5,26,8.5,15m,DEMA,False,False,False,False,True,False,True,0.39,15,1.6,BOLLINGER,2.6,-35.46979688574488,-35.46979688574488,54.651532752475184,54.651532752475184,15m,23,23.0,DEMA,52.17391304347826,52.17391304347826,COMPLETE
7,-3387.1299045023297,2026-01-16 12:34:18.759791,2026-01-16 12:34:19.071824,0 days 00:00:00.312033,11,3.2,1.4,1.6,136,BOLLINGER,PARABOLIC_SAR,1.7000000000000002,111,35,15,0.032,79,34,13,0.038,75,15,18,0.044000000000000004,FIXED,3.6,25,4.5,4h,EMA,True,True,True,False,True,True,True,0.44999999999999996,10,1.0,BOLLINGER,1.7000000000000002,-82.99615407557351,-82.99615407557351,-81.5665250055581,-81.5665250055581,4h,29,29.0,EMA,13.793103448275861,13.793103448275861,COMPLETE
8,-1536.5221786237025,2026-01-16 12:34:18.809531,2026-01-16 12:34:21.379547,0 days 00:00:02.570016,27,2.0,2.4000000000000004,1.6,141,BOLLINGER,PARABOLIC_SAR,1.9000000000000001,89,31,15,0.047,73,28,16,0.044000000000000004,77,11,14,0.026000000000000002,ATR,3.7,8,9.0,3m,SMA,False,True,False,True,True,False,True,0.56,25,1.2,BOLLINGER,1.9000000000000001,-65.52399970235085,-65.52399970235085,-30.209121518179703,-30.209121518179703,3m,44,44.0,SMA,36.36363636363637,36.36363636363637,COMPLETE
9,-2309.219406135929,2026-01-16 12:34:19.112378,2026-01-16 12:34:19.470404,0 days 00:00:00.358026,23,3.3,1.9,1.6,25,BOLLINGER,ATR,1.1,97,20,11,0.0035,70,35,12,0.015,85,11,18,0.035,FIXED,1.2,48,3.5,1h,MACD,True,False,True,False,False,True,False,0.41,55,2.8,BOLLINGER,1.1,-5.3344121953638135,-5.3344121953638135,-1.7270612370047487,-1.7270612370047487,1h,11,11.0,MACD,27.27272727272727,27.27272727272727,COMPLETE
10,-2300.0,2026-01-16 12:34:19.269333,2026-01-16 12:34:19.589947,0 days 00:00:00.320614,21,5.7,1.7000000000000002,2.5,39,DONCHIAN,ATR,0.8,90,24,20,0.0335,65,32,15,0.031,75,16,10,0.047,FIXED,4.5,34,2.0,4h,SMA,False,True,False,True,False,True,True,0.56,20,1.4,DONCHIAN,0.8,0.0,0.0,0.0,0.0,4h,0,0.0,SMA,0.0,0.0,COMPLETE
11,-2300.0,2026-01-16 12:34:19.437589,2026-01-16 12:34:19.783572,0 days 00:00:00.345983,13,4.9,3.6,1.6,78,DONCHIAN,ATR,2.4000000000000004,135,19,21,0.048,79,33,21,0.038,79,20,16,0.01,FIXED,1.1,30,4.0,4h,SUPERTREND,True,False,False,True,False,True,True,0.32,50,3.0,DONCHIAN,2.4000000000000004,0.0,0.0,0.0,0.0,4h,0,0.0,SUPERTREND,0.0,0.0,COMPLETE
12,-2311.524011671932,2026-01-16 12:34:19.492117,2026-01-16 12:34:21.952935,0 days 00:00:02.460818,25,1.8,1.4,2.8,144,CCI,PARABOLIC_SAR,1.1,22,25,19,0.012,79,24,17,0.01,83,23,16,0.02,ATR,4.7,23,5.5,15m,DEMA,True,False,True,False,False,True,False,0.59,10,3.4000000000000004,CCI,1.1,-1.348209910289594,-1.348209910289594,-1.3757983357456747,-1.3757983357456747,15m,1,1.0,DEMA,0.0,0.0,COMPLETE
13,-2343.5199927951135,2026-01-16 12:34:19.612861,2026-01-16 12:34:20.610196,0 days 00:00:00.997335,27,3.6,1.4,1.5,31,DONCHIAN,ATR,0.9,86,17,13,0.02,77,34,13,0.017,89,11,21,0.05,ATR,2.0,41,7.0,30m,SMA,True,False,True,False,True,True,False,0.38,30,1.6,DONCHIAN,0.9,-18.85317757665139,-18.85317757665139,-16.763237513772562,-16.763237513772562,30m,19,19.0,SMA,10.526315789473683,10.526315789473683,COMPLETE
14,-1270.2900316187988,2026-01-16 12:34:19.647144,2026-01-16 12:34:22.081721,0 days 00:00:02.434577,15,5.9,1.8,1.8,10,CCI,PARABOLIC_SAR,1.1,116,33,17,0.025500000000000002,71,29,20,0.036000000000000004,82,21,20,0.028000000000000004,FIXED,4.9,28,8.0,15m,ICHIMOKU,False,False,False,False,True,True,False,0.32999999999999996,45,3.8000000000000003,CCI,1.1,-63.77646162952492,-63.77646162952492,-16.53638863641259,-16.53638863641259,15m,79,79.0,ICHIMOKU,10.126582278481013,10.126582278481013,COMPLETE
15,-1347.9976205558269,2026-01-16 12:34:19.804984,2026-01-16 12:34:20.830881,0 days 00:00:01.025897,16,1.5,1.0,2.0,105,CCI,PARABOLIC_SAR,1.9000000000000001,187,15,10,0.0405,73,28,10,0.024,90,11,14,0.025,ATR,5.0,15,6.0,1d,MACD,False,True,False,False,False,False,False,0.5,35,2.2,CCI,1.9000000000000001,-97.5784608339908,-97.5784608339908,-99.24495467707139,-99.24495467707139,1d,61,61.0,MACD,8.19672131147541,8.19672131147541,COMPLETE
16,-1327.4542611701263,2026-01-16 12:34:19.811544,2026-01-16 12:34:22.068105,0 days 00:00:02.256561,16,2.0,3.7,2.0,105,CCI,PARABOLIC_SAR,1.8000000000000003,197,15,10,0.0405,74,28,10,0.024,90,11,13,0.025,ATR,4.800000000000001,16,6.5,1d,MACD,False,True,False,False,False,False,False,0.5,35,2.2,CCI,1.8000000000000003,-63.723404448953616,-63.723404448953616,-63.09640958317523,-63.09640958317523,1d,50,50.0,MACD,20.0,20.0,COMPLETE
17,-1298.59089085707,2026-01-16 12:34:20.625344,2026-01-16 12:34:24.313626,0 days 00:00:03.688282,16,1.5,3.7,2.0,101,CCI,PARABOLIC_SAR,1.9000000000000001,193,24,11,0.0395,73,27,10,0.026000000000000002,86,25,13,0.04,FIXED,5.0,15,5.5,1d,MACD,False,True,False,False,False,False,False,0.49,35,2.2,CCI,1.9000000000000001,-97.86801082894605,-97.86801082894605,-99.98470223944675,-99.98470223944675,1d,83,83.0,MACD,7.228915662650602,7.228915662650602,COMPLETE
18,-1000.8222294993529,2026-01-16 12:34:20.869309,2026-01-16 12:34:24.174819,0 days 00:00:03.305510,17,1.6,1.1,2.0,99,CCI,PARABOLIC_SAR,2.0,199,15,10,0.0425,69,29,10,0.023,90,13,13,0.025,ATR,2.9000000000000004,13,5.5,5m,TEMA,False,True,False,False,False,False,False,0.48,40,2.2,CCI,2.0,-56.7093443155567,-56.7093443155567,-76.94884548782515,-76.94884548782515,5m,92,92.0,TEMA,35.869565217391305,35.869565217391305,COMPLETE
19,-1298.4979812961283,2026-01-16 12:34:21.513366,2026-01-16 12:34:22.673812,0 days 00:00:01.160446,18,1.5,1.0,2.0,101,CCI,PARABOLIC_SAR,2.1,165,15,10,0.0395,70,29,10,0.023,90,13,14,0.020999999999999998,ATR,2.7,18,5.5,1d,TEMA,False,True,False,False,False,False,False,0.48,40,2.2,CCI,2.1,-97.93274198227422,-97.93274198227422,-99.92145373381759,-99.92145373381759,1d,90,90.0,TEMA,14.444444444444443,14.444444444444443,COMPLETE
20,-1014.2534023272483,2026-01-16 12:34:21.969488,2026-01-16 12:34:23.172340,0 days 00:00:01.202852,17,1.5,1.0,2.0,96,CCI,PARABOLIC_SAR,2.1,196,16,17,0.0405,70,29,10,0.025,90,13,13,0.027000000000000003,ATR,2.5,15,5.5,5m,MACD,False,True,False,False,False,False,False,0.48,40,2.4000000000000004,CCI,2.1,-67.09941763956101,-67.09941763956101,-53.8367061631487,-53.8367061631487,5m,79,79.0,MACD,39.24050632911392,39.24050632911392,COMPLETE
21,-1106.1415788264203,2026-01-16 12:34:22.107967,2026-01-16 12:34:28.344796,0 days 00:00:06.236829,17,6.0,2.0,2.2,10,CCI,PARABOLIC_SAR,3.0,166,35,17,0.026500000000000003,70,30,18,0.028999999999999998,86,18,20,0.042,FIXED,2.8,18,5.0,5m,TEMA,True,True,False,False,True,False,False,0.44,45,4.0,CCI,3.0,-72.5221575546646,-72.5221575546646,81.97407483412013,81.97407483412013,5m,109,109.0,TEMA,20.18348623853211,20.18348623853211,COMPLETE
22,-1265.0554505025439,2026-01-16 12:34:22.139720,2026-01-16 12:34:23.646888,0 days 00:00:01.507168,17,4.2,2.0,2.2,65,CCI,PARABOLIC_SAR,3.0,170,35,17,0.028,70,31,18,0.028000000000000004,86,18,20,0.041,FIXED,2.6,19,5.0,15m,TEMA,True,True,False,False,True,False,False,0.44,45,4.0,CCI,3.0,-83.32788994608244,-83.32788994608244,-61.023470013141655,-61.023470013141655,15m,94,94.0,TEMA,18.085106382978726,18.085106382978726,COMPLETE
23,-2300.0,2026-01-16 12:34:22.728929,2026-01-16 12:34:27.209930,0 days 00:00:04.481001,18,4.5,1.0,1.8,81,CCI,PARABOLIC_SAR,2.3000000000000003,141,34,13,0.028,70,30,18,0.019000000000000003,87,18,12,0.019000000000000003,FIXED,3.1,32,7.5,5m,TEMA,False,False,False,True,False,False,False,0.48,45,4.0,CCI,2.3000000000000003,0.0,0.0,0.0,0.0,5m,0,0.0,TEMA,0.0,0.0,COMPLETE
24,-3387.6907276245875,2026-01-16 12:34:23.344628,2026-01-16 12:34:26.473931,0 days 00:00:03.129303,17,6.0,2.0,1.8,10,CCI,PARABOLIC_SAR,2.3000000000000003,161,34,17,0.0275,67,31,18,0.034,86,18,12,0.031,FIXED,4.1,11,7.5,5m,ICHIMOKU,False,False,False,True,False,True,False,0.44999999999999996,45,4.0,CCI,2.3000000000000003,-76.7360379154653,-76.7360379154653,-78.87805544976175,-78.87805544976175,5m,20,20.0,ICHIMOKU,0.0,0.0,COMPLETE
25,-1872.778841261037,2026-01-16 12:34:23.683270,2026-01-16 12:34:26.475931,0 days 00:00:02.792661,18,4.2,2.1,2.2,83,CCI,PARABOLIC_SAR,3.0,167,34,13,0.0305,67,30,18,0.018000000000000002,87,18,13,0.042,FIXED,3.2,12,2.5,5m,TEMA,True,True,False,True,False,False,False,0.44999999999999996,45,3.4000000000000004,CCI,3.0,-89.06799505322641,-89.06799505322641,-70.55423721819905,-70.55423721819905,5m,49,49.0,TEMA,20.408163265306122,20.408163265306122,COMPLETE
26,-2300.0,2026-01-16 12:34:24.196213,2026-01-16 12:34:30.448619,0 days 00:00:06.252406,18,4.2,1.1,2.3,82,CCI,PARABOLIC_SAR,3.0,167,18,13,0.0315,67,31,18,0.019000000000000003,86,18,12,0.031,FIXED,3.2,11,5.0,5m,TEMA,False,True,False,False,False,False,False,0.45999999999999996,45,2.6,CCI,3.0,0.0,0.0,0.0,0.0,5m,0,0.0,TEMA,0.0,0.0,COMPLETE
27,-2989.916265817007,2026-01-16 12:34:24.331337,2026-01-16 12:34:28.316040,0 days 00:00:03.984703,19,4.300000000000001,2.1,2.2,83,CCI,PARABOLIC_SAR,2.9000000000000004,169,18,17,0.0305,67,31,18,0.019000000000000003,87,18,12,0.031,ATR,2.6,5,5.0,5m,TEMA,False,True,False,False,False,False,False,0.44999999999999996,45,2.6,CCI,2.9000000000000004,-58.358653100532464,-58.358653100532464,7.821952543463255,7.821952543463255,5m,29,29.0,TEMA,44.827586206896555,44.827586206896555,COMPLETE
28,-1302.9512523110207,2026-01-16 12:34:26.764541,2026-01-16 12:34:30.523809,0 days 00:00:03.759268,19,2.5,1.1,2.3,72,CCI,PARABOLIC_SAR,3.0,176,18,16,0.0455,68,26,11,0.02,88,17,15,0.022,ATR,2.5,6,5.0,5m,TEMA,False,True,False,False,False,False,False,0.52,60,2.6,CCI,3.0,-68.0588929242184,-68.0588929242184,-44.70801595255984,-44.70801595255984,5m,54,54.0,TEMA,31.48148148148148,31.48148148148148,COMPLETE
29,-1268.0016701457716,2026-01-16 12:34:26.936782,2026-01-16 12:34:29.873954,0 days 00:00:02.937172,19,2.4,1.1,1.8,82,CCI,PARABOLIC_SAR,2.8000000000000003,179,18,16,0.0455,68,25,11,0.02,88,13,15,0.02,ATR,2.6,20,5.0,5m,TEMA,False,True,False,False,False,False,False,0.52,60,2.6,CCI,2.8000000000000003,-64.86305765704944,-64.86305765704944,-14.8078309276222,-14.8078309276222,5m,53,53.0,TEMA,32.075471698113205,32.075471698113205,COMPLETE
30,-974.2959975040385,2026-01-16 12:34:27.229903,2026-01-16 12:34:31.048943,0 days 00:00:03.819040,14,2.3,1.3,2.3,67,CCI,PARABOLIC_SAR,3.0,175,18,16,0.0455,68,25,11,0.020999999999999998,88,13,15,0.03,ATR,2.6,20,5.0,5m,TEMA,False,True,False,False,False,False,False,0.52,60,2.6,CCI,3.0,-56.30429084739572,-56.30429084739572,-18.467566976557347,-18.467566976557347,5m,64,64.0,TEMA,43.75,43.75,COMPLETE
31,-1297.359901442962,2026-01-16 12:34:28.369584,2026-01-16 12:34:33.332341,0 days 00:00:04.962757,14,2.4,1.3,2.4,92,KELTNER,PARABOLIC_SAR,2.7,180,21,16,0.0445,68,26,11,0.013000000000000001,88,13,15,0.034,ATR,1.9,5,6.5,5m,HMA,False,True,False,False,False,False,False,0.52,60,1.8,KELTNER,2.7,-90.92398657140455,-90.92398657140455,-95.33442068058655,-95.33442068058655,5m,114,114.0,HMA,34.21052631578947,34.21052631578947,COMPLETE
32,-2300.0,2026-01-16 12:34:29.429924,2026-01-16 12:34:33.193742,0 days 00:00:03.763818,30,2.5,1.2,2.4,92,KELTNER,PARABOLIC_SAR,2.7,179,17,16,0.0445,69,25,11,0.022,88,13,15,0.022,ATR,2.0,5,6.5,5m,EMA,False,True,False,False,False,False,False,0.51,60,1.8,KELTNER,2.7,0.0,0.0,0.0,0.0,5m,0,0.0,EMA,0.0,0.0,COMPLETE
33,-2300.0,2026-01-16 12:34:30.496307,2026-01-16 12:34:33.747395,0 days 00:00:03.251088,30,2.4,1.3,2.5,114,KELTNER,PARABOLIC_SAR,2.6,153,21,18,0.045,65,26,11,0.014,89,13,15,0.023,ATR,2.0,5,3.0,5m,EMA,True,True,False,False,True,False,False,0.52,30,3.2,KELTNER,2.6,0.0,0.0,0.0,0.0,5m,0,0.0,EMA,0.0,0.0,COMPLETE
34,-2300.0,2026-01-16 12:34:30.514048,2026-01-16 12:34:32.081162,0 days 00:00:01.567114,14,5.0,1.6,2.5,118,KELTNER,PARABOLIC_SAR,2.6,148,21,18,0.036500000000000005,65,23,16,0.028999999999999998,89,13,11,0.017,ATR,2.0,21,3.0,2h,EMA,True,True,False,False,True,False,False,0.42,30,3.2,KELTNER,2.6,0.0,0.0,0.0,0.0,2h,0,0.0,EMA,0.0,0.0,COMPLETE
35,-979.748368478482,2026-01-16 12:34:30.667863,2026-01-16 12:34:31.937167,0 days 00:00:01.269304,14,3.8000000000000003,1.6,2.1,114,KELTNER,PARABOLIC_SAR,2.7,152,22,18,0.036000000000000004,65,22,16,0.014,88,13,11,0.015,ATR,1.9,23,3.5,30m,HMA,True,True,False,False,True,False,False,0.42,30,1.8,KELTNER,2.7,-79.8241353727166,-79.8241353727166,-73.20024941472714,-73.20024941472714,30m,108,108.0,HMA,37.03703703703704,37.03703703703704,COMPLETE
36,-1247.1395318066443,2026-01-16 12:34:31.067987,2026-01-16 12:34:35.186778,0 days 00:00:04.118791,14,2.2,1.6,2.1,118,KELTNER,PARABOLIC_SAR,2.6,151,21,18,0.0445,65,22,11,0.012,89,13,11,0.015,ATR,1.8,23,3.0,30m,HMA,False,True,False,False,False,False,False,0.52,30,1.8,KELTNER,2.6,-96.545314822354,-96.545314822354,-97.884332837964,-97.884332837964,30m,121,121.0,HMA,31.40495867768595,31.40495867768595,COMPLETE
37,-1323.4347940927573,2026-01-16 12:34:32.048765,2026-01-16 12:34:34.662679,0 days 00:00:02.613914,14,3.7,1.6,2.5,93,KELTNER,PARABOLIC_SAR,2.6,152,21,18,0.043500000000000004,65,22,11,0.014,89,13,11,0.016,ATR,1.9,22,3.0,30m,HMA,False,True,False,False,False,False,False,0.52,30,1.8,KELTNER,2.6,-85.67753616410721,-85.67753616410721,-69.84447492880093,-69.84447492880093,30m,66,66.0,HMA,30.303030303030305,30.303030303030305,COMPLETE
38,-1248.0699413816492,2026-01-16 12:34:32.287043,2026-01-16 12:34:34.734511,0 days 00:00:02.447468,10,2.3,1.2,2.1,94,KELTNER,PARABOLIC_SAR,2.7,199,16,14,0.043500000000000004,66,22,11,0.012,89,14,11,0.015,ATR,1.6,22,4.0,30m,HMA,False,True,False,False,False,False,False,0.47,30,1.8,KELTNER,2.7,-98.57487594176287,-98.57487594176287,-99.79209826585968,-99.79209826585968,30m,120,120.0,HMA,30.0,30.0,COMPLETE
39,-1286.4474133354897,2026-01-16 12:34:33.211336,2026-01-16 12:34:34.374995,0 days 00:00:01.163659,10,3.7,1.3,2.1,121,KELTNER,PARABOLIC_SAR,1.4000000000000001,155,16,14,0.036000000000000004,66,22,14,0.013000000000000001,89,14,11,0.015,ATR,1.7000000000000002,23,4.0,30m,HMA,False,True,False,False,False,False,False,0.47,30,1.8,KELTNER,1.4000000000000001,-49.826801017202655,-49.826801017202655,-25.813296734260106,-25.813296734260106,30m,72,72.0,HMA,29.166666666666668,29.166666666666668,COMPLETE
40,-1352.1651055709608,2026-01-16 12:34:33.374524,2026-01-16 12:34:37.046917,0 days 00:00:03.672393,12,3.7,1.3,2.1,118,KELTNER,PARABOLIC_SAR,1.4000000000000001,200,16,14,0.05,66,22,13,0.012,89,14,10,0.014,ATR,2.3,23,3.5,30m,HMA,False,True,False,False,False,False,False,0.47,30,2.4000000000000004,KELTNER,1.4000000000000001,-69.91523855743431,-69.91523855743431,-87.51351019174759,-87.51351019174759,30m,63,63.0,HMA,28.57142857142857,28.57142857142857,COMPLETE
41,-1874.3753990013001,2026-01-16 12:34:33.775639,2026-01-16 12:34:35.128778,0 days 00:00:01.353139,12,3.8000000000000003,1.6,2.1,125,KELTNER,PARABOLIC_SAR,2.1,123,16,14,0.0495,66,21,13,0.011,90,10,10,0.028000000000000004,ATR,1.6,23,3.5,30m,HMA,False,True,True,False,False,False,False,0.47,25,2.4000000000000004,KELTNER,2.1,-85.39161971575615,-85.39161971575615,-70.62194011238621,-70.62194011238621,30m,42,42.0,HMA,30.952380952380953,30.952380952380953,COMPLETE
42,-2300.0,2026-01-16 12:34:34.766399,2026-01-16 12:34:37.112932,0 days 00:00:02.346533,12,1.7,2.6,1.9,58,KELTNER,PARABOLIC_SAR,2.2,129,16,19,0.049,71,21,13,0.022,84,10,10,0.027000000000000003,ATR,2.3,13,4.5,3m,SUPERTREND,False,True,True,False,False,False,True,0.37,40,2.4000000000000004,KELTNER,2.2,0.0,0.0,0.0,0.0,3m,0,0.0,SUPERTREND,0.0,0.0,COMPLETE
43,-1887.9589465212193,2026-01-16 12:34:35.155539,2026-01-16 12:34:41.347935,0 days 00:00:06.192396,12,1.8,2.6,1.9,52,CCI,PARABOLIC_SAR,2.4000000000000004,130,29,15,0.022000000000000002,71,29,17,0.033,84,16,17,0.012,ATR,2.3,17,6.0,3m,SUPERTREND,True,True,False,False,True,False,True,0.38,40,2.0,CCI,2.4000000000000004,-14.125118691490426,-14.125118691490426,19.920945717580825,19.920945717580825,3m,25,25.0,SUPERTREND,60.0,60.0,COMPLETE
44,-1917.9877327052318,2026-01-16 12:34:34.629567,2026-01-16 12:34:38.740940,0 days 00:00:04.111373,12,1.7,4.0,1.9,110,CCI,PARABOLIC_SAR,2.1,130,29,15,0.0225,71,29,17,0.026000000000000002,84,16,17,0.028000000000000004,ATR,2.9000000000000004,13,6.0,3m,TEMA,True,True,False,False,True,False,True,0.43,40,2.0,CCI,2.1,-3.2614446785334956,-3.2614446785334956,4.885720416450198,4.885720416450198,3m,17,17.0,TEMA,70.58823529411765,70.58823529411765,COMPLETE
45,-1917.4901362865235,2026-01-16 12:34:35.254587,2026-01-16 12:34:41.311997,0 days 00:00:06.057410,12,1.8,2.7,1.9,130,CCI,PARABOLIC_SAR,2.3000000000000003,185,29,15,0.0345,71,29,17,0.026000000000000002,84,12,17,0.028999999999999998,ATR,2.3,17,6.0,3m,SUPERTREND,True,True,False,False,True,False,True,0.43,40,2.0,CCI,2.3000000000000003,-8.652222925740464,-8.652222925740464,7.810351531651337,7.810351531651337,3m,13,13.0,SUPERTREND,69.23076923076923,69.23076923076923,COMPLETE
46,-1918.619230499722,2026-01-16 12:34:35.275821,2026-01-16 12:34:40.629773,0 days 00:00:05.353952,12,2.9000000000000004,2.7,1.9,110,CCI,PARABOLIC_SAR,2.4000000000000004,186,28,15,0.035500000000000004,71,29,17,0.033,84,16,17,0.028000000000000004,ATR,2.3,17,6.0,3m,SUPERTREND,True,True,False,False,True,False,True,0.43,40,2.0,CCI,2.4000000000000004,-19.350640613644547,-19.350640613644547,31.872354837642376,31.872354837642376,3m,13,13.0,SUPERTREND,53.84615384615385,53.84615384615385,COMPLETE
47,-1539.7557406249562,2026-01-16 12:34:37.140939,2026-01-16 12:34:41.548834,0 days 00:00:04.407895,15,2.8,1.8,1.9,135,CCI,ATR,2.4000000000000004,182,28,15,0.021500000000000002,71,29,17,0.033,85,16,17,0.033,ATR,2.9000000000000004,15,6.0,2h,TEMA,True,True,False,False,True,False,False,0.43,50,2.0,CCI,2.4000000000000004,-42.54676182410789,-42.54676182410789,-25.62247666118479,-25.62247666118479,2h,37,37.0,TEMA,37.83783783783784,37.83783783783784,COMPLETE
48,-1548.971160444422,2026-01-16 12:34:37.084625,2026-01-16 12:34:41.518274,0 days 00:00:04.433649,16,2.9000000000000004,2.8,1.9,132,CCI,ATR,2.4000000000000004,188,29,15,0.035,71,29,17,0.026000000000000002,85,16,17,0.033,ATR,2.9000000000000004,18,6.0,1h,TEMA,True,True,False,False,True,False,False,0.4,55,2.0,CCI,2.4000000000000004,-50.34034692264697,-50.34034692264697,-34.89217144015331,-34.89217144015331,1h,36,36.0,TEMA,36.11111111111111,36.11111111111111,COMPLETE
49,-998.4421551887981,2026-01-16 12:34:38.923727,2026-01-16 12:34:42.872659,0 days 00:00:03.948932,15,2.9000000000000004,1.8,2.3,129,BOLLINGER,ATR,2.8000000000000003,188,23,20,0.013000000000000001,69,27,19,0.031,85,12,17,0.037,ATR,3.4000000000000004,17,4.5,1h,MACD,True,True,False,False,True,False,False,0.4,50,2.8,BOLLINGER,2.8000000000000003,-25.985175883295874,-25.985175883295874,0.7370314258611994,0.7370314258611994,1h,38,38.0,MACD,34.21052631578947,34.21052631578947,COMPLETE
50,-2502.62633268099,2026-01-16 12:34:40.663668,2026-01-16 12:34:44.796221,0 days 00:00:04.132553,15,5.5,1.8,2.4,134,BOLLINGER,ATR,2.8000000000000003,188,26,20,0.012,69,27,12,0.016,87,12,14,0.037,ATR,3.4000000000000004,9,4.5,1h,MACD,True,True,False,True,True,False,False,0.4,50,2.8,BOLLINGER,2.8000000000000003,-21.56584431195191,-21.56584431195191,-1.1025209130292293,-1.1025209130292293,1h,18,18.0,MACD,33.33333333333333,33.33333333333333,COMPLETE
51,-2300.0,2026-01-16 12:34:41.412962,2026-01-16 12:34:44.309168,0 days 00:00:02.896206,15,5.5,1.8,2.3,149,BOLLINGER,ATR,2.8000000000000003,190,19,20,0.042,69,20,12,0.03,87,15,14,0.038,FIXED,2.9000000000000004,25,4.5,1h,DEMA,True,True,True,True,True,False,False,0.4,50,2.8,BOLLINGER,2.8000000000000003,0.0,0.0,0.0,0.0,1h,0,0.0,DEMA,0.0,0.0,COMPLETE
52,-1841.9838419631305,2026-01-16 12:34:41.478634,2026-01-16 12:34:44.236657,0 days 00:00:02.758023,15,3.2,1.8,2.3,136,DONCHIAN,ATR,2.8000000000000003,52,23,20,0.015000000000000001,69,20,19,0.016,87,15,14,0.033,FIXED,3.4000000000000004,9,10.0,5m,DEMA,True,True,True,True,True,False,False,0.5800000000000001,50,2.8,DONCHIAN,2.8000000000000003,-43.77837994195653,-43.77837994195653,-27.52958858000208,-27.52958858000208,5m,34,34.0,DEMA,17.647058823529413,17.647058823529413,COMPLETE
53,-2300.0,2026-01-16 12:34:41.567923,2026-01-16 12:34:44.149157,0 days 00:00:02.581234,20,3.4000000000000004,2.3,3.0,19,BOLLINGER,ATR,0.2,58,24,19,0.016,69,27,12,0.016,80,12,14,0.037,FIXED,3.4000000000000004,9,10.0,5m,DEMA,True,True,True,True,True,True,False,0.54,35,1.4,BOLLINGER,0.2,0.0,0.0,0.0,0.0,5m,0,0.0,DEMA,0.0,0.0,COMPLETE
54,-2300.0,2026-01-16 12:34:41.573489,2026-01-16 12:34:42.896304,0 days 00:00:01.322815,20,3.1,1.5,2.3,27,DONCHIAN,ATR,0.30000000000000004,64,23,20,0.0145,69,27,19,0.016,81,12,14,0.045000000000000005,FIXED,3.4000000000000004,26,10.0,5m,DEMA,True,True,True,True,True,True,False,0.55,35,2.8,DONCHIAN,0.30000000000000004,0.0,0.0,0.0,0.0,5m,0,0.0,DEMA,0.0,0.0,COMPLETE
55,-2304.174703318375,2026-01-16 12:34:43.037584,2026-01-16 12:34:46.025457,0 days 00:00:02.987873,15,3.4000000000000004,2.2,2.4,149,BOLLINGER,ATR,2.8000000000000003,192,26,20,0.003,69,24,20,0.03,87,12,19,0.039,ATR,3.9000000000000004,9,4.5,1h,MACD,True,True,False,False,True,False,False,0.36,50,2.8,BOLLINGER,2.8000000000000003,-5.637286042143801,-5.637286042143801,-0.8027585441986914,-0.8027585441986914,1h,29,29.0,MACD,31.03448275862069,31.03448275862069,COMPLETE
56,-818.5768108444745,2026-01-16 12:34:43.064049,2026-01-16 12:34:44.784226,0 days 00:00:01.720177,15,2.0,2.2,2.4,146,BOLLINGER,ATR,2.8000000000000003,192,26,20,0.004,69,24,20,0.031,87,12,19,0.037,ATR,3.5,20,4.5,1h,MACD,True,True,False,False,True,False,False,0.41,50,2.8,BOLLINGER,2.8000000000000003,-7.593269612392804,-7.593269612392804,-4.1555376854805735,-4.1555376854805735,1h,47,47.0,MACD,31.914893617021278,31.914893617021278,COMPLETE
57,-786.7568153595803,2026-01-16 12:34:44.230429,2026-01-16 12:34:46.877779,0 days 00:00:02.647350,17,5.5,1.5,2.2,146,BOLLINGER,ATR,1.6,192,25,21,0.0015,72,30,20,0.03,90,20,19,0.039,ATR,4.1,28,4.5,1h,MACD,True,True,False,False,True,False,False,0.41,55,3.0,BOLLINGER,1.6,-2.6219796901346966,-2.6219796901346966,1.8758117004093133,1.8758117004093133,1h,35,35.0,MACD,34.285714285714285,34.285714285714285,COMPLETE
58,-967.9778758165294,2026-01-16 12:34:44.282120,2026-01-16 12:34:45.212931,0 days 00:00:00.930811,17,5.300000000000001,1.5,2.2,149,BOLLINGER,ATR,2.8000000000000003,195,25,20,0.009000000000000001,72,24,20,0.028999999999999998,90,20,20,0.038,ATR,3.9000000000000004,20,4.5,1h,MACD,True,True,False,False,True,False,False,0.41,55,3.0,BOLLINGER,2.8000000000000003,-26.227562688223372,-26.227562688223372,15.240287480232933,15.240287480232933,1h,35,35.0,MACD,34.285714285714285,34.285714285714285,COMPLETE
59,48.77660683236263,2026-01-16 12:34:44.321244,2026-01-16 12:34:45.050416,0 days 00:00:00.729172,17,2.0,1.5,2.4,100,BOLLINGER,ATR,1.7000000000000002,173,26,21,0.0075,75,24,20,0.028000000000000004,90,20,19,0.043000000000000003,ATR,1.3,20,4.5,1h,MACD,True,False,False,False,True,False,False,0.36,55,3.6,BOLLINGER,1.7000000000000002,-13.921419046596714,-13.921419046596714,-0.38930471851405457,-0.38930471851405457,1h,54,54.0,MACD,42.592592592592595,42.592592592592595,COMPLETE
60,73.93336502157854,2026-01-16 12:34:44.825737,2026-01-16 12:34:45.386946,0 days 00:00:00.561209,13,2.0,1.5,1.7,142,BOLLINGER,ATR,1.6,173,26,21,0.0025,75,24,20,0.031,90,14,16,0.035,ATR,4.0,28,5.5,1h,MACD,True,False,False,False,True,False,False,0.37,55,3.0,BOLLINGER,1.6,-8.184507035642644,-8.184507035642644,-6.072840555117699,-6.072840555117699,1h,82,82.0,MACD,36.58536585365854,36.58536585365854,COMPLETE
61,-814.6920865936745,2026-01-16 12:34:44.839254,2026-01-16 12:34:45.322743,0 days 00:00:00.483489,13,2.0,1.5,2.6,141,BOLLINGER,ATR,1.7000000000000002,174,26,21,0.001,72,24,20,0.042,90,14,19,0.024,ATR,3.8000000000000003,20,5.5,1h,MACD,True,False,False,False,True,False,False,0.41,55,3.0,BOLLINGER,1.7000000000000002,-2.507821743370813,-2.507821743370813,-2.0520472909735514,-2.0520472909735514,1h,41,41.0,MACD,34.146341463414636,34.146341463414636,COMPLETE
62,-820.0879401778284,2026-01-16 12:34:45.065916,2026-01-16 12:34:46.552864,0 days 00:00:01.486948,13,2.0,2.3,2.6,144,BOLLINGER,ATR,1.8000000000000003,160,26,21,0.0025,76,24,20,0.042,88,20,19,0.047,ATR,1.3,28,4.5,1h,MACD,True,False,False,False,True,False,False,0.33999999999999997,55,3.8000000000000003,BOLLINGER,1.8000000000000003,-4.377615649646261,-4.377615649646261,-3.4445253000241585,-3.4445253000241585,1h,41,41.0,MACD,34.146341463414636,34.146341463414636,COMPLETE
63,-827.7961638944289,2026-01-16 12:34:45.242620,2026-01-16 12:34:46.504641,0 days 00:00:01.262021,13,2.1,2.2,2.6,143,BOLLINGER,ATR,1.6,160,26,21,0.005000000000000001,75,24,21,0.036000000000000004,88,20,19,0.048,ATR,4.0,27,4.0,1h,MACD,True,False,False,False,True,False,False,0.36,55,3.0,BOLLINGER,1.6,-7.089251793984366,-7.089251793984366,-5.995843827099959,-5.995843827099959,1h,39,39.0,MACD,28.205128205128204,28.205128205128204,COMPLETE
64,-2000.509662577886,2026-01-16 12:34:45.375463,2026-01-16 12:34:46.003788,0 days 00:00:00.628325,13,4.800000000000001,3.0,2.7,142,BOLLINGER,ATR,1.7000000000000002,175,26,21,0.0025,74,24,21,0.043000000000000003,90,20,19,0.047,ATR,4.0,30,4.0,1h,MACD,True,False,False,False,True,False,False,0.35,55,3.6,BOLLINGER,1.7000000000000002,-3.667189691831467,-3.667189691831467,-0.08130038614030927,-0.08130038614030927,1h,26,26.0,MACD,42.30769230769231,42.30769230769231,COMPLETE
65,-504.1962340539094,2026-01-16 12:34:45.440794,2026-01-16 12:34:45.972777,0 days 00:00:00.531983,13,2.0,3.1,2.6,150,BOLLINGER,ATR,1.6,174,26,21,0.0005,75,24,20,0.042,90,20,19,0.035,ATR,3.9000000000000004,30,4.0,1h,MACD,True,False,False,False,True,True,False,0.35,55,3.6,BOLLINGER,1.6,-0.6086385394587565,-0.6086385394587565,-0.4457052067109151,-0.4457052067109151,1h,36,36.0,MACD,36.11111111111111,36.11111111111111,COMPLETE
66,-816.2741002831872,2026-01-16 12:34:46.020380,2026-01-16 12:34:46.981926,0 days 00:00:00.961546,11,2.1,3.1,2.6,149,BOLLINGER,ATR,1.5000000000000002,142,26,21,0.0055,75,24,20,0.049,90,21,19,0.039,ATR,3.9000000000000004,35,4.0,1h,MACD,True,False,False,False,True,True,False,0.35,55,3.0,BOLLINGER,1.5000000000000002,-4.140500179279188,-4.140500179279188,-2.725906813909253,-2.725906813909253,1h,34,34.0,MACD,32.35294117647059,32.35294117647059,COMPLETE
67,-521.4545876875745,2026-01-16 12:34:46.051941,2026-01-16 12:34:47.708819,0 days 00:00:01.656878,11,2.0,3.1,2.6,144,BOLLINGER,ATR,1.5000000000000002,143,27,21,0.006,75,23,20,0.049,90,21,18,0.036000000000000004,ATR,4.300000000000001,36,5.5,1h,MACD,True,False,False,False,True,True,False,0.32999999999999996,55,3.0,BOLLINGER,1.5000000000000002,-5.106353075211508,-5.106353075211508,-3.9385127596697074,-3.9385127596697074,1h,36,36.0,MACD,36.11111111111111,36.11111111111111,COMPLETE
68,-801.9591524203706,2026-01-16 12:34:46.566969,2026-01-16 12:34:46.936480,0 days 00:00:00.369511,11,2.0,3.1,2.8,140,BOLLINGER,ATR,1.5000000000000002,140,27,21,0.0005,75,23,21,0.04,90,22,18,0.05,ATR,4.300000000000001,28,4.0,1h,MACD,True,False,False,False,True,True,False,0.3,55,3.8000000000000003,BOLLINGER,1.5000000000000002,-0.45756107488273107,-0.45756107488273107,-0.20277719075226922,-0.20277719075226922,1h,32,32.0,MACD,34.375,34.375,COMPLETE
69,-501.42347278532816,2026-01-16 12:34:46.544975,2026-01-16 12:34:50.165612,0 days 00:00:03.620637,11,2.0,3.2,2.6,140,BOLLINGER,ATR,1.5000000000000002,160,27,21,0.0005,76,23,21,0.04,90,21,18,0.05,ATR,4.4,36,4.0,1h,MACD,True,False,False,False,True,True,False,0.33999999999999997,55,3.8000000000000003,BOLLINGER,1.5000000000000002,-0.2791941862283307,-0.2791941862283307,-0.14275924717402086,-0.14275924717402086,1h,36,36.0,MACD,36.11111111111111,36.11111111111111,COMPLETE
70,-803.9571866618508,2026-01-16 12:34:46.951777,2026-01-16 12:34:47.263679,0 days 00:00:00.311902,11,1.9,3.2,2.9000000000000004,139,BOLLINGER,ATR,1.2000000000000002,170,27,21,0.0005,75,23,20,0.048,90,23,18,0.035,ATR,4.300000000000001,36,5.5,1h,MACD,True,False,False,False,True,True,False,0.3,55,3.4000000000000004,BOLLINGER,1.2000000000000002,-0.3951246073804214,-0.3951246073804214,-0.4051328790564323,-0.4051328790564323,1h,31,31.0,MACD,22.58064516129032,22.58064516129032,COMPLETE
71,-2316.6182924857576,2026-01-16 12:34:46.924405,2026-01-16 12:34:47.866100,0 days 00:00:00.941695,11,2.6,3.2,2.9000000000000004,139,BOLLINGER,ATR,1.2000000000000002,98,27,21,0.0055,75,23,20,0.046000000000000006,90,23,18,0.05,ATR,4.4,36,5.5,1h,MACD,True,False,False,False,True,True,False,0.3,55,3.6,BOLLINGER,1.2000000000000002,-3.765514302333632,-3.765514302333632,-2.678567400681111,-2.678567400681111,1h,23,23.0,MACD,30.434782608695656,30.434782608695656,COMPLETE
72,-804.1381011403064,2026-01-16 12:34:46.996979,2026-01-16 12:34:47.649121,0 days 00:00:00.652142,11,1.9,3.2,2.9000000000000004,139,BOLLINGER,ATR,1.3000000000000003,116,27,21,0.0005,75,23,21,0.05,90,21,18,0.044000000000000004,ATR,4.4,38,2.5,1h,MACD,True,False,False,False,True,True,False,0.3,55,3.6,BOLLINGER,1.3000000000000003,-0.4287745080006113,-0.4287745080006113,-0.4261610378544079,-0.4261610378544079,1h,36,36.0,MACD,25.0,25.0,COMPLETE
73,-2302.3341232407693,2026-01-16 12:34:47.287814,2026-01-16 12:34:48.346277,0 days 00:00:01.058463,11,2.6,3.3000000000000003,2.9000000000000004,139,BOLLINGER,ATR,1.2000000000000002,109,27,21,0.0005,78,23,21,0.046000000000000006,90,24,18,0.035,ATR,4.300000000000001,32,5.5,1h,MACD,True,False,False,False,True,True,False,0.3,60,3.6,BOLLINGER,1.2000000000000002,-0.3367859188033686,-0.3367859188033686,-0.2365121725603589,-0.2365121725603589,1h,23,23.0,MACD,30.434782608695656,30.434782608695656,COMPLETE
74,-2302.3190503357496,2026-01-16 12:34:45.994728,2026-01-16 12:34:48.286375,0 days 00:00:02.291647,11,2.6,3.3000000000000003,2.9000000000000004,138,BOLLINGER,ATR,1.2000000000000002,103,27,21,0.0005,75,23,21,0.04,76,24,18,0.044000000000000004,ATR,4.4,40,5.5,1h,MACD,True,False,False,False,True,True,False,0.3,60,3.6,BOLLINGER,1.2000000000000002,-0.3351961636239848,-0.3351961636239848,-0.23491841103748884,-0.23491841103748884,1h,23,23.0,MACD,30.434782608695656,30.434782608695656,COMPLETE
75,-505.7613251410421,2026-01-16 12:34:47.730971,2026-01-16 12:34:48.747429,0 days 00:00:01.016458,11,2.6,3.3000000000000003,2.8,137,BOLLINGER,ATR,1.2000000000000002,115,27,21,0.008,75,23,21,0.048,90,22,18,0.035,ATR,4.4,40,2.5,1h,MACD,True,False,False,False,True,True,False,0.3,60,3.6,BOLLINGER,1.2000000000000002,-3.9473935290250144,-3.9473935290250144,-0.9463070499586523,-0.9463070499586523,1h,31,31.0,MACD,41.935483870967744,41.935483870967744,COMPLETE
76,-511.87405412709177,2026-01-16 12:34:47.705288,2026-01-16 12:34:48.464464,0 days 00:00:00.759176,11,2.6,3.3000000000000003,2.9000000000000004,125,BOLLINGER,ATR,1.2000000000000002,107,27,21,0.0075,75,23,21,0.049,90,23,18,0.044000000000000004,ATR,4.4,41,2.0,1h,MACD,True,False,False,False,True,True,False,0.3,60,3.6,BOLLINGER,1.2000000000000002,-4.2425910217036735,-4.2425910217036735,-2.0092351351218882,-2.0092351351218882,1h,35,35.0,MACD,48.57142857142857,48.57142857142857,COMPLETE
77,-824.6233079177027,2026-01-16 12:34:47.894770,2026-01-16 12:34:48.687847,0 days 00:00:00.793077,10,1.9,3.4000000000000004,2.9000000000000004,140,BOLLINGER,ATR,1.2000000000000002,117,27,21,0.008,76,23,21,0.048,89,23,18,0.035,ATR,4.300000000000001,39,2.0,4h,SMA,True,False,False,False,True,True,False,0.3,60,3.8000000000000003,BOLLINGER,1.2000000000000002,-5.076269205571649,-5.076269205571649,-4.507984892676503,-4.507984892676503,4h,32,32.0,SMA,34.375,34.375,COMPLETE
78,-520.6750600504938,2026-01-16 12:34:48.303953,2026-01-16 12:34:49.211696,0 days 00:00:00.907743,10,1.9,3.5,2.8,125,BOLLINGER,ATR,1.4000000000000001,113,25,21,0.0075,76,23,19,0.048,89,22,18,0.041,ATR,4.300000000000001,39,2.0,4h,SMA,True,False,False,False,True,True,False,0.32999999999999996,60,3.4000000000000004,BOLLINGER,1.4000000000000001,-4.855717514884763,-4.855717514884763,-3.7097304732152496,-3.7097304732152496,4h,41,41.0,SMA,36.58536585365854,36.58536585365854,COMPLETE
79,-513.3758925432157,2026-01-16 12:34:48.379015,2026-01-16 12:34:49.063142,0 days 00:00:00.684127,10,1.9,3.5,2.8,125,BOLLINGER,ATR,1.4000000000000001,140,28,21,0.008,76,25,19,0.05,89,22,20,0.041,ATR,4.6,38,5.0,1h,SMA,True,False,False,False,True,True,False,0.32,55,3.8000000000000003,BOLLINGER,1.4000000000000001,-3.602255088296244,-3.602255088296244,-2.1189769880346487,-2.1189769880346487,1h,38,38.0,SMA,36.84210526315789,36.84210526315789,COMPLETE
80,-503.60292789912,2026-01-16 12:34:48.477541,2026-01-16 12:34:49.476416,0 days 00:00:00.998875,10,2.2,3.6,2.8,125,BOLLINGER,ATR,0.9,144,25,21,0.0075,76,25,19,0.048,89,22,21,0.041,ATR,4.2,43,2.5,4h,SMA,True,False,False,False,True,True,False,0.32,60,3.4000000000000004,BOLLINGER,0.9,-2.539262958319283,-2.539262958319283,-0.5051814584568841,-0.5051814584568841,4h,36,36.0,SMA,38.88888888888889,38.88888888888889,COMPLETE
81,-497.25785894689943,2026-01-16 12:34:48.762583,2026-01-16 12:34:50.379014,0 days 00:00:01.616431,10,2.3,3.5,2.8,122,BOLLINGER,ATR,0.9,84,31,20,0.0075,74,25,19,0.046000000000000006,89,22,21,0.041,ATR,4.7,43,2.0,15m,ICHIMOKU,True,False,False,False,True,True,False,0.32,60,3.2,BOLLINGER,0.9,-1.9791989588263927,-1.9791989588263927,0.3577882087175036,0.3577882087175036,15m,44,44.0,ICHIMOKU,43.18181818181818,43.18181818181818,COMPLETE
82,-503.8814894100924,2026-01-16 12:34:48.704856,2026-01-16 12:34:50.550610,0 days 00:00:01.845754,24,2.2,3.5,2.8,125,BOLLINGER,ATR,0.9,137,25,20,0.0085,74,25,19,0.046000000000000006,89,22,21,0.041,ATR,4.7,46,2.5,15m,ICHIMOKU,True,False,False,False,True,True,False,0.32,60,3.2,BOLLINGER,0.9,-2.069888765738825,-2.069888765738825,-0.5125941325069638,-0.5125941325069638,15m,45,45.0,ICHIMOKU,37.77777777777778,37.77777777777778,COMPLETE
83,-501.2211200139918,2026-01-16 12:34:49.090648,2026-01-16 12:34:50.008896,0 days 00:00:00.918248,10,2.2,3.5,2.7,132,BOLLINGER,ATR,0.9,146,31,20,0.0085,76,25,19,0.046000000000000006,89,19,20,0.041,ATR,4.7,47,2.0,15m,SMA,True,False,False,False,True,True,False,0.32,60,3.2,BOLLINGER,0.9,-1.5448145283521013,-1.5448145283521013,-0.15002145423626062,-0.15002145423626062,15m,45,45.0,SMA,40.0,40.0,COMPLETE
84,-505.39157058827186,2026-01-16 12:34:49.228944,2026-01-16 12:34:51.320097,0 days 00:00:02.091153,10,2.2,3.5,2.7,134,BOLLINGER,ATR,0.8,79,31,20,0.009000000000000001,76,25,19,0.046000000000000006,89,19,21,0.042,ATR,4.7,43,2.0,4h,SMA,True,False,False,False,True,True,False,0.32,60,3.2,BOLLINGER,0.8,-2.8908075438908396,-2.8908075438908396,-0.7886463516189718,-0.7886463516189718,4h,40,40.0,SMA,45.0,45.0,COMPLETE
85,-514.7297443682501,2026-01-16 12:34:49.838931,2026-01-16 12:34:51.983316,0 days 00:00:02.144385,10,2.2,3.5,2.8,125,BOLLINGER,ATR,0.9,85,31,20,0.009500000000000001,76,25,19,0.046000000000000006,89,19,21,0.041,ATR,4.7,42,2.0,4h,SMA,True,False,False,False,True,True,False,0.32,60,3.2,BOLLINGER,0.9,-3.8396657770543117,-3.8396657770543117,-2.392620673119172,-2.392620673119172,4h,39,39.0,SMA,38.46153846153847,38.46153846153847,COMPLETE
86,-514.7297443682501,2026-01-16 12:34:50.047455,2026-01-16 12:34:51.128858,0 days 00:00:01.081403,10,2.2,3.5,2.8,125,BOLLINGER,ATR,0.9,122,31,20,0.009500000000000001,76,25,19,0.046000000000000006,89,19,21,0.042,ATR,4.6,44,2.0,4h,SMA,True,False,False,False,True,True,False,0.32,60,3.2,BOLLINGER,0.9,-3.8396657770543117,-3.8396657770543117,-2.392620673119172,-2.392620673119172,4h,39,39.0,SMA,38.46153846153847,38.46153846153847,COMPLETE
87,-493.4771452629575,2026-01-16 12:34:50.198596,2026-01-16 12:34:51.057135,0 days 00:00:00.858539,10,2.2,3.7,2.7,124,BOLLINGER,ATR,0.9,146,31,20,0.0105,77,25,19,0.046000000000000006,89,19,21,0.042,ATR,4.7,44,2.5,15m,SMA,True,False,False,False,True,True,False,0.32,60,3.2,BOLLINGER,0.9,-2.224374704342508,-2.224374704342508,0.8789707917127293,0.8789707917127293,15m,46,46.0,SMA,36.95652173913043,36.95652173913043,COMPLETE
88,-495.4547923607661,2026-01-16 12:34:50.505003,2026-01-16 12:34:53.236994,0 days 00:00:02.731991,10,2.2,3.8000000000000003,2.7,122,BOLLINGER,ATR,0.9,89,32,20,0.007000000000000001,74,25,19,0.045000000000000005,89,19,21,0.042,ATR,4.800000000000001,44,2.5,15m,ICHIMOKU,True,False,False,False,True,True,False,0.33999999999999997,60,3.2,BOLLINGER,0.9,-1.3650522306604171,-1.3650522306604171,0.5439847659770749,0.5439847659770749,15m,45,45.0,ICHIMOKU,37.77777777777778,37.77777777777778,COMPLETE
89,-495.854241699516,2026-01-16 12:34:50.573005,2026-01-16 12:34:51.849377,0 days 00:00:01.276372,24,2.2,3.7,2.7,121,BOLLINGER,ATR,0.9,80,32,19,0.01,74,25,19,0.046000000000000006,89,19,21,0.043000000000000003,ATR,4.800000000000001,45,2.5,15m,ICHIMOKU,True,False,False,False,True,True,False,0.32,60,3.2,BOLLINGER,0.9,-2.4499678341151854,-2.4499678341151854,0.5748864631453645,0.5748864631453645,15m,46,46.0,ICHIMOKU,36.95652173913043,36.95652173913043,COMPLETE
90,-1942.3214057594878,2026-01-16 12:34:51.073433,2026-01-16 12:34:51.881800,0 days 00:00:00.808367,25,2.2,3.8000000000000003,2.7,122,BOLLINGER,ATR,0.9,135,32,19,0.009000000000000001,77,26,19,0.046000000000000006,88,19,21,0.043000000000000003,ATR,4.800000000000001,46,2.5,15m,ICHIMOKU,True,False,False,False,True,True,True,0.33999999999999997,60,3.2,BOLLINGER,0.9,-0.7406863218011618,-0.7406863218011618,0.8337453152710107,0.8337453152710107,15m,6,6.0,ICHIMOKU,66.66666666666666,66.66666666666666,COMPLETE
91,-1996.0273224212688,2026-01-16 12:34:51.270910,2026-01-16 12:34:52.820986,0 days 00:00:01.550076,25,2.3,3.9000000000000004,2.7,121,BOLLINGER,ATR,0.6,135,33,19,0.0105,77,26,19,0.045000000000000005,88,19,21,0.043000000000000003,ATR,4.800000000000001,50,2.5,15m,ICHIMOKU,True,False,False,False,True,True,True,0.33999999999999997,60,3.2,BOLLINGER,0.6,-0.7513146531605093,-0.7513146531605093,0.43211034956448713,0.43211034956448713,15m,6,6.0,ICHIMOKU,50.0,50.0,COMPLETE
92,-1998.812014104461,2026-01-16 12:34:51.478090,2026-01-16 12:34:54.562957,0 days 00:00:03.084867,24,1.6,3.8000000000000003,2.7,109,BOLLINGER,ATR,0.5,147,32,19,0.0105,77,26,18,0.044000000000000004,88,19,21,0.045000000000000005,ATR,4.9,49,2.5,15m,SMA,True,False,False,False,True,True,True,0.33999999999999997,60,3.4000000000000004,BOLLINGER,0.5,-0.5459041670624211,-0.5459041670624211,0.12484531693530736,0.12484531693530736,15m,5,5.0,SMA,40.0,40.0,COMPLETE
93,-2298.051786067818,2026-01-16 12:34:51.876248,2026-01-16 12:34:53.639246,0 days 00:00:01.762998,25,1.6,3.8000000000000003,2.7,121,BOLLINGER,ATR,0.6,147,32,19,0.011000000000000001,74,26,18,0.044000000000000004,88,19,21,0.046000000000000006,ATR,4.9,49,2.5,15m,ICHIMOKU,True,False,False,False,True,True,True,0.33999999999999997,60,3.2,BOLLINGER,0.6,-0.6315957545653044,-0.6315957545653044,0.20773241625458466,0.20773241625458466,15m,7,7.0,ICHIMOKU,28.57142857142857,28.57142857142857,COMPLETE
94,-481.4328182506433,2026-01-16 12:34:52.000438,2026-01-16 12:34:53.435200,0 days 00:00:01.434762,23,2.4,3.7,2.7,110,BOLLINGER,ATR,0.7000000000000001,157,33,19,0.011000000000000001,74,26,18,0.044000000000000004,88,21,20,0.046000000000000006,ATR,4.9,49,2.5,15m,ICHIMOKU,True,False,False,False,True,True,False,0.31,60,3.2,BOLLINGER,0.7000000000000001,-1.4893961934869686,-1.4893961934869686,2.262944534855522,2.262944534855522,15m,44,44.0,ICHIMOKU,43.18181818181818,43.18181818181818,COMPLETE
95,53.67544104834724,2026-01-16 12:34:51.972643,2026-01-16 12:34:53.642324,0 days 00:00:01.669681,23,1.6,3.8000000000000003,2.7,113,DONCHIAN,ATR,0.6,156,33,19,0.0105,74,26,18,0.044000000000000004,88,17,20,0.046000000000000006,ATR,4.9,47,2.5,15m,ICHIMOKU,True,False,False,False,True,True,False,0.31,60,3.4000000000000004,DONCHIAN,0.6,-1.301234135366038,-1.301234135366038,0.43573933613747357,0.43573933613747357,15m,68,68.0,ICHIMOKU,36.76470588235294,36.76470588235294,COMPLETE
96,-468.12072665059077,2026-01-16 12:34:53.566807,2026-01-16 12:34:56.176426,0 days 00:00:02.609619,22,2.4,3.7,2.7,110,DONCHIAN,ATR,0.7000000000000001,73,32,19,0.011000000000000001,74,26,18,0.043000000000000003,88,17,20,0.048,ATR,4.9,46,3.0,15m,ICHIMOKU,True,False,False,False,True,True,False,0.31,60,3.4000000000000004,DONCHIAN,0.7000000000000001,-1.2009135344210018,-1.2009135344210018,3.722766801168572,3.722766801168572,15m,44,44.0,ICHIMOKU,50.0,50.0,COMPLETE
97,53.24929431903456,2026-01-16 12:34:53.576374,2026-01-16 12:34:55.458867,0 days 00:00:01.882493,22,1.6,3.7,2.7,109,DONCHIAN,ATR,0.7000000000000001,74,32,19,0.011000000000000001,74,26,18,0.044000000000000004,88,17,20,0.046000000000000006,ATR,5.0,46,3.0,15m,ICHIMOKU,True,False,False,False,True,True,False,0.31,15,3.4000000000000004,DONCHIAN,0.7000000000000001,-1.4831655852945966,-1.4831655852945966,0.39566278838289437,0.39566278838289437,15m,65,65.0,ICHIMOKU,36.92307692307693,36.92307692307693,COMPLETE
98,68.00475982034459,2026-01-16 12:34:53.581896,2026-01-16 12:34:54.525592,0 days 00:00:00.943696,22,1.7,3.7,2.7,110,DONCHIAN,ATR,0.7000000000000001,73,32,19,0.0115,74,26,18,0.044000000000000004,88,17,20,0.048,ATR,5.0,47,3.0,15m,ICHIMOKU,True,False,False,False,True,True,False,0.31,60,3.4000000000000004,DONCHIAN,0.7000000000000001,-1.012579870851048,-1.012579870851048,2.042305858553737,2.042305858553737,15m,57,57.0,ICHIMOKU,42.10526315789473,42.10526315789473,COMPLETE
99,65.97464957416742,2026-01-16 12:34:53.670860,2026-01-16 12:34:55.421294,0 days 00:00:01.750434,22,1.7,3.8000000000000003,2.5,109,DONCHIAN,ATR,0.7000000000000001,72,30,19,0.013000000000000001,74,26,18,0.044000000000000004,88,17,20,0.046000000000000006,ATR,5.0,47,3.0,15m,ICHIMOKU,True,False,False,False,True,True,False,0.31,60,3.4000000000000004,DONCHIAN,0.7000000000000001,-1.1143053922997361,-1.1143053922997361,1.8409183506471336,1.8409183506471336,15m,58,58.0,ICHIMOKU,41.37931034482759,41.37931034482759,COMPLETE
100,55.29520710706038,2026-01-16 12:34:53.682084,2026-01-16 12:34:55.554927,0 days 00:00:01.872843,22,1.7,3.8000000000000003,2.5,109,DONCHIAN,ATR,0.4,74,30,19,0.006500000000000001,74,26,18,0.044000000000000004,88,17,20,0.046000000000000006,ATR,5.0,47,3.0,15m,ICHIMOKU,True,False,False,False,True,True,False,0.31,60,3.4000000000000004,DONCHIAN,0.4,-0.3188812250135186,-0.3188812250135186,0.5348438444598811,0.5348438444598811,15m,58,58.0,ICHIMOKU,41.37931034482759,41.37931034482759,COMPLETE
101,51.08803140782584,2026-01-16 12:34:54.539714,2026-01-16 12:34:57.381139,0 days 00:00:02.841425,22,1.6,3.7,1.5,107,DONCHIAN,ATR,0.4,71,30,19,0.013000000000000001,73,26,18,0.044000000000000004,88,18,20,0.048,ATR,5.0,47,3.0,15m,ICHIMOKU,True,False,False,False,True,True,False,0.31,60,3.4000000000000004,DONCHIAN,0.4,-1.1471402869578768,-1.1471402869578768,0.12601906527940884,0.12601906527940884,15m,66,66.0,ICHIMOKU,36.36363636363637,36.36363636363637,COMPLETE
102,66.35946693208462,2026-01-16 12:34:54.767139,2026-01-16 12:34:57.601880,0 days 00:00:02.834741,22,1.7,3.7,1.5,104,DONCHIAN,ATR,0.7000000000000001,71,30,18,0.013000000000000001,73,28,18,0.044000000000000004,88,17,20,0.048,ATR,5.0,46,3.0,15m,ICHIMOKU,True,False,False,False,True,True,False,0.31,60,3.4000000000000004,DONCHIAN,0.7000000000000001,-1.144352703613252,-1.144352703613252,1.8939930823169533,1.8939930823169533,15m,59,59.0,ICHIMOKU,40.67796610169492,40.67796610169492,COMPLETE
103,-1988.31098185359,2026-01-16 12:34:55.451785,2026-01-16 12:34:56.335579,0 days 00:00:00.883794,22,1.7,4.0,1.5,88,DONCHIAN,ATR,0.7000000000000001,71,30,18,0.018500000000000003,73,28,18,0.044000000000000004,88,17,20,0.046000000000000006,ATR,5.0,45,3.0,15m,ICHIMOKU,True,False,True,False,True,True,False,0.36,15,3.4000000000000004,DONCHIAN,0.7000000000000001,-1.916497479869992,-1.916497479869992,1.5123403115037828,1.5123403115037828,15m,19,19.0,ICHIMOKU,47.368421052631575,47.368421052631575,COMPLETE
104,-1963.1592318840926,2026-01-16 12:34:55.497869,2026-01-16 12:34:56.962448,0 days 00:00:01.464579,21,1.7,4.0,2.5,105,DONCHIAN,ATR,0.7000000000000001,70,30,18,0.018000000000000002,73,26,18,0.044000000000000004,86,17,20,0.048,ATR,5.0,45,3.0,15m,ICHIMOKU,True,False,True,False,True,True,False,0.31,60,3.4000000000000004,DONCHIAN,0.7000000000000001,-1.2547098300537665,-1.2547098300537665,4.337281892724556,4.337281892724556,15m,28,28.0,ICHIMOKU,50.0,50.0,COMPLETE
105,-2306.0866666594566,2026-01-16 12:34:55.577305,2026-01-16 12:34:57.760073,0 days 00:00:02.182768,22,1.7,4.0,2.5,104,DONCHIAN,ATR,0.4,69,30,18,0.014,73,28,18,0.043000000000000003,86,17,20,0.048,ATR,5.0,48,3.0,15m,ICHIMOKU,True,False,True,True,True,True,False,0.31,15,3.4000000000000004,DONCHIAN,0.4,-0.970495308675128,-0.970495308675128,-0.6858591088000685,-0.6858591088000685,15m,12,12.0,ICHIMOKU,25.0,25.0,COMPLETE
106,-256.28660337921883,2026-01-16 12:34:56.315574,2026-01-16 12:34:58.833358,0 days 00:00:02.517784,22,1.5,3.9000000000000004,2.5,106,DONCHIAN,ATR,0.4,71,33,18,0.012,73,26,18,0.041,86,17,20,0.048,ATR,5.0,48,3.5,15m,ICHIMOKU,True,False,False,False,True,True,False,0.31,10,3.4000000000000004,DONCHIAN,0.4,-1.5993650965603483,-1.5993650965603483,-0.7783834524558857,-0.7783834524558857,15m,65,65.0,ICHIMOKU,33.84615384615385,33.84615384615385,COMPLETE
107,54.66193823367939,2026-01-16 12:34:56.476547,2026-01-16 12:34:58.827828,0 days 00:00:02.351281,22,1.7,3.9000000000000004,2.5,105,DONCHIAN,ATR,0.4,70,33,18,0.012,73,26,18,0.041,86,17,20,0.048,ATR,5.0,48,3.5,15m,ICHIMOKU,True,False,False,False,True,True,False,0.31,10,3.4000000000000004,DONCHIAN,0.4,-0.7038893877219565,-0.7038893877219565,0.5031258579288144,0.5031258579288144,15m,53,53.0,ICHIMOKU,45.28301886792453,45.28301886792453,COMPLETE
108,-258.9857896247122,2026-01-16 12:34:57.429854,2026-01-16 12:34:59.033651,0 days 00:00:01.603797,22,1.5,3.9000000000000004,1.7,100,DONCHIAN,ATR,0.4,49,33,18,0.013000000000000001,73,27,18,0.043000000000000003,87,17,20,0.048,ATR,4.9,47,3.5,15m,ICHIMOKU,True,False,False,False,True,True,False,0.31,25,3.4000000000000004,DONCHIAN,0.4,-2.0618463540722884,-2.0618463540722884,-1.1854132515121134,-1.1854132515121134,15m,69,69.0,ICHIMOKU,31.88405797101449,31.88405797101449,COMPLETE
109,-257.92664008719294,2026-01-16 12:34:57.442574,2026-01-16 12:35:01.755367,0 days 00:00:04.312793,22,1.5,3.9000000000000004,1.5,106,DONCHIAN,ATR,0.5,47,33,18,0.013000000000000001,73,27,18,0.041,87,17,20,0.048,ATR,4.9,48,3.5,15m,ICHIMOKU,True,False,False,False,True,True,False,0.31,10,3.4000000000000004,DONCHIAN,0.5,-2.163052910781959,-2.163052910781959,-1.0596738485335488,-1.0596738485335488,15m,65,65.0,ICHIMOKU,33.84615384615385,33.84615384615385,COMPLETE
110,-259.00554346805893,2026-01-16 12:34:57.625290,2026-01-16 12:34:59.824725,0 days 00:00:02.199435,22,1.5,3.9000000000000004,1.7,99,DONCHIAN,ATR,0.4,49,33,18,0.013500000000000002,73,27,17,0.041,87,17,20,0.049,ATR,4.9,48,3.5,15m,ICHIMOKU,True,False,False,False,True,True,False,0.31,55,3.4000000000000004,DONCHIAN,0.4,-2.1043218375928574,-2.1043218375928574,-1.1946908961626352,-1.1946908961626352,15m,69,69.0,ICHIMOKU,33.33333333333333,33.33333333333333,COMPLETE
111,-260.4325363007074,2026-01-16 12:34:57.823757,2026-01-16 12:34:59.577680,0 days 00:00:01.753923,23,1.5,3.9000000000000004,1.7,99,DONCHIAN,ATR,0.5,43,33,19,0.012,73,27,17,0.041,87,17,20,0.049,ATR,4.9,48,3.5,15m,ICHIMOKU,True,False,False,False,True,True,False,0.31,60,3.4000000000000004,DONCHIAN,0.5,-2.461404215914641,-2.461404215914641,-1.4487316800807835,-1.4487316800807835,15m,66,66.0,ICHIMOKU,31.818181818181817,31.818181818181817,COMPLETE
112,-309.62514374558396,2026-01-16 12:34:58.884633,2026-01-16 12:34:59.778991,0 days 00:00:00.894358,21,1.5,3.9000000000000004,1.5,97,DONCHIAN,ATR,0.1,42,33,17,0.0125,73,27,17,0.039,87,18,20,0.049,ATR,5.0,47,3.5,1d,ICHIMOKU,True,False,False,False,True,True,False,0.32999999999999996,10,3.4000000000000004,DONCHIAN,0.1,-1.0798712221837719,-1.0798712221837719,-1.1033126981383305,-1.1033126981383305,1d,39,39.0,ICHIMOKU,10.256410256410255,10.256410256410255,COMPLETE
113,-325.0584667991552,2026-01-16 12:34:59.008719,2026-01-16 12:34:59.249952,0 days 00:00:00.241233,21,1.5,3.9000000000000004,1.7,98,DONCHIAN,ATR,0.4,63,33,17,0.012,73,27,17,0.041,87,18,20,0.049,ATR,5.0,47,3.5,1d,ICHIMOKU,True,False,False,False,True,True,False,0.32999999999999996,10,3.4000000000000004,DONCHIAN,0.4,-4.085451076450455,-4.085451076450455,-4.174112531194103,-4.174112531194103,1d,39,39.0,ICHIMOKU,10.256410256410255,10.256410256410255,COMPLETE
114,-253.64028567221794,2026-01-16 12:34:59.053757,2026-01-16 12:35:02.698367,0 days 00:00:03.644610,21,1.5,3.9000000000000004,1.6,97,DONCHIAN,ATR,0.1,60,34,17,0.0165,72,27,17,0.041,87,18,20,0.049,ATR,5.0,50,3.5,15m,ICHIMOKU,True,False,False,False,True,True,False,0.32999999999999996,10,3.4000000000000004,DONCHIAN,0.1,-0.6538014165055548,-0.6538014165055548,-0.38960173726140057,-0.38960173726140057,15m,67,67.0,ICHIMOKU,34.32835820895522,34.32835820895522,COMPLETE
115,-498.73129623407294,2026-01-16 12:34:59.290549,2026-01-16 12:35:01.863023,0 days 00:00:02.572474,23,1.8,3.6,1.6,114,DONCHIAN,ATR,0.1,39,35,18,0.013500000000000002,72,28,17,0.037,87,16,20,0.049,ATR,1.0,50,3.5,15m,ICHIMOKU,True,False,False,False,True,True,False,0.31,10,3.6,DONCHIAN,0.1,-0.3055306964693348,-0.3055306964693348,0.12784032767005266,0.12784032767005266,15m,47,47.0,ICHIMOKU,48.93617021276596,48.93617021276596,COMPLETE
116,50.069786851713616,2026-01-16 12:34:59.757985,2026-01-16 12:35:02.767087,0 days 00:00:03.009102,23,1.6,3.6,1.6,115,DONCHIAN,ATR,0.30000000000000004,65,34,18,0.015000000000000001,72,28,16,0.037,86,16,20,0.045000000000000005,ATR,4.6,50,3.0,15m,ICHIMOKU,True,False,False,False,True,True,False,0.31,20,3.6,DONCHIAN,0.30000000000000004,-0.9036632422297346,-0.9036632422297346,0.0077806198319769464,0.0077806198319769464,15m,62,62.0,ICHIMOKU,35.483870967741936,35.483870967741936,COMPLETE
117,54.982938146241395,2026-01-16 12:34:59.875177,2026-01-16 12:35:03.803233,0 days 00:00:03.928056,23,1.8,3.6,2.4,103,DONCHIAN,ATR,0.30000000000000004,65,34,18,0.0155,72,28,16,0.038,86,16,20,0.045000000000000005,ATR,4.5,50,3.0,15m,ICHIMOKU,True,False,False,False,True,True,False,0.31,20,3.6,DONCHIAN,0.30000000000000004,-0.6922037839115922,-0.6922037839115922,0.5367264255180024,0.5367264255180024,15m,56,56.0,ICHIMOKU,41.07142857142857,41.07142857142857,COMPLETE
118,57.91100497622665,2026-01-16 12:34:59.941016,2026-01-16 12:35:04.131656,0 days 00:00:04.190640,23,1.8,3.6,1.5,103,DONCHIAN,ATR,0.5,93,34,18,0.0165,72,28,16,0.038,86,16,20,0.045000000000000005,ATR,4.5,50,3.0,15m,ICHIMOKU,True,False,False,False,True,True,False,0.31,20,3.6,DONCHIAN,0.5,-1.231447574414698,-1.231447574414698,0.9281058273400413,0.9281058273400413,15m,56,56.0,ICHIMOKU,41.07142857142857,41.07142857142857,COMPLETE
119,49.30632542326657,2026-01-16 12:35:01.860020,2026-01-16 12:35:05.797912,0 days 00:00:03.937892,21,1.6,3.8000000000000003,1.5,102,DONCHIAN,ATR,0.30000000000000004,65,34,19,0.016,72,26,16,0.042,86,16,19,0.045000000000000005,ATR,4.6,50,3.0,15m,ICHIMOKU,True,False,False,False,True,True,False,0.32999999999999996,10,3.6,DONCHIAN,0.30000000000000004,-1.1480145235348298,-1.1480145235348298,-0.08035423726952867,-0.08035423726952867,15m,66,66.0,ICHIMOKU,36.36363636363637,36.36363636363637,COMPLETE
120,49.458200109448626,2026-01-16 12:35:01.918117,2026-01-16 12:35:05.169682,0 days 00:00:03.251565,20,1.6,3.8000000000000003,1.5,103,DONCHIAN,ATR,0.30000000000000004,29,34,19,0.0155,72,26,16,0.039,86,16,19,0.045000000000000005,ATR,4.6,50,3.0,15m,ICHIMOKU,True,False,False,False,True,True,False,0.32999999999999996,10,3.6,DONCHIAN,0.30000000000000004,-1.134315014946973,-1.134315014946973,-0.06262953132996335,-0.06262953132996335,15m,66,66.0,ICHIMOKU,36.36363636363637,36.36363636363637,COMPLETE
121,49.38604142984332,2026-01-16 12:35:02.815877,2026-01-16 12:35:06.092450,0 days 00:00:03.276573,20,1.6,3.6,1.6,116,DONCHIAN,ATR,0.2,65,34,19,0.018000000000000002,72,28,16,0.038,85,16,19,0.045000000000000005,ATR,4.6,50,3.0,15m,EMA,True,False,False,False,True,True,False,0.32999999999999996,15,3.6,DONCHIAN,0.2,-0.9546367611479735,-0.9546367611479735,-0.06900878306856612,-0.06900878306856612,15m,62,62.0,EMA,38.70967741935484,38.70967741935484,COMPLETE
122,26.403893975488245,2026-01-16 12:35:03.028866,2026-01-16 12:35:06.098577,0 days 00:00:03.069711,20,1.6,3.6,1.6,89,DONCHIAN,ATR,0.2,58,34,19,0.015000000000000001,72,28,17,0.039,86,16,19,0.045000000000000005,FIXED,4.5,50,3.0,2h,ICHIMOKU,True,False,False,False,True,True,False,0.38,20,3.6,DONCHIAN,0.2,-5.6955037242958975,-5.6955037242958975,-4.559755931778741,-4.559755931778741,2h,60,60.0,ICHIMOKU,35.0,35.0,COMPLETE
123,-2322.296359665074,2026-01-16 12:35:04.033325,2026-01-16 12:35:06.536134,0 days 00:00:02.502809,20,1.7,3.6,2.4,89,DONCHIAN,ATR,0.30000000000000004,78,34,19,0.0165,72,28,15,0.035,85,16,16,0.045000000000000005,FIXED,4.6,49,3.0,2h,EMA,True,False,False,True,True,True,False,0.32999999999999996,20,3.6,DONCHIAN,0.30000000000000004,-5.757638132069581,-5.757638132069581,-4.331189667539275,-4.331189667539275,2h,17,17.0,EMA,17.647058823529413,17.647058823529413,COMPLETE
124,-1980.5991443444796,2026-01-16 12:35:04.494905,2026-01-16 12:35:08.465999,0 days 00:00:03.971094,23,1.8,3.6,1.5,115,DONCHIAN,ATR,0.30000000000000004,93,34,19,0.0175,72,28,15,0.035,85,16,19,0.045000000000000005,FIXED,4.6,49,3.0,2h,ICHIMOKU,True,False,False,True,True,True,False,0.3,20,3.8000000000000003,DONCHIAN,0.30000000000000004,-1.891756795448379,-1.891756795448379,2.50170794848674,2.50170794848674,2h,9,9.0,ICHIMOKU,44.44444444444444,44.44444444444444,COMPLETE
125,-1990.901826257833,2026-01-16 12:35:05.334560,2026-01-16 12:35:08.083453,0 days 00:00:02.748893,23,1.8,3.6,1.6,90,DONCHIAN,ATR,0.30000000000000004,94,34,19,0.017,72,28,16,0.035,85,15,19,0.046000000000000006,FIXED,4.5,49,3.0,2h,ICHIMOKU,True,False,False,True,True,True,False,0.3,20,3.8000000000000003,DONCHIAN,0.30000000000000004,-1.7983442889914794,-1.7983442889914794,1.1583048016726272,1.1583048016726272,2h,11,11.0,ICHIMOKU,36.36363636363637,36.36363636363637,COMPLETE
126,-278.29317048354005,2026-01-16 12:35:05.975443,2026-01-16 12:35:06.959756,0 days 00:00:00.984313,20,1.8,3.6,1.6,115,DONCHIAN,ATR,0.30000000000000004,10,34,19,0.015000000000000001,72,28,15,0.038,85,15,19,0.046000000000000006,FIXED,4.6,49,3.0,2h,ICHIMOKU,True,False,False,False,True,True,False,0.3,20,3.8000000000000003,DONCHIAN,0.30000000000000004,-7.799593528793365,-7.799593528793365,-6.4209643049419505,-6.4209643049419505,2h,66,66.0,ICHIMOKU,28.78787878787879,28.78787878787879,COMPLETE
127,-1995.5390767899012,2026-01-16 12:35:06.158551,2026-01-16 12:35:09.101790,0 days 00:00:02.943239,23,1.8,3.7,1.5,112,DONCHIAN,ATR,0.30000000000000004,93,35,18,0.015000000000000001,74,28,15,0.036000000000000004,85,15,20,0.047,ATR,4.5,49,3.0,15m,ICHIMOKU,True,False,False,True,True,True,False,0.3,20,3.8000000000000003,DONCHIAN,0.30000000000000004,-0.6109252324909736,-0.6109252324909736,0.47400222173315704,0.47400222173315704,15m,12,12.0,ICHIMOKU,41.66666666666667,41.66666666666667,COMPLETE
128,-2309.361442774435,2026-01-16 12:35:06.138193,2026-01-16 12:35:08.210203,0 days 00:00:02.072010,23,1.8,3.7,1.5,107,DONCHIAN,ATR,0.30000000000000004,77,35,18,0.017,74,28,15,0.039,85,15,20,0.047,ATR,4.5,49,8.5,15m,ICHIMOKU,True,False,False,True,True,True,False,0.3,20,3.8000000000000003,DONCHIAN,0.30000000000000004,-1.425740388194879,-1.425740388194879,-1.130444584327936,-1.130444584327936,15m,12,12.0,ICHIMOKU,33.33333333333333,33.33333333333333,COMPLETE
129,54.34527020837595,2026-01-16 12:35:06.579827,2026-01-16 12:35:09.046415,0 days 00:00:02.466588,23,1.8,3.7,1.5,108,DONCHIAN,ATR,0.6,16,35,18,0.0195,74,28,15,0.036000000000000004,83,15,20,0.047,ATR,4.5,46,3.0,15m,ICHIMOKU,True,False,False,False,True,True,False,0.3,15,3.8000000000000003,DONCHIAN,0.6,-2.2350128020600555,-2.2350128020600555,0.5863399418628192,0.5863399418628192,15m,57,57.0,ICHIMOKU,40.35087719298245,40.35087719298245,COMPLETE
130,59.593773108606,2026-01-16 12:35:07.001515,2026-01-16 12:35:09.992208,0 days 00:00:02.990693,23,1.8,3.7,1.5,112,DONCHIAN,ATR,0.6,94,35,18,0.017,74,26,16,0.037,86,15,20,0.047,ATR,4.800000000000001,47,3.0,15m,ICHIMOKU,True,False,False,False,True,True,False,0.31,15,4.0,DONCHIAN,0.6,-1.6608880123769685,-1.6608880123769685,1.1982470703818253,1.1982470703818253,15m,55,55.0,ICHIMOKU,41.81818181818181,41.81818181818181,COMPLETE
131,54.753261693389504,2026-01-16 12:35:08.304920,2026-01-16 12:35:12.800238,0 days 00:00:04.495318,24,1.7,3.8000000000000003,1.5,112,DONCHIAN,ATR,0.6,55,30,17,0.02,74,26,14,0.037,86,16,20,0.047,ATR,4.800000000000001,46,3.0,15m,ICHIMOKU,True,False,False,False,True,True,False,0.31,15,3.6,DONCHIAN,0.6,-1.6860009484441447,-1.6860009484441447,0.5957728644372895,0.5957728644372895,15m,56,56.0,ICHIMOKU,39.285714285714285,39.285714285714285,COMPLETE
132,54.1540645242203,2026-01-16 12:35:08.456451,2026-01-16 12:35:12.465404,0 days 00:00:04.008953,24,1.7,3.4000000000000004,1.5,112,DONCHIAN,ATR,0.6,26,30,17,0.0145,74,26,16,0.037,86,18,20,0.047,ATR,4.800000000000001,46,3.0,15m,ICHIMOKU,True,False,False,False,True,True,False,0.31,15,4.0,DONCHIAN,0.6,-1.3639028602931993,-1.3639028602931993,0.4970871206606855,0.4970871206606855,15m,56,56.0,ICHIMOKU,39.285714285714285,39.285714285714285,COMPLETE
133,54.1540645242203,2026-01-16 12:35:08.701987,2026-01-16 12:35:11.500584,0 days 00:00:02.798597,24,1.7,3.4000000000000004,1.5,112,DONCHIAN,ATR,0.6,81,30,17,0.0145,74,26,16,0.037,86,18,20,0.047,ATR,4.800000000000001,46,3.0,15m,ICHIMOKU,True,False,False,False,True,True,False,0.31,15,3.6,DONCHIAN,0.6,-1.3639028602931993,-1.3639028602931993,0.4970871206606855,0.4970871206606855,15m,56,56.0,ICHIMOKU,39.285714285714285,39.285714285714285,COMPLETE
134,62.06811004104475,2026-01-16 12:35:09.133293,2026-01-16 12:35:13.051693,0 days 00:00:03.918400,24,1.7,3.4000000000000004,2.5,94,DONCHIAN,ATR,0.6,82,29,17,0.0195,74,29,14,0.037,82,14,20,0.047,ATR,4.800000000000001,46,3.0,15m,ICHIMOKU,True,False,False,False,True,True,False,0.31,15,4.0,DONCHIAN,0.6,-1.7451709798865642,-1.7451709798865642,1.5251550001503318,1.5251550001503318,15m,59,59.0,ICHIMOKU,38.983050847457626,38.983050847457626,COMPLETE
135,-508.0891980567767,2026-01-16 12:35:09.156789,2026-01-16 12:35:13.700474,0 days 00:00:04.543685,24,1.7,3.4000000000000004,2.5,118,DONCHIAN,ATR,0.6,82,30,17,0.019,74,29,16,0.032,83,14,20,0.047,ATR,4.800000000000001,46,7.5,15m,ICHIMOKU,True,False,False,False,True,True,False,0.31,15,4.0,DONCHIAN,0.6,-2.380227532215727,-2.380227532215727,-1.111938828668557,-1.111938828668557,15m,45,45.0,ICHIMOKU,44.44444444444444,44.44444444444444,COMPLETE
136,54.92551199095669,2026-01-16 12:35:10.055759,2026-01-16 12:35:13.710489,0 days 00:00:03.654730,24,1.7,3.4000000000000004,2.5,112,DONCHIAN,ATR,0.6,53,35,17,0.019,74,30,16,0.037,83,14,20,0.047,ATR,4.800000000000001,47,3.0,15m,ICHIMOKU,True,False,False,False,True,True,False,0.31,15,4.0,DONCHIAN,0.6,-1.7910894604919465,-1.7910894604919465,0.6264491305089439,0.6264491305089439,15m,56,56.0,ICHIMOKU,39.285714285714285,39.285714285714285,COMPLETE
137,46.24498769392176,2026-01-16 12:35:12.114036,2026-01-16 12:35:15.224486,0 days 00:00:03.110450,24,1.7,3.4000000000000004,2.5,108,DONCHIAN,ATR,0.6,82,29,17,0.0205,74,26,16,0.037,88,14,20,0.047,ATR,4.800000000000001,46,3.5,15m,ICHIMOKU,True,False,False,False,True,True,False,0.31,15,4.0,DONCHIAN,0.6,-2.554420030924203,-2.554420030924203,-0.5274899938700953,-0.5274899938700953,15m,53,53.0,ICHIMOKU,41.509433962264154,41.509433962264154,COMPLETE
138,-515.7209995984231,2026-01-16 12:35:12.787067,2026-01-16 12:35:18.300326,0 days 00:00:05.513259,26,1.9,3.4000000000000004,1.5,111,DONCHIAN,ATR,0.6,21,30,17,0.02,74,27,16,0.037,82,14,20,0.047,ATR,4.800000000000001,45,7.5,15m,ICHIMOKU,True,False,False,False,True,True,False,0.32,15,4.0,DONCHIAN,0.6,-4.071126537793154,-4.071126537793154,-2.6149390986345127,-2.6149390986345127,15m,36,36.0,ICHIMOKU,38.88888888888889,38.88888888888889,COMPLETE
139,-522.2947285703904,2026-01-16 12:35:13.082010,2026-01-16 12:35:16.320664,0 days 00:00:03.238654,26,1.9,3.4000000000000004,2.5,103,DONCHIAN,ATR,0.8,11,29,17,0.023,74,30,14,0.037,83,15,20,0.047,ATR,4.800000000000001,45,7.0,15m,ICHIMOKU,True,False,False,False,True,True,False,0.32,15,4.0,DONCHIAN,0.8,-6.48927438785481,-6.48927438785481,-4.595065406145703,-4.595065406145703,15m,36,36.0,ICHIMOKU,38.88888888888889,38.88888888888889,COMPLETE
140,-505.5352376880737,2026-01-16 12:35:13.534132,2026-01-16 12:35:15.614436,0 days 00:00:02.080304,26,1.9,3.4000000000000004,2.5,95,DONCHIAN,ATR,0.8,17,29,17,0.02,74,29,14,0.037,83,14,20,0.047,ATR,4.800000000000001,45,3.5,15m,ICHIMOKU,True,False,False,False,True,True,False,0.32,15,4.0,DONCHIAN,0.8,-4.135567513520098,-4.135567513520098,-0.9266921637900639,-0.9266921637900639,15m,44,44.0,ICHIMOKU,38.63636363636363,38.63636363636363,COMPLETE
141,-503.2913632528034,2026-01-16 12:35:13.802330,2026-01-16 12:35:17.817858,0 days 00:00:04.015528,26,1.9,3.4000000000000004,2.5,94,DONCHIAN,ATR,0.8,24,29,16,0.0235,74,30,14,0.034,82,14,16,0.05,ATR,4.800000000000001,45,3.5,15m,SUPERTREND,True,False,False,False,True,True,False,0.32,15,4.0,DONCHIAN,0.8,-5.069506151843584,-5.069506151843584,-0.6022086167323171,-0.6022086167323171,15m,35,35.0,SUPERTREND,42.857142857142854,42.857142857142854,COMPLETE
142,-520.1171189280294,2026-01-16 12:35:13.800811,2026-01-16 12:35:17.110420,0 days 00:00:03.309609,26,1.9,3.4000000000000004,2.5,76,DONCHIAN,ATR,0.8,16,29,16,0.021,74,30,14,0.034,82,14,20,0.05,ATR,4.800000000000001,45,7.0,15m,SUPERTREND,True,False,False,False,True,True,False,0.32,15,4.0,DONCHIAN,0.8,-6.470947434995695,-6.470947434995695,-4.14031492647985,-4.14031492647985,15m,33,33.0,SUPERTREND,42.42424242424242,42.42424242424242,COMPLETE
143,-492.36381496181275,2026-01-16 12:35:15.767141,2026-01-16 12:35:20.115626,0 days 00:00:04.348485,25,1.9,3.8000000000000003,2.4,74,DONCHIAN,ATR,0.5,54,35,16,0.024,80,30,14,0.034,82,15,16,0.05,ATR,4.7,42,2.5,15m,SUPERTREND,True,False,False,False,True,True,False,0.32,25,4.0,DONCHIAN,0.5,-2.5262765857044074,-2.5262765857044074,1.0689859722094261,1.0689859722094261,15m,46,46.0,SUPERTREND,41.30434782608695,41.30434782608695,COMPLETE
144,-492.26169353439127,2026-01-16 12:35:15.412200,2026-01-16 12:35:21.765892,0 days 00:00:06.353692,25,1.9,3.8000000000000003,2.4,75,DONCHIAN,ATR,0.5,35,35,16,0.0235,75,29,14,0.034,82,15,21,0.05,ATR,4.7,42,2.5,15m,SUPERTREND,True,False,False,False,True,True,False,0.32,15,4.0,DONCHIAN,0.5,-2.4507426059077773,-2.4507426059077773,1.0731639127398958,1.0731639127398958,15m,46,46.0,SUPERTREND,41.30434782608695,41.30434782608695,COMPLETE
145,-497.9545028474877,2026-01-16 12:35:16.987813,2026-01-16 12:35:18.646320,0 days 00:00:01.658507,25,2.1,3.8000000000000003,2.4,102,DONCHIAN,ATR,0.5,55,35,16,0.024,75,30,15,0.035,82,15,16,0.05,ATR,4.7,44,2.5,15m,ICHIMOKU,True,False,False,False,True,True,False,0.32,15,4.0,DONCHIAN,0.5,-2.5497974436327473,-2.5497974436327473,0.2871802558455267,0.2871802558455267,15m,49,49.0,ICHIMOKU,42.857142857142854,42.857142857142854,COMPLETE
146,52.33489825302058,2026-01-16 12:35:17.430140,2026-01-16 12:35:19.857243,0 days 00:00:02.427103,24,1.8,3.8000000000000003,1.5,111,DONCHIAN,ATR,0.5,30,35,16,0.025500000000000002,75,29,14,0.036000000000000004,81,18,21,0.044000000000000004,ATR,4.7,42,3.0,15m,ICHIMOKU,True,False,False,False,True,True,False,0.3,15,4.0,DONCHIAN,0.5,-2.1675391869863057,-2.1675391869863057,0.31232357956739143,0.31232357956739143,15m,54,54.0,ICHIMOKU,40.74074074074074,40.74074074074074,COMPLETE
147,52.08694552698489,2026-01-16 12:35:17.846917,2026-01-16 12:35:21.000049,0 days 00:00:03.153132,24,1.8,3.8000000000000003,1.5,111,DONCHIAN,ATR,0.5,100,35,16,0.0195,75,29,15,0.036000000000000004,84,18,21,0.044000000000000004,ATR,4.7,42,3.0,15m,ICHIMOKU,True,False,False,False,True,True,False,0.3,25,4.0,DONCHIAN,0.5,-1.6560131813744994,-1.6560131813744994,0.26047733310275945,0.26047733310275945,15m,54,54.0,ICHIMOKU,40.74074074074074,40.74074074074074,COMPLETE
148,-493.52178044306766,2026-01-16 12:35:18.605088,2026-01-16 12:35:22.163627,0 days 00:00:03.558539,24,2.1,3.8000000000000003,1.5,118,DONCHIAN,ATR,0.5,55,35,16,0.014,75,31,13,0.036000000000000004,84,15,21,0.046000000000000006,ATR,4.7,42,3.0,15m,ICHIMOKU,True,False,False,False,True,True,False,0.3,25,3.8000000000000003,DONCHIAN,0.5,-1.1574886023966213,-1.1574886023966213,0.7515167061842629,0.7515167061842629,15m,43,43.0,ICHIMOKU,44.18604651162791,44.18604651162791,COMPLETE
149,-499.3228605260301,2026-01-16 12:35:18.689984,2026-01-16 12:35:22.315922,0 days 00:00:03.625938,24,4.0,2.9000000000000004,1.5,85,DONCHIAN,ATR,0.5,100,35,18,0.019,75,31,13,0.038,81,18,21,0.046000000000000006,ATR,4.7,42,3.0,15m,ICHIMOKU,True,False,False,False,True,True,False,0.3,15,3.8000000000000003,DONCHIAN,0.5,-5.185759254236279,-5.185759254236279,0.12519185256027848,0.12519185256027848,15m,45,45.0,ICHIMOKU,48.888888888888886,48.888888888888886,COMPLETE
150,60.74910397209351,2026-01-16 12:35:20.092840,2026-01-16 12:35:28.792282,0 days 00:00:08.699442,24,1.7,3.7,1.5,117,DONCHIAN,ATR,0.6,89,30,18,0.018500000000000003,73,34,13,0.038,81,18,19,0.046000000000000006,ATR,4.9,47,3.0,3m,ICHIMOKU,True,False,False,False,True,True,False,0.3,15,3.8000000000000003,DONCHIAN,0.6,-1.6568712409994937,-1.6568712409994937,1.3417869897318888,1.3417869897318888,3m,56,56.0,ICHIMOKU,41.07142857142857,41.07142857142857,COMPLETE
151,54.517202629416715,2026-01-16 12:35:20.441397,2026-01-16 12:35:28.821280,0 days 00:00:08.379883,24,1.7,3.7,1.5,118,DONCHIAN,ATR,0.6,87,30,18,0.019,73,31,13,0.038,84,18,21,0.046000000000000006,ATR,4.9,47,3.0,15m,ICHIMOKU,True,False,False,False,True,True,False,0.3,15,3.8000000000000003,DONCHIAN,0.6,-1.5630556028973013,-1.5630556028973013,0.5564152014727005,0.5564152014727005,15m,53,53.0,ICHIMOKU,39.62264150943396,39.62264150943396,COMPLETE
152,54.80740171613161,2026-01-16 12:35:21.287902,2026-01-16 12:35:24.587939,0 days 00:00:03.300037,24,1.7,3.7,1.6,118,DONCHIAN,ATR,0.7000000000000001,88,30,17,0.018000000000000002,73,31,13,0.038,81,17,19,0.046000000000000006,ATR,4.9,47,3.0,15m,DEMA,True,False,False,False,True,True,False,0.31,15,3.8000000000000003,DONCHIAN,0.7000000000000001,-1.7270854165103549,-1.7270854165103549,0.6060280171558028,0.6060280171558028,15m,53,53.0,DEMA,39.62264150943396,39.62264150943396,COMPLETE
153,55.321498127079394,2026-01-16 12:35:21.906945,2026-01-16 12:35:23.470798,0 days 00:00:01.563853,24,1.7,3.7,2.6,118,DONCHIAN,ATR,0.7000000000000001,89,30,18,0.021500000000000002,73,31,16,0.038,86,17,19,0.046000000000000006,ATR,4.9,47,3.0,15m,DEMA,True,False,False,False,True,True,False,0.3,15,3.8000000000000003,DONCHIAN,0.7000000000000001,-2.061676441250875,-2.061676441250875,0.7020009251728421,0.7020009251728421,15m,53,53.0,DEMA,39.62264150943396,39.62264150943396,COMPLETE
154,62.489603541259385,2026-01-16 12:35:22.266911,2026-01-16 12:35:27.970915,0 days 00:00:05.704004,24,1.7,2.8,2.6,106,DONCHIAN,ATR,0.7000000000000001,76,30,18,0.019,73,27,16,0.038,79,17,19,0.048,ATR,4.2,47,3.5,3m,DEMA,True,False,False,False,True,True,False,0.31,15,3.8000000000000003,DONCHIAN,0.7000000000000001,-3.1114747970119936,-3.1114747970119936,1.8741600656140247,1.8741600656140247,3m,55,55.0,DEMA,43.63636363636363,43.63636363636363,COMPLETE
155,59.294540231768224,2026-01-16 12:35:22.340688,2026-01-16 12:35:28.690311,0 days 00:00:06.349623,23,1.7,2.5,2.6,106,DONCHIAN,ATR,0.6,85,30,17,0.0175,73,27,16,0.04,86,17,19,0.048,ATR,4.9,47,3.5,15m,DEMA,True,False,False,False,True,True,False,0.31,20,3.8000000000000003,DONCHIAN,0.6,-2.2752986203067262,-2.2752986203067262,1.260692006347398,1.260692006347398,15m,52,52.0,DEMA,44.230769230769226,44.230769230769226,COMPLETE
156,76.44760294903153,2026-01-16 12:35:24.511440,2026-01-16 12:35:40.919322,0 days 00:00:16.407882,23,1.7,3.7,2.6,105,DONCHIAN,ATR,0.6,90,30,18,0.022000000000000002,73,32,16,0.04,86,17,20,0.048,ATR,4.9,47,3.5,3m,DEMA,True,False,False,False,True,True,False,0.31,15,3.8000000000000003,DONCHIAN,0.6,-1.9032563755906844,-1.9032563755906844,3.4156973298464433,3.4156973298464433,3m,56,56.0,DEMA,44.642857142857146,44.642857142857146,COMPLETE
157,79.01527893324601,2026-01-16 12:35:25.022824,2026-01-16 12:35:41.953926,0 days 00:00:16.931102,23,1.7,3.7,2.6,105,DONCHIAN,ATR,0.7000000000000001,88,31,17,0.021500000000000002,73,33,16,0.04,80,17,19,0.048,ATR,4.9,47,3.5,3m,DEMA,True,False,False,False,True,True,False,0.31,20,3.8000000000000003,DONCHIAN,0.7000000000000001,-2.169283178500329,-2.169283178500329,3.8820592058852896,3.8820592058852896,3m,56,56.0,DEMA,44.642857142857146,44.642857142857146,COMPLETE
158,-494.7376927749201,2026-01-16 12:35:28.778715,2026-01-16 12:35:40.322716,0 days 00:00:11.544001,25,1.7,3.7,2.6,118,DONCHIAN,ATR,0.7000000000000001,88,28,17,0.0175,73,32,13,0.04,77,17,19,0.049,ATR,4.9,47,3.5,3m,DEMA,True,False,False,False,True,True,False,0.32999999999999996,20,3.8000000000000003,DONCHIAN,0.7000000000000001,-2.3798339252907508,-2.3798339252907508,0.7233193042925559,0.7233193042925559,3m,47,47.0,DEMA,42.5531914893617,42.5531914893617,COMPLETE
159,-2003.7905418471496,2026-01-16 12:35:28.807119,2026-01-16 12:35:35.528589,0 days 00:00:06.721470,23,2.0,3.7,2.6,106,DONCHIAN,ATR,0.7000000000000001,90,31,17,0.022000000000000002,73,32,13,0.04,78,17,19,0.044000000000000004,ATR,4.2,47,3.5,3m,DEMA,True,False,False,False,True,True,True,0.32999999999999996,20,3.8000000000000003,DONCHIAN,0.7000000000000001,-0.6050912862547455,-0.6050912862547455,-0.40237327232739184,-0.40237327232739184,3m,2,2.0,DEMA,50.0,50.0,COMPLETE
160,-2004.854814596686,2026-01-16 12:35:28.884347,2026-01-16 12:35:41.742693,0 days 00:00:12.858346,23,2.0,2.8,2.6,104,DONCHIAN,ATR,0.7000000000000001,89,28,17,0.022000000000000002,73,34,13,0.04,78,17,19,0.044000000000000004,ATR,4.1,47,3.5,3m,DEMA,True,False,False,False,True,True,True,0.32999999999999996,20,3.8000000000000003,DONCHIAN,0.7000000000000001,-0.7995747975160891,-0.7995747975160891,-0.5322490271901362,-0.5322490271901362,3m,2,2.0,DEMA,50.0,50.0,COMPLETE
161,-2005.2512694089269,2026-01-16 12:35:28.893556,2026-01-16 12:35:44.207790,0 days 00:00:15.314234,23,2.0,2.5,2.6,117,DONCHIAN,ATR,0.7000000000000001,91,28,17,0.021500000000000002,73,32,13,0.04,78,17,19,0.044000000000000004,ATR,4.2,47,3.5,3m,DEMA,True,False,False,False,True,True,True,0.32999999999999996,20,3.8000000000000003,DONCHIAN,0.7000000000000001,-0.8751666603661726,-0.8751666603661726,-0.582801121907914,-0.582801121907914,3m,2,2.0,DEMA,50.0,50.0,COMPLETE
162,-1995.0327570669288,2026-01-16 12:35:37.729130,2026-01-16 12:35:51.853430,0 days 00:00:14.124300,25,1.7,2.4000000000000004,2.6,117,DONCHIAN,ATR,0.7000000000000001,105,28,17,0.018000000000000002,73,34,16,0.039,80,17,19,0.049,ATR,4.9,48,3.5,3m,DEMA,True,False,True,False,True,True,False,0.31,20,3.8000000000000003,DONCHIAN,0.7000000000000001,-3.180438196818501,-3.180438196818501,0.7512305274386775,0.7512305274386775,3m,19,19.0,DEMA,47.368421052631575,47.368421052631575,COMPLETE
163,-2300.0,2026-01-16 12:35:41.136083,2026-01-16 12:35:50.936047,0 days 00:00:09.799964,23,2.0,2.4000000000000004,2.6,101,DONCHIAN,ATR,0.7000000000000001,104,28,18,0.021500000000000002,73,33,16,0.039,80,17,19,0.048,ATR,3.7,48,4.0,3m,DEMA,True,False,True,False,True,True,False,0.6,20,3.8000000000000003,DONCHIAN,0.7000000000000001,0.0,0.0,0.0,0.0,3m,0,0.0,DEMA,0.0,0.0,COMPLETE
164,-1913.8970832163814,2026-01-16 12:35:41.698006,2026-01-16 12:35:51.545380,0 days 00:00:09.847374,23,1.8,2.8,2.6,101,DONCHIAN,ATR,0.7000000000000001,76,28,18,0.021500000000000002,73,33,16,0.039,80,17,19,0.048,ATR,5.0,48,4.0,3m,DEMA,True,False,True,False,True,True,False,0.31,20,3.8000000000000003,DONCHIAN,0.7000000000000001,-1.7251858510524674,-1.7251858510524674,4.549981772320717,4.549981772320717,3m,23,23.0,DEMA,56.52173913043478,56.52173913043478,COMPLETE
165,-1975.0157833676399,2026-01-16 12:35:41.839283,2026-01-16 12:35:52.738330,0 days 00:00:10.899047,23,1.8,2.5,2.6,101,DONCHIAN,ATR,0.7000000000000001,76,31,18,0.021,73,33,16,0.038,80,17,19,0.048,ATR,5.0,48,2.5,3m,DEMA,True,False,True,False,True,True,False,0.31,20,3.8000000000000003,DONCHIAN,0.7000000000000001,-2.290162236701529,-2.290162236701529,3.395259897267539,3.395259897267539,3m,28,28.0,DEMA,46.42857142857143,46.42857142857143,COMPLETE
166,-464.91017208808444,2026-01-16 12:35:42.020001,2026-01-16 12:35:49.672845,0 days 00:00:07.652844,23,1.8,3.6,2.6,102,DONCHIAN,ATR,0.7000000000000001,96,31,18,0.021,73,33,16,0.039,79,17,19,0.048,ATR,5.0,48,4.0,3m,DEMA,True,False,False,False,True,True,False,0.31,20,3.8000000000000003,DONCHIAN,0.7000000000000001,-1.923964248597364,-1.923964248597364,4.544551180063968,4.544551180063968,3m,45,45.0,DEMA,48.888888888888886,48.888888888888886,COMPLETE
167,-459.4368997103966,2026-01-16 12:35:45.349052,2026-01-16 12:35:56.837351,0 days 00:00:11.488299,23,1.8,3.5,2.6,101,DONCHIAN,ATR,1.0,75,31,18,0.0175,73,33,16,0.039,80,17,19,0.048,ATR,5.0,48,4.0,3m,DEMA,True,False,False,False,True,True,False,0.31,20,3.8000000000000003,DONCHIAN,1.0,-2.3512762060305854,-2.3512762060305854,5.55541702977987,5.55541702977987,3m,45,45.0,DEMA,48.888888888888886,48.888888888888886,COMPLETE
168,88.67298638061857,2026-01-16 12:35:51.526566,2026-01-16 12:36:04.995796,0 days 00:00:13.469230,22,1.6,3.5,2.6,108,DONCHIAN,ATR,1.0,86,31,18,0.018000000000000002,73,34,16,0.042,81,16,19,0.049,ATR,4.9,44,3.5,3m,DEMA,True,False,False,False,True,True,False,0.3,15,3.8000000000000003,DONCHIAN,1.0,-2.3527984508288466,-2.3527984508288466,5.297573578924104,5.297573578924104,3m,62,62.0,DEMA,40.32258064516129,40.32258064516129,COMPLETE
169,83.65278255285375,2026-01-16 12:35:51.558750,2026-01-16 12:36:01.363227,0 days 00:00:09.804477,22,1.6,3.5,2.6,107,DONCHIAN,ATR,0.8,85,31,18,0.018000000000000002,73,34,16,0.042,79,16,19,0.049,ATR,4.9,44,3.5,3m,DEMA,True,False,False,False,True,True,False,0.3,15,3.8000000000000003,DONCHIAN,0.8,-1.8872285767009385,-1.8872285767009385,4.336802605321514,4.336802605321514,3m,61,61.0,DEMA,40.98360655737705,40.98360655737705,COMPLETE
170,85.28398736635336,2026-01-16 12:35:52.470892,2026-01-16 12:36:00.694547,0 days 00:00:08.223655,22,1.6,3.6,2.5,108,DONCHIAN,ATR,1.0,85,31,18,0.016,71,35,16,0.042,79,16,19,0.046000000000000006,ATR,4.9,44,2.5,3m,DEMA,True,False,False,False,True,True,False,0.3,15,3.6,DONCHIAN,1.0,-2.1717139849626785,-2.1717139849626785,4.722265908260597,4.722265908260597,3m,71,71.0,DEMA,39.436619718309856,39.436619718309856,COMPLETE
171,85.98904735426822,2026-01-16 12:35:52.553465,2026-01-16 12:36:04.279485,0 days 00:00:11.726020,22,1.6,3.5,2.5,108,DONCHIAN,ATR,1.0,75,31,18,0.016,71,33,16,0.042,79,16,19,0.046000000000000006,ATR,4.9,44,2.5,3m,DEMA,True,False,False,False,True,True,False,0.3,15,3.6,DONCHIAN,1.0,-2.2332205356524315,-2.2332205356524315,4.855150578918075,4.855150578918075,3m,71,71.0,DEMA,39.436619718309856,39.436619718309856,COMPLETE
172,84.02490331648823,2026-01-16 12:35:53.570419,2026-01-16 12:36:05.246538,0 days 00:00:11.676119,21,1.6,3.6,2.5,108,DONCHIAN,ATR,0.8,86,30,12,0.016,71,32,12,0.038,81,16,19,0.046000000000000006,ATR,4.9,44,3.5,3m,DEMA,False,False,False,False,True,True,False,0.3,15,3.6,DONCHIAN,0.8,-1.632228977900199,-1.632228977900199,4.232509287461906,4.232509287461906,3m,67,67.0,DEMA,43.28358208955223,43.28358208955223,COMPLETE
173,79.80542337726365,2026-01-16 12:35:59.026412,2026-01-16 12:36:16.982890,0 days 00:00:17.956478,21,1.6,3.6,2.5,108,DONCHIAN,ATR,0.8,85,30,18,0.016,71,32,12,0.042,79,16,19,0.046000000000000006,ATR,4.9,44,9.5,3m,DEMA,False,False,False,False,True,True,False,0.3,15,3.6,DONCHIAN,0.8,-1.595425312301897,-1.595425312301897,3.6883279598602563,3.6883279598602563,3m,59,59.0,DEMA,45.76271186440678,45.76271186440678,COMPLETE
174,73.99741933018231,2026-01-16 12:36:01.927133,2026-01-16 12:36:18.371697,0 days 00:00:16.444564,21,1.5,1.9,2.5,107,DONCHIAN,ATR,0.8,85,31,18,0.016,71,35,17,0.042,80,16,19,0.049,ATR,5.0,44,3.5,3m,DEMA,False,False,False,False,True,True,False,0.3,25,3.6,DONCHIAN,0.8,-5.118999553229316,-5.118999553229316,4.410317501357163,4.410317501357163,3m,70,70.0,DEMA,44.285714285714285,44.285714285714285,COMPLETE
175,65.13864034084963,2026-01-16 12:36:03.377545,2026-01-16 12:36:14.369492,0 days 00:00:10.991947,21,1.5,3.6,2.5,108,DONCHIAN,ATR,0.8,83,31,18,0.0165,71,35,17,0.043000000000000003,79,16,19,0.049,ATR,4.9,44,3.5,3m,DEMA,False,False,False,False,False,True,False,0.3,25,3.6,DONCHIAN,0.8,-2.9199250984302325,-2.9199250984302325,2.2219603559259093,2.2219603559259093,3m,64,64.0,DEMA,43.75,43.75,COMPLETE
176,67.36255228623395,2026-01-16 12:36:05.011409,2026-01-16 12:36:16.888800,0 days 00:00:11.877391,21,1.5,3.5,2.5,108,DONCHIAN,ATR,1.0,84,31,18,0.016,70,35,17,0.042,79,16,19,0.046000000000000006,ATR,4.9,44,3.5,3m,DEMA,False,False,False,False,True,True,False,0.3,15,3.6,DONCHIAN,1.0,-3.499806125384596,-3.499806125384596,2.7203427092632513,2.7203427092632513,3m,71,71.0,DEMA,45.07042253521127,45.07042253521127,COMPLETE
177,74.36671742361523,2026-01-16 12:36:04.938925,2026-01-16 12:36:15.961898,0 days 00:00:11.022973,21,1.5,3.5,2.5,108,DONCHIAN,ATR,1.0,84,31,18,0.017,70,35,17,0.042,81,16,19,0.049,ATR,4.9,44,3.5,3m,DEMA,True,False,False,False,True,True,False,0.3,15,3.6,DONCHIAN,1.0,-3.0844228366394595,-3.0844228366394595,3.645129272534698,3.645129272534698,3m,66,66.0,DEMA,43.93939393939394,43.93939393939394,COMPLETE
178,68.53282087600473,2026-01-16 12:36:05.276706,2026-01-16 12:36:15.900292,0 days 00:00:10.623586,21,1.5,3.5,2.6,107,DONCHIAN,ATR,0.8,85,31,11,0.018500000000000003,70,35,17,0.042,79,16,18,0.049,ATR,4.9,44,9.0,3m,DEMA,False,False,False,False,True,True,False,0.3,15,3.6,DONCHIAN,0.8,-3.3613774628585116,-3.3613774628585116,2.860057973126683,2.860057973126683,3m,63,63.0,DEMA,42.857142857142854,42.857142857142854,COMPLETE
179,69.76116991661911,2026-01-16 12:36:15.802815,2026-01-16 12:36:26.980040,0 days 00:00:11.177225,21,1.5,3.5,2.5,107,DONCHIAN,ATR,1.0,86,32,12,0.0165,70,35,17,0.042,79,16,18,0.049,ATR,4.9,44,3.5,3m,DEMA,False,False,False,False,False,True,False,0.3,15,3.6,DONCHIAN,1.0,-3.7416923991162623,-3.7416923991162623,3.177181907813659,3.177181907813659,3m,63,63.0,DEMA,42.857142857142854,42.857142857142854,COMPLETE
180,67.6040511853098,2026-01-16 12:36:16.874761,2026-01-16 12:36:25.240097,0 days 00:00:08.365336,21,1.5,3.5,2.5,108,DONCHIAN,ATR,1.0,83,31,12,0.0165,70,35,17,0.042,79,16,18,0.049,ATR,4.9,44,9.0,3m,DEMA,False,False,False,False,False,True,False,0.3,15,3.6,DONCHIAN,1.0,-3.7416923991162623,-3.7416923991162623,2.83036243128269,2.83036243128269,3m,64,64.0,DEMA,43.75,43.75,COMPLETE
181,67.29595997874185,2026-01-16 12:36:16.900422,2026-01-16 12:36:26.893813,0 days 00:00:09.993391,21,1.5,3.5,2.5,108,DONCHIAN,ATR,1.0,83,31,12,0.016,70,35,17,0.042,79,16,18,0.049,ATR,4.9,44,4.0,3m,DEMA,False,False,False,False,False,True,False,0.3,15,3.6,DONCHIAN,1.0,-3.6299580585618685,-3.6299580585618685,2.7481076466703205,2.7481076466703205,3m,64,64.0,DEMA,43.75,43.75,COMPLETE
182,67.29595997874185,2026-01-16 12:36:17.028043,2026-01-16 12:36:26.054489,0 days 00:00:09.026446,21,1.5,3.5,2.5,108,DONCHIAN,ATR,1.0,83,32,11,0.016,70,35,12,0.042,79,16,18,0.049,ATR,5.0,43,9.5,3m,DEMA,False,False,False,False,False,True,False,0.3,15,3.6,DONCHIAN,1.0,-3.6299580585618685,-3.6299580585618685,2.7481076466703205,2.7481076466703205,3m,64,64.0,DEMA,43.75,43.75,COMPLETE
183,-2300.0,2026-01-16 12:36:17.084761,2026-01-16 12:36:29.219304,0 days 00:00:12.134543,21,1.5,3.5,2.5,108,KELTNER,ATR,1.0,83,32,11,0.0165,70,35,12,0.042,79,16,18,0.049,ATR,5.0,43,9.5,3m,DEMA,False,False,False,False,True,True,False,0.3,15,3.6,KELTNER,1.0,0.0,0.0,0.0,0.0,3m,0,0.0,DEMA,0.0,0.0,COMPLETE
184,-2300.0,2026-01-16 12:36:20.253004,2026-01-16 12:36:34.256202,0 days 00:00:14.003198,21,1.5,3.5,2.5,107,KELTNER,ATR,1.0,79,32,10,0.0165,70,35,17,0.042,79,16,18,0.049,ATR,3.1,43,8.0,3m,DEMA,False,False,False,False,False,True,False,0.3,10,3.6,KELTNER,1.0,0.0,0.0,0.0,0.0,3m,0,0.0,DEMA,0.0,0.0,COMPLETE
185,74.36515083292124,2026-01-16 12:36:26.598234,2026-01-16 12:36:34.822602,0 days 00:00:08.224368,21,1.5,3.5,2.5,110,DONCHIAN,ATR,1.0,84,32,10,0.016,70,35,12,0.042,79,16,18,0.049,ATR,5.0,43,9.5,3m,DEMA,False,False,False,False,False,True,False,0.3,15,3.6,DONCHIAN,1.0,-3.6299580585618685,-3.6299580585618685,3.8713119941608047,3.8713119941608047,3m,62,62.0,DEMA,45.16129032258064,45.16129032258064,COMPLETE
186,-2300.0,2026-01-16 12:36:26.951893,2026-01-16 12:36:41.504193,0 days 00:00:14.552300,21,1.5,3.5,2.5,108,KELTNER,ATR,1.0,84,32,12,0.016,70,35,12,0.042,79,16,18,0.049,ATR,5.0,43,9.0,3m,DEMA,False,False,False,False,False,True,False,0.3,15,3.6,KELTNER,1.0,0.0,0.0,0.0,0.0,3m,0,0.0,DEMA,0.0,0.0,COMPLETE
187,-2300.0,2026-01-16 12:36:27.039631,2026-01-16 12:36:38.996304,0 days 00:00:11.956673,21,1.5,3.5,2.5,108,KELTNER,ATR,1.0,80,32,12,0.016,70,35,12,0.042,79,16,18,0.049,ATR,5.0,43,9.5,3m,DEMA,False,False,False,False,False,True,False,0.3,15,3.6,KELTNER,1.0,0.0,0.0,0.0,0.0,3m,0,0.0,DEMA,0.0,0.0,COMPLETE
188,-2300.0,2026-01-16 12:36:27.234711,2026-01-16 12:36:39.801419,0 days 00:00:12.566708,21,1.5,3.5,2.5,108,KELTNER,ATR,1.0,84,32,12,0.016,70,35,12,0.042,79,16,18,0.049,ATR,5.0,43,9.0,3m,DEMA,False,False,False,False,False,True,False,0.3,15,3.6,KELTNER,1.0,0.0,0.0,0.0,0.0,3m,0,0.0,DEMA,0.0,0.0,COMPLETE
189,66.85414957794,2026-01-16 12:36:30.085990,2026-01-16 12:36:41.454454,0 days 00:00:11.368464,21,1.5,3.5,2.5,105,DONCHIAN,ATR,1.0,79,32,12,0.016,70,35,17,0.042,79,16,18,0.05,ATR,4.9,44,9.0,3m,DEMA,False,False,False,False,False,True,False,0.3,10,3.6,DONCHIAN,1.0,-3.6425980037397427,-3.6425980037397427,2.6815198121830357,2.6815198121830357,3m,64,64.0,DEMA,42.1875,42.1875,COMPLETE
190,67.150209048742,2026-01-16 12:36:34.361955,2026-01-16 12:36:46.544814,0 days 00:00:12.182859,19,1.5,3.5,2.5,105,DONCHIAN,ATR,1.1,85,31,12,0.015000000000000001,70,34,17,0.043000000000000003,79,16,18,0.05,ATR,4.9,44,9.0,3m,DEMA,False,False,False,False,False,True,False,0.3,15,3.6,DONCHIAN,1.1,-3.7558876483205403,-3.7558876483205403,2.761511249148671,2.761511249148671,3m,64,64.0,DEMA,42.1875,42.1875,COMPLETE
191,68.52873450484549,2026-01-16 12:36:36.729448,2026-01-16 12:36:51.652179,0 days 00:00:14.922731,19,1.5,3.3000000000000003,2.5,109,DONCHIAN,ATR,1.1,85,31,12,0.0155,70,35,17,0.042,79,16,18,0.05,ATR,4.9,41,9.5,3m,DEMA,False,False,False,False,False,True,False,0.3,15,3.6,DONCHIAN,1.1,-4.094842567500052,-4.094842567500052,3.0893472015840002,3.0893472015840002,3m,64,64.0,DEMA,43.75,43.75,COMPLETE
192,68.03681340621824,2026-01-16 12:36:39.338983,2026-01-16 12:36:51.654690,0 days 00:00:12.315707,21,1.5,3.3000000000000003,2.4,105,DONCHIAN,ATR,1.1,84,31,12,0.0155,70,35,12,0.042,79,16,18,0.05,ATR,4.9,41,9.5,3m,DEMA,False,False,False,False,False,True,False,0.3,15,3.6,DONCHIAN,1.1,-4.1144032595886895,-4.1144032595886895,3.013255555476446,3.013255555476446,3m,64,64.0,DEMA,42.1875,42.1875,COMPLETE
193,93.99047101246015,2026-01-16 12:36:41.390911,2026-01-16 12:36:52.779402,0 days 00:00:11.388491,21,1.6,3.3000000000000003,2.4,114,DONCHIAN,ATR,1.1,97,31,12,0.0155,71,34,17,0.043000000000000003,79,16,17,0.05,ATR,4.9,41,9.5,3m,DEMA,False,False,False,False,False,True,False,0.3,15,3.6,DONCHIAN,1.1,-2.317437691404574,-2.317437691404574,5.998979058274649,5.998979058274649,3m,57,57.0,DEMA,47.368421052631575,47.368421052631575,COMPLETE
194,93.99047101246015,2026-01-16 12:36:41.513585,2026-01-16 12:36:51.962956,0 days 00:00:10.449371,19,1.6,3.3000000000000003,2.4,114,DONCHIAN,ATR,1.1,85,31,11,0.0155,71,34,17,0.043000000000000003,80,16,17,0.05,ATR,4.9,41,10.0,3m,DEMA,False,False,False,False,False,True,False,0.3,15,3.6,DONCHIAN,1.1,-2.317437691404574,-2.317437691404574,5.998979058274649,5.998979058274649,3m,57,57.0,DEMA,47.368421052631575,47.368421052631575,COMPLETE
195,91.95954635906674,2026-01-16 12:36:41.611731,2026-01-16 12:36:53.809945,0 days 00:00:12.198214,19,1.6,3.3000000000000003,2.4,114,DONCHIAN,ATR,1.1,98,31,11,0.0145,71,34,17,0.043000000000000003,78,16,18,0.05,ATR,4.9,41,10.0,3m,DEMA,False,False,False,False,False,True,False,0.3,15,3.6,DONCHIAN,1.1,-2.168106990195388,-2.168106990195388,5.6130601913005345,5.6130601913005345,3m,57,57.0,DEMA,47.368421052631575,47.368421052631575,COMPLETE
196,90.27635076151819,2026-01-16 12:36:46.863881,2026-01-16 12:36:56.017390,0 days 00:00:09.153509,19,1.6,3.6,2.4,113,DONCHIAN,ATR,1.1,98,31,11,0.0145,71,34,17,0.043000000000000003,78,16,17,0.05,ATR,4.9,41,9.5,3m,DEMA,False,False,False,False,False,True,False,0.3,15,3.6,DONCHIAN,1.1,-1.9876295550712524,-1.9876295550712524,5.2610983180393465,5.2610983180393465,3m,57,57.0,DEMA,47.368421052631575,47.368421052631575,COMPLETE
197,89.2490692065112,2026-01-16 12:36:52.726943,2026-01-16 12:37:07.526951,0 days 00:00:14.800008,20,1.6,3.6,2.4,113,DONCHIAN,ATR,1.1,92,31,13,0.014,71,34,17,0.045000000000000005,80,16,17,0.05,ATR,4.800000000000001,41,10.0,3m,DEMA,False,False,False,False,False,True,False,0.3,15,3.6,DONCHIAN,1.1,-1.9191624024804086,-1.9191624024804086,5.079925391928456,5.079925391928456,3m,57,57.0,DEMA,47.368421052631575,47.368421052631575,COMPLETE
198,91.8280479380719,2026-01-16 12:36:52.766261,2026-01-16 12:37:08.944984,0 days 00:00:16.178723,19,1.6,3.3000000000000003,2.4,113,DONCHIAN,ATR,1.1,94,31,13,0.014,71,34,17,0.045000000000000005,80,16,17,0.05,ATR,4.800000000000001,41,10.0,3m,DEMA,False,False,False,False,False,True,False,0.3,15,3.6,DONCHIAN,1.1,-2.0934314312461737,-2.0934314312461737,5.541038063423569,5.541038063423569,3m,57,57.0,DEMA,47.368421052631575,47.368421052631575,COMPLETE
199,91.95954635906674,2026-01-16 12:36:52.797009,2026-01-16 12:37:02.625517,0 days 00:00:09.828508,19,1.6,3.3000000000000003,2.4,114,DONCHIAN,ATR,1.1,96,31,13,0.0145,71,34,17,0.045000000000000005,80,16,17,0.05,ATR,4.800000000000001,41,10.0,3m,DEMA,False,False,False,False,False,True,False,0.3,15,3.6,DONCHIAN,1.1,-2.168106990195388,-2.168106990195388,5.6130601913005345,5.6130601913005345,3m,57,57.0,DEMA,47.368421052631575,47.368421052631575,COMPLETE
200,90.91454633288413,2026-01-16 12:36:53.689989,2026-01-16 12:37:02.955154,0 days 00:00:09.265165,20,1.6,3.3000000000000003,2.4,114,DONCHIAN,ATR,1.1,97,31,11,0.014,71,34,17,0.045000000000000005,80,16,17,0.05,ATR,4.800000000000001,41,10.0,3m,DEMA,False,False,False,False,False,True,False,0.3,15,3.6,DONCHIAN,1.1,-2.0934314312461737,-2.0934314312461737,5.420024833907466,5.420024833907466,3m,57,57.0,DEMA,47.368421052631575,47.368421052631575,COMPLETE
201,91.95954635906674,2026-01-16 12:36:54.634924,2026-01-16 12:37:07.713897,0 days 00:00:13.078973,20,1.6,3.3000000000000003,2.3,114,DONCHIAN,ATR,1.1,97,31,11,0.0145,71,34,17,0.043000000000000003,78,16,17,0.05,ATR,4.800000000000001,41,10.0,3m,DEMA,False,False,False,False,False,True,False,0.3,15,3.6,DONCHIAN,1.1,-2.168106990195388,-2.168106990195388,5.6130601913005345,5.6130601913005345,3m,57,57.0,DEMA,47.368421052631575,47.368421052631575,COMPLETE
202,89.57537985153976,2026-01-16 12:36:56.060293,2026-01-16 12:37:09.048635,0 days 00:00:12.988342,19,1.6,3.3000000000000003,2.4,114,DONCHIAN,ATR,1.1,99,31,11,0.0145,71,34,17,0.043000000000000003,78,15,17,0.05,ATR,4.800000000000001,41,10.0,3m,DEMA,False,False,False,False,False,True,False,0.3,15,3.6,DONCHIAN,1.1,-2.2647945192489205,-2.2647945192489205,5.360696469540521,5.360696469540521,3m,57,57.0,DEMA,47.368421052631575,47.368421052631575,COMPLETE
203,91.83002182207747,2026-01-16 12:37:02.908710,2026-01-16 12:37:16.363860,0 days 00:00:13.455150,19,1.6,3.2,2.3,114,DONCHIAN,ATR,1.1,98,31,11,0.014,71,34,17,0.043000000000000003,78,15,17,0.05,ATR,4.800000000000001,40,10.0,3m,DEMA,False,False,False,False,False,True,False,0.3,15,3.6,DONCHIAN,1.1,-2.1587729152184356,-2.1587729152184356,5.588933488437766,5.588933488437766,3m,57,57.0,DEMA,47.368421052631575,47.368421052631575,COMPLETE
204,89.45582910126541,2026-01-16 12:37:03.764501,2026-01-16 12:37:16.662023,0 days 00:00:12.897522,18,1.6,3.2,2.3,115,DONCHIAN,ATR,1.1,101,31,11,0.014,71,34,17,0.045000000000000005,80,15,17,0.05,ATR,4.800000000000001,39,10.0,3m,DEMA,False,False,False,False,False,True,False,0.3,10,3.6,DONCHIAN,1.1,-2.2549073850984067,-2.2549073850984067,5.337721003369614,5.337721003369614,3m,57,57.0,DEMA,47.368421052631575,47.368421052631575,COMPLETE
205,93.88847003569572,2026-01-16 12:37:07.819202,2026-01-16 12:37:22.380858,0 days 00:00:14.561656,18,1.6,3.2,2.3,116,DONCHIAN,ATR,1.3000000000000003,97,31,10,0.014,71,34,17,0.045000000000000005,80,15,17,0.05,ATR,4.800000000000001,40,10.0,3m,DEMA,False,False,False,False,False,True,False,0.3,15,3.6,DONCHIAN,1.3000000000000003,-2.550711448636206,-2.550711448636206,6.162472915298585,6.162472915298585,3m,57,57.0,DEMA,47.368421052631575,47.368421052631575,COMPLETE
206,97.0155320882468,2026-01-16 12:37:07.849089,2026-01-16 12:37:16.219480,0 days 00:00:08.370391,19,1.6,3.2,2.3,114,DONCHIAN,ATR,1.3000000000000003,97,31,10,0.014,71,34,17,0.045000000000000005,80,15,17,0.05,ATR,4.800000000000001,39,10.0,3m,DEMA,False,False,False,False,False,True,False,0.3,15,3.6,DONCHIAN,1.3000000000000003,-2.550711448636206,-2.550711448636206,6.601550312793349,6.601550312793349,3m,57,57.0,DEMA,47.368421052631575,47.368421052631575,COMPLETE
207,94.22407945836221,2026-01-16 12:37:09.000310,2026-01-16 12:37:18.493520,0 days 00:00:09.493210,18,1.6,3.2,2.3,115,DONCHIAN,ATR,1.3000000000000003,99,31,13,0.014,71,34,17,0.045000000000000005,80,15,17,0.05,ATR,4.800000000000001,40,10.0,3m,DEMA,False,False,False,False,False,True,False,0.3,15,3.6,DONCHIAN,1.3000000000000003,-2.671051567517502,-2.671051567517502,6.301511671191523,6.301511671191523,3m,57,57.0,DEMA,47.368421052631575,47.368421052631575,COMPLETE
208,94.22407945836221,2026-01-16 12:37:09.064216,2026-01-16 12:37:22.423448,0 days 00:00:13.359232,18,1.6,3.2,2.3,114,DONCHIAN,ATR,1.3000000000000003,99,31,13,0.014,71,34,17,0.045000000000000005,80,15,17,0.05,ATR,4.800000000000001,39,10.0,3m,DEMA,False,False,False,False,False,True,False,0.3,15,3.6,DONCHIAN,1.3000000000000003,-2.671051567517502,-2.671051567517502,6.301511671191523,6.301511671191523,3m,57,57.0,DEMA,47.368421052631575,47.368421052631575,COMPLETE
209,95.85643549851466,2026-01-16 12:37:16.280815,2026-01-16 12:37:25.411313,0 days 00:00:09.130498,18,1.6,3.2,2.3,114,DONCHIAN,ATR,1.3000000000000003,98,31,10,0.013500000000000002,71,34,17,0.045000000000000005,77,15,17,0.05,ATR,4.7,39,10.0,3m,DEMA,False,False,False,False,False,True,False,0.3,15,1.0,DONCHIAN,1.3000000000000003,-2.4597428182572605,-2.4597428182572605,6.366611466016014,6.366611466016014,3m,57,57.0,DEMA,47.368421052631575,47.368421052631575,COMPLETE
210,94.22407945836221,2026-01-16 12:37:16.783638,2026-01-16 12:37:29.403467,0 days 00:00:12.619829,18,1.6,3.2,2.3,114,DONCHIAN,ATR,1.3000000000000003,99,31,11,0.014,71,34,17,0.045000000000000005,77,15,17,0.05,ATR,4.7,39,10.0,3m,DEMA,False,False,False,False,False,True,False,0.3,10,3.6,DONCHIAN,1.3000000000000003,-2.671051567517502,-2.671051567517502,6.301511671191523,6.301511671191523,3m,57,57.0,DEMA,47.368421052631575,47.368421052631575,COMPLETE
211,89.45582910126541,2026-01-16 12:37:18.356730,2026-01-16 12:37:30.255684,0 days 00:00:11.898954,18,1.6,3.2,2.3,114,DONCHIAN,ATR,1.1,99,31,11,0.014,71,34,17,0.045000000000000005,77,15,17,0.05,ATR,4.7,39,10.0,3m,DEMA,False,False,False,False,False,True,False,0.3,10,3.6,DONCHIAN,1.1,-2.2549073850984067,-2.2549073850984067,5.337721003369614,5.337721003369614,3m,57,57.0,DEMA,47.368421052631575,47.368421052631575,COMPLETE
212,97.0155320882468,2026-01-16 12:37:19.527955,2026-01-16 12:37:30.632273,0 days 00:00:11.104318,18,1.6,3.2,2.3,115,DONCHIAN,ATR,1.3000000000000003,98,31,13,0.014,71,34,17,0.045000000000000005,77,15,17,0.05,ATR,4.7,39,10.0,3m,DEMA,False,False,False,False,False,True,False,0.3,10,3.6,DONCHIAN,1.3000000000000003,-2.550711448636206,-2.550711448636206,6.601550312793349,6.601550312793349,3m,57,57.0,DEMA,47.368421052631575,47.368421052631575,COMPLETE
213,94.22407945836221,2026-01-16 12:37:22.472443,2026-01-16 12:37:32.781681,0 days 00:00:10.309238,18,1.6,3.2,2.3,114,DONCHIAN,ATR,1.3000000000000003,99,31,13,0.014,71,34,17,0.045000000000000005,77,15,17,0.05,ATR,4.7,39,10.0,3m,DEMA,False,False,False,False,False,True,False,0.3,10,3.6,DONCHIAN,1.3000000000000003,-2.671051567517502,-2.671051567517502,6.301511671191523,6.301511671191523,3m,57,57.0,DEMA,47.368421052631575,47.368421052631575,COMPLETE
214,94.22407945836221,2026-01-16 12:37:22.901896,2026-01-16 12:37:39.207452,0 days 00:00:16.305556,18,1.6,3.2,2.3,114,DONCHIAN,ATR,1.3000000000000003,99,31,13,0.014,71,34,17,0.045000000000000005,78,15,17,0.05,ATR,4.7,39,10.0,3m,DEMA,False,False,False,False,False,True,False,0.3,10,3.6,DONCHIAN,1.3000000000000003,-2.671051567517502,-2.671051567517502,6.301511671191523,6.301511671191523,3m,57,57.0,DEMA,47.368421052631575,47.368421052631575,COMPLETE
215,93.16155085948412,2026-01-16 12:37:25.757260,2026-01-16 12:37:39.241170,0 days 00:00:13.483910,18,1.6,3.2,2.3,114,DONCHIAN,ATR,1.3000000000000003,99,31,13,0.013500000000000002,71,34,17,0.045000000000000005,77,15,17,0.05,ATR,4.7,39,10.0,3m,DEMA,False,False,False,False,False,True,False,0.3,10,1.2,DONCHIAN,1.3000000000000003,-2.574286146942068,-2.574286146942068,6.077994072095864,6.077994072095864,3m,57,57.0,DEMA,47.368421052631575,47.368421052631575,COMPLETE
216,94.22407945836221,2026-01-16 12:37:30.300516,2026-01-16 12:37:40.890502,0 days 00:00:10.589986,18,1.6,3.2,2.3,114,DONCHIAN,ATR,1.3000000000000003,99,31,13,0.014,71,34,17,0.045000000000000005,77,15,17,0.05,ATR,4.7,38,10.0,3m,DEMA,False,False,False,False,False,True,False,0.3,10,3.6,DONCHIAN,1.3000000000000003,-2.671051567517502,-2.671051567517502,6.301511671191523,6.301511671191523,3m,57,57.0,DEMA,47.368421052631575,47.368421052631575,COMPLETE
217,97.0155320882468,2026-01-16 12:37:30.558401,2026-01-16 12:37:43.436151,0 days 00:00:12.877750,18,1.6,3.2,2.3,115,DONCHIAN,ATR,1.3000000000000003,98,31,13,0.014,71,34,17,0.045000000000000005,77,15,17,0.05,ATR,4.7,39,10.0,3m,DEMA,False,False,False,False,False,True,False,0.3,10,1.2,DONCHIAN,1.3000000000000003,-2.550711448636206,-2.550711448636206,6.601550312793349,6.601550312793349,3m,57,57.0,DEMA,47.368421052631575,47.368421052631575,COMPLETE
218,94.22407945836221,2026-01-16 12:37:30.760973,2026-01-16 12:37:43.429623,0 days 00:00:12.668650,18,1.6,3.2,2.3,115,DONCHIAN,ATR,1.3000000000000003,99,31,13,0.014,71,34,17,0.045000000000000005,77,15,17,0.05,ATR,4.7,39,10.0,3m,DEMA,False,False,False,False,False,True,False,0.3,10,1.0,DONCHIAN,1.3000000000000003,-2.671051567517502,-2.671051567517502,6.301511671191523,6.301511671191523,3m,57,57.0,DEMA,47.368421052631575,47.368421052631575,COMPLETE
219,97.0155320882468,2026-01-16 12:37:33.502306,2026-01-16 12:37:46.095866,0 days 00:00:12.593560,18,1.6,3.2,2.3,114,DONCHIAN,ATR,1.3000000000000003,98,31,13,0.014,71,34,17,0.045000000000000005,77,15,17,0.05,ATR,4.7,39,10.0,3m,DEMA,False,False,False,False,False,True,False,0.3,10,1.0,DONCHIAN,1.3000000000000003,-2.550711448636206,-2.550711448636206,6.601550312793349,6.601550312793349,3m,57,57.0,DEMA,47.368421052631575,47.368421052631575,COMPLETE
220,100.64804834270672,2026-01-16 12:37:40.297194,2026-01-16 12:37:51.029193,0 days 00:00:10.731999,18,1.6,3.2,2.3,115,DONCHIAN,ATR,1.3000000000000003,98,31,13,0.013500000000000002,71,34,17,0.047,77,15,17,0.05,ATR,4.7,39,10.0,3m,DEMA,False,False,False,False,False,True,False,0.31,10,1.0,DONCHIAN,1.3000000000000003,-2.45974065324807,-2.45974065324807,7.031867058918742,7.031867058918742,3m,56,56.0,DEMA,46.42857142857143,46.42857142857143,COMPLETE
221,97.11824846215859,2026-01-16 12:37:40.324556,2026-01-16 12:37:52.656772,0 days 00:00:12.332216,18,1.6,3.2,2.3,115,DONCHIAN,ATR,1.3000000000000003,99,31,13,0.013500000000000002,71,34,17,0.047,77,15,17,0.05,ATR,4.7,39,10.0,3m,DEMA,False,False,False,False,False,True,False,0.31,10,1.2,DONCHIAN,1.3000000000000003,-2.7049437234627107,-2.7049437234627107,6.741444546523248,6.741444546523248,3m,56,56.0,DEMA,46.42857142857143,46.42857142857143,COMPLETE
222,97.06548441788527,2026-01-16 12:37:41.860406,2026-01-16 12:37:54.126241,0 days 00:00:12.265835,18,1.6,3.1,2.3,121,DONCHIAN,ATR,1.3000000000000003,110,31,13,0.013500000000000002,71,34,17,0.047,77,15,17,0.05,ATR,4.6,38,10.0,3m,DEMA,False,False,False,False,False,True,False,0.31,10,1.0,DONCHIAN,1.3000000000000003,-2.5389718919875603,-2.5389718919875603,6.599009789039148,6.599009789039148,3m,55,55.0,DEMA,45.45454545454545,45.45454545454545,COMPLETE
223,-1883.0984974928806,2026-01-16 12:37:43.778966,2026-01-16 12:37:55.090623,0 days 00:00:11.311657,18,4.6,3.1,2.3,121,DONCHIAN,ATR,1.3000000000000003,109,32,13,0.013000000000000001,71,34,17,0.047,76,15,17,0.05,ATR,4.6,38,10.0,3m,DEMA,False,False,False,False,False,True,False,0.31,10,1.0,DONCHIAN,1.3000000000000003,-2.033115274343804,-2.033115274343804,15.363128332183418,15.363128332183418,3m,16,16.0,DEMA,50.0,50.0,COMPLETE
224,98.74052233177827,2026-01-16 12:37:43.798400,2026-01-16 12:37:53.766528,0 days 00:00:09.968128,18,1.6,3.1,2.3,120,DONCHIAN,ATR,1.3000000000000003,110,32,13,0.013000000000000001,71,34,17,0.047,76,15,17,0.05,ATR,4.6,38,10.0,3m,DEMA,False,False,False,False,False,True,False,0.31,10,1.0,DONCHIAN,1.3000000000000003,-2.445067332054186,-2.445067332054186,6.754641782449139,6.754641782449139,3m,55,55.0,DEMA,45.45454545454545,45.45454545454545,COMPLETE
225,88.20954656947652,2026-01-16 12:37:46.199471,2026-01-16 12:38:01.330785,0 days 00:00:15.131314,18,1.6,3.1,2.3,119,DONCHIAN,ATR,1.3000000000000003,110,32,13,0.0125,71,34,17,0.047,76,15,17,0.05,ATR,4.6,38,10.0,3m,DEMA,False,False,False,False,False,True,False,0.32,10,1.0,DONCHIAN,1.3000000000000003,-2.4568255480647156,-2.4568255480647156,5.303002793653076,5.303002793653076,3m,55,55.0,DEMA,45.45454545454545,45.45454545454545,COMPLETE
226,97.42016384475119,2026-01-16 12:37:52.000351,2026-01-16 12:38:03.374829,0 days 00:00:11.374478,18,1.6,3.1,2.3,120,DONCHIAN,ATR,1.3000000000000003,109,32,13,0.0125,71,34,17,0.047,76,15,17,0.05,ATR,4.6,38,10.0,3m,DEMA,False,False,False,False,False,True,False,0.31,10,1.0,DONCHIAN,1.3000000000000003,-2.3511516867445024,-2.3511516867445024,6.4944401984666476,6.4944401984666476,3m,55,55.0,DEMA,45.45454545454545,45.45454545454545,COMPLETE
227,84.56938429581714,2026-01-16 12:37:53.731452,2026-01-16 12:38:02.693345,0 days 00:00:08.961893,18,1.6,3.1,2.3,121,DONCHIAN,ATR,1.3000000000000003,109,32,13,0.0125,71,34,17,0.047,76,15,17,0.05,ATR,4.6,38,10.0,3m,DEMA,False,False,False,False,False,True,False,0.32,10,1.0,DONCHIAN,1.3000000000000003,-2.6679013961307616,-2.6679013961307616,4.92393046893368,4.92393046893368,3m,55,55.0,DEMA,45.45454545454545,45.45454545454545,COMPLETE
228,84.56938429581714,2026-01-16 12:37:53.902246,2026-01-16 12:38:06.757402,0 days 00:00:12.855156,18,1.6,3.1,2.3,121,DONCHIAN,ATR,1.3000000000000003,109,32,13,0.0125,71,34,17,0.047,76,15,17,0.05,ATR,4.6,38,10.0,3m,DEMA,False,False,False,False,False,True,False,0.32,10,1.0,DONCHIAN,1.3000000000000003,-2.6679013961307616,-2.6679013961307616,4.92393046893368,4.92393046893368,3m,55,55.0,DEMA,45.45454545454545,45.45454545454545,COMPLETE
229,84.70338626829016,2026-01-16 12:37:55.147765,2026-01-16 12:38:07.142800,0 days 00:00:11.995035,18,1.6,3.0,2.2,122,DONCHIAN,ATR,1.3000000000000003,104,32,13,0.0125,71,34,17,0.047,77,15,17,0.05,ATR,4.6,37,10.0,3m,DEMA,False,False,False,False,False,True,False,0.32,10,1.0,DONCHIAN,1.3000000000000003,-2.7574545039441305,-2.7574545039441305,4.996590562543529,4.996590562543529,3m,55,55.0,DEMA,45.45454545454545,45.45454545454545,COMPLETE
230,89.07342735358816,2026-01-16 12:37:55.038946,2026-01-16 12:38:08.304949,0 days 00:00:13.266003,18,1.6,3.0,2.2,120,DONCHIAN,ATR,1.3000000000000003,104,32,13,0.0125,71,34,17,0.047,77,15,17,0.05,ATR,4.6,37,10.0,3m,DEMA,False,False,False,False,False,True,False,0.32,10,1.0,DONCHIAN,1.3000000000000003,-2.5385140934963126,-2.5385140934963126,5.478141208648914,5.478141208648914,3m,55,55.0,DEMA,45.45454545454545,45.45454545454545,COMPLETE
231,83.78369993935758,2026-01-16 12:38:02.170536,2026-01-16 12:38:13.101530,0 days 00:00:10.930994,17,1.6,3.0,2.2,122,DONCHIAN,ATR,1.3000000000000003,105,32,13,0.012,71,34,17,0.047,77,15,17,0.05,ATR,4.6,37,10.0,3m,DEMA,False,False,False,False,False,True,False,0.32,10,1.2,DONCHIAN,1.3000000000000003,-2.6464141964365813,-2.6464141964365813,4.799494061233744,4.799494061233744,3m,55,55.0,DEMA,45.45454545454545,45.45454545454545,COMPLETE
232,91.05753254799674,2026-01-16 12:38:03.358965,2026-01-16 12:38:13.045022,0 days 00:00:09.686057,17,1.7,3.0,2.2,116,DONCHIAN,ATR,1.4000000000000001,105,31,14,0.0115,71,34,17,0.047,77,15,17,0.05,ATR,4.7,37,10.0,3m,DEMA,False,False,False,False,False,True,False,0.31,10,1.2,DONCHIAN,1.4000000000000001,-2.6844930659039914,-2.6844930659039914,5.859828377984162,5.859828377984162,3m,51,51.0,DEMA,49.01960784313725,49.01960784313725,COMPLETE
233,-347.24317803299436,2026-01-16 12:38:04.280350,2026-01-16 12:38:13.060080,0 days 00:00:08.779730,17,1.7,3.0,2.2,120,DONCHIAN,ATR,1.4000000000000001,104,32,13,0.0115,71,34,17,0.047,77,15,17,0.05,ATR,4.6,37,10.0,1d,HMA,False,False,False,False,False,True,False,0.31,10,1.2,DONCHIAN,1.4000000000000001,-16.115806765929293,-16.115806765929293,-16.473123450864442,-16.473123450864442,1d,39,39.0,HMA,12.82051282051282,12.82051282051282,COMPLETE
234,-347.24317803299436,2026-01-16 12:38:07.089772,2026-01-16 12:38:13.105947,0 days 00:00:06.016175,17,1.7,3.0,2.2,128,DONCHIAN,ATR,1.4000000000000001,104,32,14,0.0115,71,34,17,0.047,77,15,17,0.05,ATR,4.7,37,10.0,1d,HMA,False,False,False,False,False,True,False,0.31,10,1.2,DONCHIAN,1.4000000000000001,-16.115806765929293,-16.115806765929293,-16.473123450864442,-16.473123450864442,1d,39,39.0,HMA,12.82051282051282,12.82051282051282,COMPLETE
235,-503.2570256801746,2026-01-16 12:38:07.243486,2026-01-16 12:38:14.451038,0 days 00:00:07.207552,17,1.7,3.0,2.2,119,DONCHIAN,ATR,1.4000000000000001,104,31,14,0.013500000000000002,71,33,17,0.046000000000000006,77,15,16,0.05,ATR,4.7,37,10.0,30m,HMA,False,False,False,False,False,True,False,0.31,10,1.2,DONCHIAN,1.4000000000000001,-5.058283290669197,-5.058283290669197,-0.5953225145200384,-0.5953225145200384,30m,49,49.0,HMA,44.89795918367347,44.89795918367347,COMPLETE
236,-2321.404176145675,2026-01-16 12:38:09.309072,2026-01-16 12:38:14.293329,0 days 00:00:04.984257,17,1.7,3.2,2.3,116,DONCHIAN,ATR,1.4000000000000001,104,31,14,0.0115,71,34,17,0.045000000000000005,77,15,17,0.05,ATR,4.7,39,10.0,1d,HMA,False,False,False,False,False,True,False,0.5800000000000001,10,1.2,DONCHIAN,1.4000000000000001,-3.4895025078450326,-3.4895025078450326,-3.3498320642392034,-3.3498320642392034,1d,9,9.0,HMA,22.22222222222222,22.22222222222222,COMPLETE
237,-457.41077274244253,2026-01-16 12:38:13.257371,2026-01-16 12:38:20.081053,0 days 00:00:06.823682,18,1.8,3.2,2.3,116,DONCHIAN,ATR,1.2000000000000002,96,31,10,0.013500000000000002,71,33,17,0.045000000000000005,77,14,16,0.049,ATR,4.7,39,10.0,3m,DEMA,False,False,False,False,False,True,False,0.31,10,1.4,DONCHIAN,1.2000000000000002,-2.595476668484543,-2.595476668484543,6.012994077070104,6.012994077070104,3m,44,44.0,DEMA,50.0,50.0,COMPLETE
238,-497.2864353206087,2026-01-16 12:38:13.277230,2026-01-16 12:38:17.248948,0 days 00:00:03.971718,18,1.8,3.2,2.3,116,DONCHIAN,ATR,1.2000000000000002,96,31,10,0.013500000000000002,71,33,17,0.045000000000000005,77,14,16,0.049,ATR,4.7,39,10.0,30m,DEMA,False,False,False,False,False,True,False,0.31,10,1.4,DONCHIAN,1.2000000000000002,-5.3694706213355055,-5.3694706213355055,0.5098915318453917,0.5098915318453917,30m,43,43.0,DEMA,46.51162790697674,46.51162790697674,COMPLETE
239,59.61357006891285,2026-01-16 12:38:13.277230,2026-01-16 12:38:21.266536,0 days 00:00:07.989306,18,1.8,3.2,2.3,116,CCI,ATR,1.2000000000000002,101,31,10,0.013000000000000001,71,33,17,0.045000000000000005,75,14,16,0.049,ATR,4.7,39,10.0,3m,DEMA,False,False,False,False,False,True,False,0.31,10,1.0,CCI,1.2000000000000002,-3.187698082435226,-3.187698082435226,1.4551194010731299,1.4551194010731299,3m,62,62.0,DEMA,43.54838709677419,43.54838709677419,COMPLETE
240,-497.2864353206087,2026-01-16 12:38:13.276230,2026-01-16 12:38:14.562455,0 days 00:00:01.286225,18,1.8,3.2,2.3,116,DONCHIAN,ATR,1.2000000000000002,96,31,10,0.013500000000000002,71,33,17,0.045000000000000005,75,14,16,0.049,ATR,4.7,39,10.0,30m,DEMA,False,False,False,False,False,True,False,0.31,10,1.4,DONCHIAN,1.2000000000000002,-5.3694706213355055,-5.3694706213355055,0.5098915318453917,0.5098915318453917,30m,43,43.0,DEMA,46.51162790697674,46.51162790697674,COMPLETE
241,35.668965636591565,2026-01-16 12:38:14.402475,2026-01-16 12:38:22.539212,0 days 00:00:08.136737,18,1.8,3.2,2.3,116,CCI,PARABOLIC_SAR,1.2000000000000002,96,30,10,0.013000000000000001,71,33,17,0.046000000000000006,76,14,16,0.049,ATR,4.5,40,10.0,30m,DEMA,False,False,False,False,False,True,False,0.31,10,1.4,CCI,1.2000000000000002,-4.765420276067096,-4.765420276067096,-2.5499574127711124,-2.5499574127711124,30m,60,60.0,DEMA,43.333333333333336,43.333333333333336,COMPLETE
242,-1013.6100514667587,2026-01-16 12:38:14.577487,2026-01-16 12:38:22.617454,0 days 00:00:08.039967,19,5.8,3.2,2.3,116,DONCHIAN,ATR,1.2000000000000002,113,30,13,0.013500000000000002,72,33,17,0.046000000000000006,77,14,17,0.049,FIXED,4.5,40,9.5,3m,DEMA,False,False,False,False,False,True,False,0.31,10,1.0,DONCHIAN,1.2000000000000002,-29.36941097641081,-29.36941097641081,-6.962439574186469,-6.962439574186469,3m,37,37.0,DEMA,18.91891891891892,18.91891891891892,COMPLETE
243,-483.08682078731,2026-01-16 12:38:14.556495,2026-01-16 12:38:24.436720,0 days 00:00:09.880225,19,1.6,3.2,2.3,116,DONCHIAN,ATR,1.2000000000000002,113,30,13,0.013500000000000002,72,33,17,0.049,77,14,17,0.049,FIXED,4.5,40,9.5,3m,DEMA,False,False,False,False,False,True,False,0.31,10,1.0,DONCHIAN,1.2000000000000002,-26.754914464968987,-26.754914464968987,-15.948842110145744,-15.948842110145744,3m,79,79.0,DEMA,31.645569620253166,31.645569620253166,COMPLETE
244,-482.08191202093076,2026-01-16 12:38:17.442207,2026-01-16 12:38:26.474357,0 days 00:00:09.032150,18,1.6,3.2,2.3,116,DONCHIAN,ATR,1.2000000000000002,114,30,13,0.0145,72,34,17,0.049,76,15,17,0.049,FIXED,4.5,40,9.5,3m,EMA,False,False,False,False,False,True,False,0.31,10,1.0,DONCHIAN,1.2000000000000002,-27.207131940696545,-27.207131940696545,-15.631023201251008,-15.631023201251008,3m,78,78.0,EMA,32.05128205128205,32.05128205128205,COMPLETE
245,-1252.010658045886,2026-01-16 12:38:21.240216,2026-01-16 12:38:30.935054,0 days 00:00:09.694838,19,1.6,3.3000000000000003,2.3,128,CCI,PARABOLIC_SAR,1.3000000000000003,113,30,13,0.0145,72,34,17,0.049,76,15,17,0.049,FIXED,4.5,39,9.5,3m,DEMA,False,False,False,False,False,True,False,0.31,10,1.0,CCI,1.3000000000000003,-36.831434508613626,-36.831434508613626,-30.679805831961065,-30.679805831961065,3m,111,111.0,DEMA,25.225225225225223,25.225225225225223,COMPLETE
246,95.3968884286578,2026-01-16 12:38:21.761466,2026-01-16 12:38:32.095486,0 days 00:00:10.334020,19,1.6,3.3000000000000003,2.3,113,DONCHIAN,ATR,1.3000000000000003,113,30,13,0.0145,72,34,17,0.046000000000000006,78,15,17,0.05,ATR,4.5,40,9.5,3m,DEMA,False,False,False,False,False,True,False,0.3,10,1.0,DONCHIAN,1.3000000000000003,-2.6827872482055795,-2.6827872482055795,6.477815896871057,6.477815896871057,3m,57,57.0,DEMA,47.368421052631575,47.368421052631575,COMPLETE
247,96.42614682484236,2026-01-16 12:38:23.517409,2026-01-16 12:38:34.398858,0 days 00:00:10.881449,19,1.6,3.3000000000000003,2.3,113,DONCHIAN,ATR,1.3000000000000003,99,31,13,0.015000000000000001,72,34,17,0.044000000000000004,78,15,17,0.05,ATR,4.7,40,9.5,3m,DEMA,False,False,False,False,False,True,False,0.3,10,1.0,DONCHIAN,1.3000000000000003,-2.7767233825358613,-2.7767233825358613,6.699838151366497,6.699838151366497,3m,57,57.0,DEMA,47.368421052631575,47.368421052631575,COMPLETE
248,94.34362226108806,2026-01-16 12:38:23.518409,2026-01-16 12:38:37.272787,0 days 00:00:13.754378,19,1.6,3.3000000000000003,2.3,113,DONCHIAN,ATR,1.3000000000000003,100,31,13,0.014,72,34,17,0.049,78,15,17,0.05,ATR,4.7,40,9.5,3m,DEMA,False,False,False,False,False,True,False,0.3,10,1.0,DONCHIAN,1.3000000000000003,-2.5889413772358196,-2.5889413772358196,6.2556828887041425,6.2556828887041425,3m,57,57.0,DEMA,47.368421052631575,47.368421052631575,COMPLETE
249,97.30367203989954,2026-01-16 12:38:24.785693,2026-01-16 12:38:37.675712,0 days 00:00:12.890019,19,1.6,3.1,2.3,113,DONCHIAN,ATR,1.3000000000000003,120,31,13,0.0145,71,34,17,0.044000000000000004,78,15,17,0.05,ATR,4.7,40,10.0,3m,DEMA,False,False,False,False,False,True,False,0.3,10,1.0,DONCHIAN,1.3000000000000003,-2.8586118691979143,-2.8586118691979143,6.89312039357999,6.89312039357999,3m,57,57.0,DEMA,47.368421052631575,47.368421052631575,COMPLETE
250,99.40459582901167,2026-01-16 12:38:26.801506,2026-01-16 12:38:39.939023,0 days 00:00:13.137517,19,1.6,3.1,2.3,112,DONCHIAN,ATR,1.3000000000000003,100,31,13,0.0145,71,34,17,0.044000000000000004,78,15,17,0.05,ATR,4.7,40,10.0,3m,DEMA,False,False,False,False,False,True,False,0.3,10,1.0,DONCHIAN,1.3000000000000003,-2.7267497595502768,-2.7267497595502768,7.0871338789028115,7.0871338789028115,3m,57,57.0,DEMA,47.368421052631575,47.368421052631575,COMPLETE
251,99.40459582901167,2026-01-16 12:38:30.984347,2026-01-16 12:38:43.125962,0 days 00:00:12.141615,19,1.6,3.1,2.3,112,DONCHIAN,ATR,1.3000000000000003,120,31,13,0.0145,71,34,17,0.044000000000000004,78,15,17,0.05,ATR,4.7,40,10.0,3m,DEMA,False,False,False,False,False,True,False,0.3,10,1.2,DONCHIAN,1.3000000000000003,-2.7267497595502768,-2.7267497595502768,7.0871338789028115,7.0871338789028115,3m,57,57.0,DEMA,47.368421052631575,47.368421052631575,COMPLETE
252,-2305.0769728077316,2026-01-16 12:38:33.835112,2026-01-16 12:38:48.496338,0 days 00:00:14.661226,19,1.7,3.3000000000000003,2.3,113,DONCHIAN,ATR,1.3000000000000003,120,31,13,0.015000000000000001,71,34,17,0.044000000000000004,78,15,17,0.05,ATR,4.7,35,10.0,3m,DEMA,False,False,False,True,False,True,False,0.49,10,1.2,DONCHIAN,1.3000000000000003,-0.5239209884474869,-0.5239209884474869,-0.5315343931065639,-0.5315343931065639,3m,1,1.0,DEMA,0.0,0.0,COMPLETE
253,-1946.028551154012,2026-01-16 12:38:34.815957,2026-01-16 12:38:46.498790,0 days 00:00:11.682833,19,1.7,3.1,2.3,113,DONCHIAN,ATR,1.4000000000000001,99,31,13,0.015000000000000001,72,34,17,0.044000000000000004,78,15,17,0.05,ATR,4.7,38,10.0,3m,DEMA,False,False,False,True,False,True,True,0.3,10,1.0,DONCHIAN,1.4000000000000001,-3.116118723327089,-3.116118723327089,0.5962616993334843,0.5962616993334843,3m,9,9.0,DEMA,55.55555555555556,55.55555555555556,COMPLETE
254,-2300.0,2026-01-16 12:38:37.606470,2026-01-16 12:38:52.592281,0 days 00:00:14.985811,18,1.7,3.1,2.3,119,DONCHIAN,ATR,1.4000000000000001,103,31,13,0.015000000000000001,72,34,17,0.048,78,15,17,0.05,ATR,4.7,38,9.5,3m,DEMA,False,False,False,True,False,True,True,0.49,10,1.0,DONCHIAN,1.4000000000000001,0.0,0.0,0.0,0.0,3m,0,0.0,DEMA,0.0,0.0,COMPLETE
255,-490.27587091366513,2026-01-16 12:38:37.817093,2026-01-16 12:38:52.217951,0 days 00:00:14.400858,18,1.7,3.1,2.3,112,DONCHIAN,ATR,1.3000000000000003,120,32,13,0.015000000000000001,72,34,17,0.048,78,15,17,0.05,ATR,4.7,38,9.5,3m,DEMA,False,False,False,False,False,True,True,0.3,10,1.0,DONCHIAN,1.3000000000000003,-7.882016452706749,-7.882016452706749,2.2194215662491157,2.2194215662491157,3m,49,49.0,DEMA,46.93877551020408,46.93877551020408,COMPLETE
256,106.98599526649832,2026-01-16 12:38:40.256958,2026-01-16 12:38:52.325887,0 days 00:00:12.068929,18,1.7,3.1,2.3,112,DONCHIAN,ATR,1.5000000000000002,101,32,13,0.015000000000000001,72,34,17,0.048,78,15,17,0.05,ATR,4.6,38,9.5,3m,TEMA,False,False,False,False,False,True,False,0.3,10,1.0,DONCHIAN,1.5000000000000002,-3.36134311868029,-3.36134311868029,8.794270090595493,8.794270090595493,3m,52,52.0,TEMA,50.0,50.0,COMPLETE
257,97.61946001124124,2026-01-16 12:38:43.182037,2026-01-16 12:38:53.585227,0 days 00:00:10.403190,19,1.7,3.1,2.3,112,DONCHIAN,ATR,1.5000000000000002,124,32,13,0.015000000000000001,72,34,17,0.044000000000000004,78,15,17,0.048,ATR,4.6,38,9.5,3m,DEMA,False,False,False,False,False,True,False,0.3,10,1.0,DONCHIAN,1.5000000000000002,-3.9657470325636988,-3.9657470325636988,7.836297991156578,7.836297991156578,3m,52,52.0,DEMA,50.0,50.0,COMPLETE
258,78.67594284761708,2026-01-16 12:38:47.489478,2026-01-16 12:39:03.327989,0 days 00:00:15.838511,19,1.5,3.1,2.2,111,DONCHIAN,ATR,1.5000000000000002,121,32,13,0.015000000000000001,72,34,17,0.048,78,15,17,0.048,ATR,4.6,35,9.5,3m,DEMA,False,False,False,False,False,True,False,0.3,10,1.0,DONCHIAN,1.5000000000000002,-5.714199465331818,-5.714199465331818,5.550142131895688,5.550142131895688,3m,62,62.0,DEMA,45.16129032258064,45.16129032258064,COMPLETE
259,76.60359343137588,2026-01-16 12:38:49.581023,2026-01-16 12:39:06.108821,0 days 00:00:16.527798,18,1.5,3.1,2.2,111,DONCHIAN,ATR,1.4000000000000001,124,32,13,0.0125,72,34,17,0.048,78,15,17,0.018000000000000002,ATR,4.6,40,9.5,3m,TEMA,False,False,False,False,False,True,False,0.3,10,1.0,DONCHIAN,1.4000000000000001,-4.4978127576271625,-4.4978127576271625,4.6151780154831705,4.6151780154831705,3m,62,62.0,TEMA,45.16129032258064,45.16129032258064,COMPLETE
260,78.75562363446988,2026-01-16 12:38:52.709254,2026-01-16 12:38:59.864086,0 days 00:00:07.154832,17,1.5,3.1,2.2,111,DONCHIAN,ATR,1.5000000000000002,126,32,13,0.0125,72,34,18,0.046000000000000006,78,15,17,0.048,ATR,4.4,40,9.5,3m,TEMA,False,False,False,False,False,True,False,0.31,10,1.0,DONCHIAN,1.5000000000000002,-5.122296732510566,-5.122296732510566,5.28635823612574,5.28635823612574,3m,61,61.0,TEMA,45.90163934426229,45.90163934426229,COMPLETE
261,57.71178545592829,2026-01-16 12:38:53.429455,2026-01-16 12:39:06.113957,0 days 00:00:12.684502,17,1.5,3.1,2.2,124,DONCHIAN,ATR,1.5000000000000002,108,32,13,0.0125,72,34,18,0.046000000000000006,78,15,17,0.048,ATR,4.4,40,9.5,3m,TEMA,False,False,False,False,False,True,False,0.31,10,1.0,DONCHIAN,1.5000000000000002,-6.506796123977578,-6.506796123977578,1.591614970168518,1.591614970168518,3m,61,61.0,TEMA,40.98360655737705,40.98360655737705,COMPLETE
262,79.35086495927135,2026-01-16 12:38:53.491787,2026-01-16 12:39:01.117608,0 days 00:00:07.625821,17,1.5,3.1,2.2,111,DONCHIAN,ATR,1.5000000000000002,128,32,13,0.013000000000000001,72,34,18,0.046000000000000006,78,15,17,0.048,ATR,4.4,40,9.5,3m,TEMA,False,False,False,False,False,True,False,0.31,10,1.0,DONCHIAN,1.5000000000000002,-5.322680616974406,-5.322680616974406,5.492607741438248,5.492607741438248,3m,61,61.0,TEMA,45.90163934426229,45.90163934426229,COMPLETE
263,68.6065906992817,2026-01-16 12:38:53.687567,2026-01-16 12:39:03.239952,0 days 00:00:09.552385,17,1.5,3.1,2.2,123,DONCHIAN,ATR,1.5000000000000002,126,32,13,0.0125,72,34,18,0.046000000000000006,78,15,17,0.048,ATR,4.4,36,9.5,3m,TEMA,False,False,False,False,False,True,False,0.31,10,1.0,DONCHIAN,1.5000000000000002,-5.122296732510566,-5.122296732510566,3.420586708175577,3.420586708175577,3m,60,60.0,TEMA,43.333333333333336,43.333333333333336,COMPLETE
264,66.04317997856106,2026-01-16 12:39:03.118458,2026-01-16 12:39:14.396044,0 days 00:00:11.277586,19,1.5,2.9000000000000004,2.3,124,DONCHIAN,ATR,1.4000000000000001,119,32,13,0.012,72,34,17,0.05,77,15,17,0.049,ATR,4.6,36,9.5,3m,TEMA,False,False,False,False,False,True,False,0.3,10,1.0,DONCHIAN,1.4000000000000001,-4.935620496154931,-4.935620496154931,2.8998598834317875,2.8998598834317875,3m,61,61.0,TEMA,42.62295081967213,42.62295081967213,COMPLETE
265,55.99886331808921,2026-01-16 12:39:03.209953,2026-01-16 12:39:16.021320,0 days 00:00:12.811367,19,1.5,3.1,2.3,123,DONCHIAN,ATR,1.4000000000000001,108,32,13,0.012,72,34,17,0.046000000000000006,77,15,17,0.049,ATR,4.6,36,9.5,3m,TEMA,False,False,False,False,False,True,False,0.3,10,1.0,DONCHIAN,1.4000000000000001,-6.062797535454331,-6.062797535454331,1.1950754312611767,1.1950754312611767,3m,62,62.0,TEMA,40.32258064516129,40.32258064516129,COMPLETE
266,98.4743148478019,2026-01-16 12:39:03.367172,2026-01-16 12:39:18.976615,0 days 00:00:15.609443,16,1.7,2.9000000000000004,2.3,118,DONCHIAN,ATR,1.4000000000000001,117,33,13,0.013500000000000002,72,34,17,0.05,77,15,17,0.049,ATR,4.6,38,10.0,3m,TEMA,False,False,False,False,False,True,False,0.3,10,1.2,DONCHIAN,1.4000000000000001,-3.064292580333782,-3.064292580333782,7.2347867779413,7.2347867779413,3m,51,51.0,TEMA,49.01960784313725,49.01960784313725,COMPLETE
267,56.311601262395925,2026-01-16 12:39:03.976708,2026-01-16 12:39:11.864721,0 days 00:00:07.888013,18,1.7,3.1,2.3,42,DONCHIAN,ATR,1.4000000000000001,117,33,13,0.013500000000000002,72,34,17,0.044000000000000004,77,15,17,0.049,ATR,4.6,38,10.0,3m,TEMA,False,False,False,False,False,True,False,0.3,10,1.2,DONCHIAN,1.4000000000000001,-12.975683895168109,-12.975683895168109,-13.313401875102718,-13.313401875102718,3m,95,95.0,TEMA,38.94736842105263,38.94736842105263,COMPLETE
268,-820.1003043306055,2026-01-16 12:39:06.156308,2026-01-16 12:39:19.041217,0 days 00:00:12.884909,19,1.7,2.9000000000000004,2.3,118,DONCHIAN,ATR,1.3000000000000003,119,33,14,0.014,71,34,17,0.044000000000000004,77,15,17,0.049,ATR,4.6,38,10.0,3m,DEMA,False,False,False,False,False,True,False,0.45999999999999996,10,1.2,DONCHIAN,1.3000000000000003,-6.166351477432171,-6.166351477432171,-4.038039568195329,-4.038039568195329,3m,32,32.0,DEMA,31.25,31.25,COMPLETE
269,82.23552426740389,2026-01-16 12:39:06.165969,2026-01-16 12:39:19.431615,0 days 00:00:13.265646,16,1.7,3.2,2.3,120,DONCHIAN,ATR,1.3000000000000003,108,33,14,0.0105,71,34,17,0.05,77,15,17,0.049,ATR,4.6,39,10.0,3m,DEMA,False,False,False,False,False,True,False,0.3,10,1.2,DONCHIAN,1.3000000000000003,-2.3620435799343475,-2.3620435799343475,4.420916863453039,4.420916863453039,3m,51,51.0,DEMA,49.01960784313725,49.01960784313725,COMPLETE
270,-2000.3238219779178,2026-01-16 12:39:14.606308,2026-01-16 12:39:19.542345,0 days 00:00:04.936037,19,1.8,3.2,2.3,119,DONCHIAN,ATR,1.3000000000000003,108,30,14,0.0105,71,33,17,0.044000000000000004,77,15,17,0.049,ATR,4.5,39,10.0,4h,DEMA,False,False,True,False,False,True,False,0.3,10,1.0,DONCHIAN,1.3000000000000003,-1.8857819788911736,-1.8857819788911736,-0.04172243489511311,-0.04172243489511311,4h,19,19.0,DEMA,42.10526315789473,42.10526315789473,COMPLETE
271,-521.7640322225043,2026-01-16 12:39:14.769184,2026-01-16 12:39:25.631474,0 days 00:00:10.862290,19,1.8,3.2,2.3,120,DONCHIAN,ATR,1.3000000000000003,107,30,14,0.0105,71,33,17,0.044000000000000004,77,15,17,0.049,ATR,4.5,39,10.0,4h,DEMA,False,False,False,False,False,True,False,0.3,10,1.0,DONCHIAN,1.3000000000000003,-6.954997399999216,-6.954997399999216,-4.648098873227136,-4.648098873227136,4h,43,43.0,DEMA,39.53488372093023,39.53488372093023,COMPLETE
272,-2306.666165697577,2026-01-16 12:39:17.642208,2026-01-16 12:39:21.184695,0 days 00:00:03.542487,16,1.8,3.2,2.3,118,DONCHIAN,ATR,1.3000000000000003,101,30,14,0.014,71,33,17,0.044000000000000004,76,15,17,0.049,ATR,4.5,39,10.0,4h,DEMA,False,False,True,False,False,True,False,0.45999999999999996,10,1.2,DONCHIAN,1.3000000000000003,-0.7131345676285797,-0.7131345676285797,-0.7205292291470338,-0.7205292291470338,4h,1,1.0,DEMA,0.0,0.0,COMPLETE
273,-1949.8626025278863,2026-01-16 12:39:19.103454,2026-01-16 12:39:21.789959,0 days 00:00:02.686505,18,5.1,3.2,2.3,119,DONCHIAN,ATR,1.3000000000000003,101,30,14,0.0105,71,33,17,0.045000000000000005,76,14,17,0.05,ATR,4.5,39,10.0,5m,DEMA,False,False,True,False,False,True,False,0.31,10,1.0,DONCHIAN,1.3000000000000003,-2.9146330774832063,-2.9146330774832063,7.354315038384055,7.354315038384055,5m,10,10.0,DEMA,40.0,40.0,COMPLETE
274,-1916.572216021606,2026-01-16 12:39:19.416116,2026-01-16 12:39:24.241465,0 days 00:00:04.825349,18,1.8,3.2,2.3,119,DONCHIAN,ATR,1.3000000000000003,111,33,14,0.011000000000000001,71,33,17,0.05,76,14,17,0.049,ATR,4.5,39,10.0,5m,DEMA,False,False,True,False,False,True,False,0.31,10,1.2,DONCHIAN,1.3000000000000003,-1.302138414157161,-1.302138414157161,3.963542496005399,3.963542496005399,5m,20,20.0,DEMA,55.00000000000001,55.00000000000001,COMPLETE
275,41.644589692728914,2026-01-16 12:39:19.613058,2026-01-16 12:39:25.683857,0 days 00:00:06.070799,18,1.9,3.0,2.3,56,DONCHIAN,ATR,1.4000000000000001,93,30,13,0.0145,72,33,17,0.049,76,14,17,0.05,ATR,4.5,38,10.0,3m,EMA,False,False,False,False,False,True,False,0.32,10,1.2,DONCHIAN,1.4000000000000001,-6.811771009348227,-6.811771009348227,-1.765327431051724,-1.765327431051724,3m,63,63.0,EMA,42.857142857142854,42.857142857142854,COMPLETE
276,-430.03577490826046,2026-01-16 12:39:19.630373,2026-01-16 12:39:25.916187,0 days 00:00:06.285814,16,1.9,3.0,2.3,112,DONCHIAN,ATR,1.4000000000000001,101,30,13,0.0385,72,33,17,0.049,76,14,17,0.05,ATR,4.5,38,10.0,5m,EMA,False,False,False,False,False,True,False,0.32,10,1.2,DONCHIAN,1.4000000000000001,-10.023192588561455,-10.023192588561455,18.27607118544183,18.27607118544183,5m,41,41.0,EMA,48.78048780487805,48.78048780487805,COMPLETE
277,-481.0698901900623,2026-01-16 12:39:21.874134,2026-01-16 12:39:31.886839,0 days 00:00:10.012705,18,1.9,3.3000000000000003,2.3,112,DONCHIAN,ATR,1.4000000000000001,116,33,13,0.015000000000000001,72,34,17,0.049,78,14,17,0.05,ATR,4.6,38,10.0,3m,EMA,False,False,False,False,False,True,False,0.39,10,1.0,DONCHIAN,1.4000000000000001,-5.434000479038803,-5.434000479038803,3.5771007836058035,3.5771007836058035,3m,36,36.0,EMA,41.66666666666667,41.66666666666667,COMPLETE
278,-454.7367451526725,2026-01-16 12:39:23.183533,2026-01-16 12:39:36.275592,0 days 00:00:13.092059,18,1.9,3.3000000000000003,2.3,111,DONCHIAN,ATR,1.4000000000000001,93,33,13,0.015000000000000001,72,34,17,0.048,78,14,17,0.05,ATR,4.6,38,10.0,3m,DEMA,False,False,False,False,False,True,False,0.32,10,1.0,DONCHIAN,1.4000000000000001,-3.2970137808651634,-3.2970137808651634,6.935553181457031,6.935553181457031,3m,42,42.0,DEMA,47.61904761904761,47.61904761904761,COMPLETE
279,103.33963708685133,2026-01-16 12:39:25.610446,2026-01-16 12:39:36.632629,0 days 00:00:11.022183,18,1.7,3.0,2.3,111,DONCHIAN,ATR,1.6,116,20,13,0.015000000000000001,72,34,17,0.048,78,14,16,0.011,ATR,4.7,38,10.0,3m,EMA,False,False,False,False,False,True,False,0.32,10,1.2,DONCHIAN,1.6,-3.8402686995752124,-3.8402686995752124,8.664747520738981,8.664747520738981,3m,50,50.0,EMA,48.0,48.0,COMPLETE
280,97.00092879158365,2026-01-16 12:39:25.748680,2026-01-16 12:39:32.275710,0 days 00:00:06.527030,19,1.7,2.9000000000000004,2.3,111,DONCHIAN,ATR,1.4000000000000001,116,31,13,0.013500000000000002,72,34,17,0.048,78,15,16,0.05,ATR,4.7,37,10.0,3m,DEMA,False,False,False,False,False,True,False,0.32,10,1.0,DONCHIAN,1.4000000000000001,-3.1343667621338676,-3.1343667621338676,7.071254114664346,7.071254114664346,3m,50,50.0,DEMA,48.0,48.0,COMPLETE
281,-1919.3361690445772,2026-01-16 12:39:25.803157,2026-01-16 12:39:41.209169,0 days 00:00:15.406012,19,3.4000000000000004,2.9000000000000004,2.3,112,DONCHIAN,ATR,1.6,116,31,13,0.015000000000000001,72,34,17,0.048,78,15,16,0.05,ATR,4.7,37,10.0,3m,DEMA,False,False,False,False,False,True,False,0.32,10,1.0,DONCHIAN,1.6,-6.391815653179868,-6.391815653179868,16.4986536351013,16.4986536351013,3m,22,22.0,DEMA,45.45454545454545,45.45454545454545,COMPLETE
282,101.05398370325838,2026-01-16 12:39:26.046881,2026-01-16 12:39:40.856174,0 days 00:00:14.809293,18,1.7,2.9000000000000004,2.3,112,DONCHIAN,ATR,1.2000000000000002,92,31,13,0.013500000000000002,71,34,17,0.048,78,15,16,0.048,ATR,4.7,37,10.0,3m,DEMA,False,False,False,False,False,True,False,0.31,10,1.0,DONCHIAN,1.2000000000000002,-2.5292668561615548,-2.5292668561615548,7.149664060969581,7.149664060969581,3m,51,51.0,DEMA,49.01960784313725,49.01960784313725,COMPLETE
283,111.81123195503824,2026-01-16 12:39:32.144676,2026-01-16 12:39:44.274897,0 days 00:00:12.130221,20,1.7,2.9000000000000004,2.3,112,DONCHIAN,ATR,1.6,93,31,13,0.013500000000000002,71,34,17,0.048,78,15,16,0.048,ATR,4.7,37,10.0,3m,DEMA,False,False,False,False,False,True,False,0.31,10,1.0,DONCHIAN,1.6,-3.365719277609061,-3.365719277609061,9.543523877959,9.543523877959,3m,51,51.0,DEMA,49.01960784313725,49.01960784313725,COMPLETE
284,91.41440156904082,2026-01-16 12:39:33.459140,2026-01-16 12:39:45.317805,0 days 00:00:11.858665,20,1.7,2.9000000000000004,2.3,111,DONCHIAN,ATR,1.2000000000000002,132,31,13,0.013000000000000001,72,34,18,0.048,78,15,16,0.048,ATR,4.7,40,9.5,3m,DEMA,False,False,False,False,False,True,False,0.32,10,1.0,DONCHIAN,1.2000000000000002,-2.5908112387396263,-2.5908112387396263,5.843787239012076,5.843787239012076,3m,50,50.0,DEMA,48.0,48.0,COMPLETE
285,-1923.1562337453734,2026-01-16 12:39:36.688375,2026-01-16 12:39:49.505616,0 days 00:00:12.817241,20,3.3,2.9000000000000004,2.4,127,DONCHIAN,PARABOLIC_SAR,1.6,115,32,13,0.013000000000000001,72,35,18,0.048,78,15,16,0.013000000000000001,ATR,4.7,37,9.5,3m,EMA,False,False,False,False,False,True,False,0.32,10,1.0,DONCHIAN,1.6,-4.639134841838524,-4.639134841838524,13.511734213364287,13.511734213364287,3m,22,22.0,EMA,54.54545454545454,54.54545454545454,COMPLETE
286,-1972.7072563828215,2026-01-16 12:39:36.727048,2026-01-16 12:39:49.384907,0 days 00:00:12.657859,20,3.4000000000000004,3.1,2.4,68,DONCHIAN,PARABOLIC_SAR,1.2000000000000002,123,32,13,0.013500000000000002,72,35,18,0.048,78,15,16,0.022,ATR,4.7,37,9.5,3m,EMA,False,False,False,False,False,True,False,0.32,10,1.0,DONCHIAN,1.2000000000000002,-6.017890142221981,-6.017890142221981,5.4172971665859455,5.4172971665859455,3m,29,29.0,EMA,51.724137931034484,51.724137931034484,COMPLETE
287,92.48373908429767,2026-01-16 12:39:41.296258,2026-01-16 12:39:51.745516,0 days 00:00:10.449258,20,1.7,2.9000000000000004,2.4,111,DONCHIAN,PARABOLIC_SAR,1.2000000000000002,123,32,13,0.013500000000000002,72,35,18,0.047,78,15,16,0.048,ATR,4.6,33,9.5,3m,EMA,False,False,False,False,False,True,False,0.32,10,1.0,DONCHIAN,1.2000000000000002,-2.689756726883164,-2.689756726883164,6.0672366311525465,6.0672366311525465,3m,50,50.0,EMA,48.0,48.0,COMPLETE
288,-459.37292201823584,2026-01-16 12:39:41.340461,2026-01-16 12:39:53.568255,0 days 00:00:12.227794,20,1.7,2.9000000000000004,2.4,127,DONCHIAN,PARABOLIC_SAR,1.7000000000000002,130,23,13,0.013500000000000002,72,35,18,0.047,78,15,16,0.048,ATR,4.6,36,9.5,3m,EMA,False,False,False,False,False,True,False,0.32,10,1.0,DONCHIAN,1.7000000000000002,-4.15445221195386,-4.15445221195386,6.814539148127404,6.814539148127404,3m,49,49.0,EMA,46.93877551020408,46.93877551020408,COMPLETE
289,22.581458364228638,2026-01-16 12:39:45.354781,2026-01-16 12:39:55.916710,0 days 00:00:10.561929,20,1.7,2.9000000000000004,2.4,66,DONCHIAN,ATR,1.7000000000000002,113,32,13,0.013000000000000001,72,35,18,0.047,78,15,16,0.011,ATR,4.6,36,9.5,3m,EMA,False,False,False,False,False,True,False,0.32,10,1.0,DONCHIAN,1.7000000000000002,-10.379915920918005,-10.379915920918005,-7.30967537402924,-7.30967537402924,3m,70,70.0,EMA,38.57142857142858,38.57142857142858,COMPLETE
290,101.80697361014609,2026-01-16 12:39:45.735462,2026-01-16 12:39:56.910077,0 days 00:00:11.174615,20,1.7,2.9000000000000004,2.4,111,DONCHIAN,PARABOLIC_SAR,1.7000000000000002,112,22,13,0.013000000000000001,72,35,18,0.047,78,15,16,0.025,ATR,4.6,36,9.5,3m,EMA,False,False,False,False,False,True,False,0.32,10,1.0,DONCHIAN,1.7000000000000002,-3.659944422007045,-3.659944422007045,8.257790200845758,8.257790200845758,3m,50,50.0,EMA,48.0,48.0,COMPLETE
291,97.61754178373303,2026-01-16 12:39:49.477955,2026-01-16 12:40:02.756890,0 days 00:00:13.278935,20,1.7,2.8,2.4,117,DONCHIAN,ATR,1.6,113,22,13,0.012,72,35,17,0.047,78,14,15,0.028999999999999998,ATR,4.6,33,9.5,3m,TEMA,False,False,False,False,False,True,False,0.31,10,1.2,DONCHIAN,1.6,-3.4170462897335385,-3.4170462897335385,7.393653804696072,7.393653804696072,3m,51,51.0,TEMA,47.05882352941176,47.05882352941176,COMPLETE
292,-1905.4885437383573,2026-01-16 12:39:50.108167,2026-01-16 12:40:00.168558,0 days 00:00:10.060391,19,3.6,2.8,2.2,117,DONCHIAN,ATR,1.8000000000000003,112,32,13,0.0115,72,35,17,0.05,78,15,15,0.031,ATR,4.6,36,10.0,3m,TEMA,False,False,False,False,False,True,False,0.31,10,1.2,DONCHIAN,1.8000000000000003,-6.865818899667995,-6.865818899667995,20.050017690397006,20.050017690397006,3m,21,21.0,TEMA,52.38095238095239,52.38095238095239,COMPLETE
293,-457.72672990914,2026-01-16 12:39:51.801581,2026-01-16 12:40:02.829113,0 days 00:00:11.027532,19,1.8,2.8,2.2,117,DONCHIAN,ATR,1.8000000000000003,114,31,13,0.0115,70,34,17,0.047,78,13,16,0.048,ATR,4.800000000000001,36,10.0,3m,TEMA,False,False,False,False,False,True,False,0.31,10,1.2,DONCHIAN,1.8000000000000003,-4.8409213713624055,-4.8409213713624055,7.574734841635893,7.574734841635893,3m,44,44.0,TEMA,47.72727272727273,47.72727272727273,COMPLETE
294,-139.67395589263742,2026-01-16 12:39:53.960613,2026-01-16 12:40:05.786615,0 days 00:00:11.826002,19,1.8,2.7,2.2,18,DONCHIAN,ATR,1.8000000000000003,112,31,13,0.012,70,34,17,0.049,78,14,16,0.024,ATR,4.800000000000001,35,10.0,3m,TEMA,False,False,False,False,False,True,False,0.31,10,1.2,DONCHIAN,1.8000000000000003,-21.626279853238657,-21.626279853238657,-16.684843836631078,-16.684843836631078,3m,115,115.0,TEMA,35.65217391304348,35.65217391304348,COMPLETE
295,-498.822177160152,2026-01-16 12:39:56.860829,2026-01-16 12:40:04.713795,0 days 00:00:07.852966,19,1.8,3.0,2.2,117,DONCHIAN,ATR,1.6,111,31,13,0.012,70,34,17,0.049,78,14,15,0.048,ATR,4.800000000000001,40,10.0,2h,TEMA,False,True,False,False,False,True,False,0.31,10,1.2,DONCHIAN,1.6,-7.393762101105393,-7.393762101105393,0.25975918594468383,0.25975918594468383,2h,35,35.0,TEMA,45.714285714285715,45.714285714285715,COMPLETE
296,-449.51422979513245,2026-01-16 12:39:58.037714,2026-01-16 12:40:09.780921,0 days 00:00:11.743207,29,1.8,2.8,2.2,118,DONCHIAN,PARABOLIC_SAR,1.5000000000000002,112,17,13,0.012,70,34,17,0.049,78,13,15,0.026000000000000002,ATR,4.800000000000001,37,10.0,3m,TEMA,False,True,False,False,False,True,False,0.31,10,1.2,DONCHIAN,1.5000000000000002,-3.248736364477272,-3.248736364477272,7.694201753549463,7.694201753549463,3m,42,42.0,TEMA,47.61904761904761,47.61904761904761,COMPLETE
297,-455.5342018202973,2026-01-16 12:40:02.506842,2026-01-16 12:40:08.647132,0 days 00:00:06.140290,19,1.8,3.0,2.2,110,DONCHIAN,PARABOLIC_SAR,1.6,117,24,13,0.0115,70,34,17,0.049,75,14,16,0.025,ATR,4.800000000000001,35,10.0,3m,SUPERTREND,False,True,False,False,False,True,False,0.31,10,1.6,DONCHIAN,1.6,-3.289320586237835,-3.289320586237835,6.807527357990388,6.807527357990388,3m,36,36.0,SUPERTREND,47.22222222222222,47.22222222222222,COMPLETE
298,-441.4579566547327,2026-01-16 12:40:03.123135,2026-01-16 12:40:09.205957,0 days 00:00:06.082822,19,1.8,3.0,2.4,18,DONCHIAN,ATR,1.6,117,19,12,0.012,72,35,17,0.048,78,14,15,0.03,ATR,4.4,35,9.0,2h,TEMA,False,True,False,False,False,True,False,0.32999999999999996,10,1.2,DONCHIAN,1.6,-20.66312917566923,-20.66312917566923,-16.933223037958612,-16.933223037958612,2h,83,83.0,TEMA,33.734939759036145,33.734939759036145,COMPLETE
299,-503.91798704074336,2026-01-16 12:40:03.182177,2026-01-16 12:40:07.597822,0 days 00:00:04.415645,19,1.8,3.0,2.4,110,DONCHIAN,PARABOLIC_SAR,1.6,111,20,12,0.012,72,35,17,0.048,78,14,15,0.03,ATR,4.4,35,9.0,2h,TEMA,False,True,False,False,False,True,False,0.32999999999999996,10,1.2,DONCHIAN,1.6,-7.03930787726814,-7.03930787726814,-0.8420232708744005,-0.8420232708744005,2h,37,37.0,TEMA,40.54054054054054,40.54054054054054,COMPLETE
300,-456.3662095306245,2026-01-16 12:40:04.779827,2026-01-16 12:40:15.610043,0 days 00:00:10.830216,20,1.8,3.0,2.4,110,DONCHIAN,PARABOLIC_SAR,1.7000000000000002,117,20,12,0.012,72,35,17,0.048,78,13,15,0.016,ATR,4.4,30,9.5,3m,TEMA,False,False,False,False,False,True,False,0.32999999999999996,10,1.2,DONCHIAN,1.7000000000000002,-3.7606140228561036,-3.7606140228561036,7.029360767971491,7.029360767971491,3m,44,44.0,TEMA,47.72727272727273,47.72727272727273,COMPLETE
301,-1980.4644724655686,2026-01-16 12:40:05.931101,2026-01-16 12:40:17.238237,0 days 00:00:11.307136,19,1.7,3.0,2.4,111,DONCHIAN,ATR,1.6,119,19,12,0.015000000000000001,72,35,17,0.048,78,14,15,0.027000000000000003,ATR,4.6,37,8.5,3m,TEMA,False,False,False,False,False,True,False,0.53,10,1.6,DONCHIAN,1.6,-2.426722287853995,-2.426722287853995,2.701095866188407,2.701095866188407,3m,22,22.0,TEMA,45.45454545454545,45.45454545454545,COMPLETE
302,-451.9944458469945,2026-01-16 12:40:08.503964,2026-01-16 12:40:20.309460,0 days 00:00:11.805496,20,1.7,3.0,2.4,111,DONCHIAN,PARABOLIC_SAR,1.5000000000000002,117,19,13,0.015000000000000001,72,35,17,0.048,77,13,15,0.028000000000000004,ATR,4.6,34,9.0,3m,SUPERTREND,False,False,False,False,False,True,False,0.31,10,1.0,DONCHIAN,1.5000000000000002,-3.4350779580349995,-3.4350779580349995,7.468627298925956,7.468627298925956,3m,42,42.0,SUPERTREND,47.61904761904761,47.61904761904761,COMPLETE
303,104.93770985345327,2026-01-16 12:40:09.170317,2026-01-16 12:40:22.273912,0 days 00:00:13.103595,20,1.7,2.8,2.3,122,DONCHIAN,PARABOLIC_SAR,1.5000000000000002,122,22,13,0.015000000000000001,72,35,17,0.047,77,13,15,0.027000000000000003,ATR,4.6,33,9.5,3m,EMA,False,False,False,False,False,True,False,0.31,10,1.0,DONCHIAN,1.5000000000000002,-3.6289061626675565,-3.6289061626675565,8.727922610348928,8.727922610348928,3m,50,50.0,EMA,48.0,48.0,COMPLETE
304,91.33189100140316,2026-01-16 12:40:09.651604,2026-01-16 12:40:22.265382,0 days 00:00:12.613778,20,1.7,2.8,2.3,121,DONCHIAN,ATR,1.5000000000000002,120,22,13,0.009500000000000001,72,35,17,0.047,77,13,15,0.027000000000000003,ATR,4.6,34,9.5,3m,EMA,False,False,False,False,False,True,False,0.31,10,2.2,DONCHIAN,1.5000000000000002,-2.3054832518986776,-2.3054832518986776,5.62784730713577,5.62784730713577,3m,50,50.0,EMA,48.0,48.0,COMPLETE
305,-1990.0924614632113,2026-01-16 12:40:09.846443,2026-01-16 12:40:22.375219,0 days 00:00:12.528776,17,1.7,2.9000000000000004,2.3,122,DONCHIAN,ATR,1.7000000000000002,122,20,13,0.015000000000000001,72,35,17,0.047,77,15,16,0.028999999999999998,ATR,4.6,34,9.5,3m,EMA,False,False,False,False,False,True,False,0.53,10,1.0,DONCHIAN,1.7000000000000002,-2.881437372612257,-2.881437372612257,1.4476196535042953,1.4476196535042953,3m,22,22.0,EMA,40.909090909090914,40.909090909090914,COMPLETE
306,101.42524391268671,2026-01-16 12:40:17.675781,2026-01-16 12:40:28.269976,0 days 00:00:10.594195,20,1.7,2.7,2.3,122,DONCHIAN,ATR,1.5000000000000002,107,18,13,0.013000000000000001,71,33,18,0.047,77,15,16,0.01,ATR,4.6,38,9.5,3m,EMA,False,False,False,False,False,True,False,0.31,10,1.0,DONCHIAN,1.5000000000000002,-3.2643528486002666,-3.2643528486002666,7.85108578839621,7.85108578839621,3m,50,50.0,EMA,48.0,48.0,COMPLETE
307,89.71554055998877,2026-01-16 12:40:18.011957,2026-01-16 12:40:29.277567,0 days 00:00:11.265610,20,1.7,2.9000000000000004,2.3,123,DONCHIAN,ATR,1.5000000000000002,123,20,13,0.009500000000000001,71,33,18,0.047,77,15,16,0.019000000000000003,ATR,4.6,38,9.5,3m,EMA,False,False,False,False,False,True,False,0.31,10,1.0,DONCHIAN,1.5000000000000002,-2.2263952671841407,-2.2263952671841407,5.353163157657604,5.353163157657604,3m,50,50.0,EMA,48.0,48.0,COMPLETE
308,103.77185741970607,2026-01-16 12:40:21.460345,2026-01-16 12:40:28.333308,0 days 00:00:06.872963,17,1.7,2.9000000000000004,2.3,123,DONCHIAN,ATR,1.5000000000000002,92,20,13,0.015000000000000001,71,33,18,0.046000000000000006,77,15,16,0.020999999999999998,ATR,4.7,38,9.5,3m,EMA,False,False,False,False,False,True,False,0.31,10,1.0,DONCHIAN,1.5000000000000002,-3.504802967904403,-3.504802967904403,8.429471139782086,8.429471139782086,3m,50,50.0,EMA,48.0,48.0,COMPLETE
309,17.315072611179858,2026-01-16 12:40:22.462288,2026-01-16 12:40:33.912974,0 days 00:00:11.450686,17,1.9,2.6,2.3,125,CCI,PARABOLIC_SAR,1.5000000000000002,126,21,13,0.013000000000000001,71,34,18,0.046000000000000006,77,11,16,0.028999999999999998,ATR,4.5,38,10.0,3m,EMA,False,False,False,False,False,True,False,0.32,10,1.0,CCI,1.5000000000000002,-14.695644219900524,-14.695644219900524,-10.756459943033732,-10.756459943033732,3m,61,61.0,EMA,37.704918032786885,37.704918032786885,COMPLETE
310,-2300.0,2026-01-16 12:40:22.497288,2026-01-16 12:40:35.080047,0 days 00:00:12.582759,17,2.8,2.6,2.3,119,KELTNER,PARABOLIC_SAR,1.5000000000000002,108,21,13,0.013000000000000001,71,34,18,0.046000000000000006,77,15,16,0.019000000000000003,ATR,2.7,32,10.0,3m,EMA,False,False,False,True,False,True,False,0.32,10,1.0,KELTNER,1.5000000000000002,0.0,0.0,0.0,0.0,3m,0,0.0,EMA,0.0,0.0,COMPLETE
311,-529.4820338596637,2026-01-16 12:40:22.477467,2026-01-16 12:40:33.841495,0 days 00:00:11.364028,17,1.9,2.7,2.3,130,CCI,PARABOLIC_SAR,1.5000000000000002,127,23,13,0.017,71,34,18,0.046000000000000006,77,15,16,0.014,ATR,4.5,29,10.0,3m,SMA,False,False,False,True,False,True,False,0.32,10,1.0,CCI,1.5000000000000002,-10.115457530577883,-10.115457530577883,-7.742390818408388,-7.742390818408388,3m,32,32.0,SMA,37.5,37.5,COMPLETE
312,-464.89857963874874,2026-01-16 12:40:28.395920,2026-01-16 12:40:42.690592,0 days 00:00:14.294672,16,1.9,2.7,2.3,123,KELTNER,PARABOLIC_SAR,1.5000000000000002,125,21,13,0.013000000000000001,71,33,18,0.046000000000000006,77,12,16,0.01,ATR,4.5,37,9.5,3m,EMA,False,False,False,True,False,True,True,0.32,10,1.4,KELTNER,1.5000000000000002,-7.359647528853315,-7.359647528853315,7.722366400549048,7.722366400549048,3m,34,34.0,EMA,44.11764705882353,44.11764705882353,COMPLETE
313,-1939.6476978511419,2026-01-16 12:40:28.458336,2026-01-16 12:40:43.640234,0 days 00:00:15.181898,17,3.0,2.7,2.3,126,DONCHIAN,PARABOLIC_SAR,1.5000000000000002,92,21,13,0.013000000000000001,71,33,18,0.046000000000000006,77,12,16,0.028999999999999998,ATR,4.5,31,9.5,3m,EMA,False,False,False,True,False,True,False,0.32,10,1.0,DONCHIAN,1.5000000000000002,-4.2198753606676,-4.2198753606676,10.189367122134891,10.189367122134891,3m,11,11.0,EMA,54.54545454545454,54.54545454545454,COMPLETE
314,-509.0129724273829,2026-01-16 12:40:30.151565,2026-01-16 12:40:46.252933,0 days 00:00:16.101368,17,1.7,2.7,2.3,131,CCI,PARABOLIC_SAR,1.5000000000000002,106,23,13,0.013000000000000001,71,33,18,0.046000000000000006,77,12,16,0.026000000000000002,ATR,4.5,32,9.5,3m,EMA,False,False,False,True,False,True,True,0.32,10,1.0,CCI,1.5000000000000002,-5.667555312237321,-5.667555312237321,-1.737571262426628,-1.737571262426628,3m,34,34.0,EMA,38.23529411764706,38.23529411764706,COMPLETE
315,-2300.0,2026-01-16 12:40:33.928725,2026-01-16 12:40:45.111817,0 days 00:00:11.183092,20,4.0,2.7,2.3,132,KELTNER,PARABOLIC_SAR,1.6,92,21,13,0.0155,71,33,18,0.047,76,14,16,0.011,ATR,4.7,37,9.5,3m,EMA,False,False,False,False,False,False,True,0.32,10,1.0,KELTNER,1.6,0.0,0.0,0.0,0.0,3m,0,0.0,EMA,0.0,0.0,COMPLETE
316,-2300.0,2026-01-16 12:40:34.094502,2026-01-16 12:40:47.581966,0 days 00:00:13.487464,20,1.9,2.8,2.3,119,KELTNER,PARABOLIC_SAR,1.6,106,24,13,0.0155,71,33,18,0.047,76,14,16,0.026000000000000002,ATR,2.2,37,9.5,3m,EMA,False,False,False,False,False,False,True,0.32,10,1.0,KELTNER,1.6,0.0,0.0,0.0,0.0,3m,0,0.0,EMA,0.0,0.0,COMPLETE
317,56.15178834164544,2026-01-16 12:40:35.211921,2026-01-16 12:40:48.541484,0 days 00:00:13.329563,20,1.9,2.7,2.3,126,DONCHIAN,PARABOLIC_SAR,1.4000000000000001,92,21,14,0.0155,71,33,18,0.047,76,14,16,0.01,ATR,4.7,37,9.5,3m,EMA,False,False,False,False,False,False,False,0.32,10,1.2,DONCHIAN,1.4000000000000001,-10.156542316205178,-10.156542316205178,1.6193581093197456,1.6193581093197456,3m,52,52.0,EMA,44.230769230769226,44.230769230769226,COMPLETE
318,75.7279422141637,2026-01-16 12:40:44.375578,2026-01-16 12:40:54.291564,0 days 00:00:09.915986,20,1.7,2.8,2.4,121,DONCHIAN,ATR,1.4000000000000001,107,22,14,0.031,71,35,18,0.047,76,14,14,0.020999999999999998,ATR,4.7,37,9.0,3m,EMA,False,False,False,False,False,False,False,0.31,10,1.2,DONCHIAN,1.4000000000000001,-14.769553150523363,-14.769553150523363,8.493476141090179,8.493476141090179,3m,61,61.0,EMA,47.540983606557376,47.540983606557376,COMPLETE
319,86.11397499556278,2026-01-16 12:40:44.976011,2026-01-16 12:40:54.234831,0 days 00:00:09.258820,20,1.7,2.8,2.4,35,DONCHIAN,ATR,1.4000000000000001,105,22,14,0.0155,71,35,18,0.047,76,14,14,0.011,ATR,2.4000000000000004,37,9.0,3m,EMA,False,False,False,False,False,False,False,0.31,10,1.2,DONCHIAN,1.4000000000000001,-16.46996720156839,-16.46996720156839,-4.908744248044619,-4.908744248044619,3m,115,115.0,EMA,45.21739130434783,45.21739130434783,COMPLETE
320,76.906633859061,2026-01-16 12:40:47.117154,2026-01-16 12:40:57.464602,0 days 00:00:10.347448,20,1.5,2.8,2.4,126,DONCHIAN,ATR,1.4000000000000001,107,19,14,0.0155,71,35,18,0.047,76,15,16,0.01,ATR,4.7,37,9.0,3m,EMA,False,False,False,False,False,True,False,0.31,10,1.2,DONCHIAN,1.4000000000000001,-6.4835051320063215,-6.4835051320063215,5.54310644681789,5.54310644681789,3m,59,59.0,EMA,44.06779661016949,44.06779661016949,COMPLETE
321,-2300.0,2026-01-16 12:40:47.171288,2026-01-16 12:40:57.590476,0 days 00:00:10.419188,19,1.5,2.8,2.4,121,DONCHIAN,ATR,1.4000000000000001,106,22,13,0.033,71,35,18,0.047,76,15,14,0.01,FIXED,4.7,37,9.0,3m,EMA,False,False,False,False,False,True,False,0.31,10,1.2,DONCHIAN,1.4000000000000001,0.0,0.0,0.0,0.0,3m,0,0.0,EMA,0.0,0.0,COMPLETE
322,-1222.8301398699086,2026-01-16 12:40:48.640110,2026-01-16 12:41:00.054492,0 days 00:00:11.414382,16,1.5,2.8,2.4,121,DONCHIAN,ATR,1.4000000000000001,104,22,14,0.0145,71,35,17,0.05,77,15,15,0.024,FIXED,4.7,25,9.0,3m,EMA,False,False,False,False,False,True,False,0.31,10,1.2,DONCHIAN,1.4000000000000001,-63.93811961830359,-63.93811961830359,-59.43919472423883,-59.43919472423883,3m,123,123.0,EMA,20.32520325203252,20.32520325203252,COMPLETE
323,-1237.1110079952105,2026-01-16 12:40:48.453000,2026-01-16 12:41:01.040891,0 days 00:00:12.587891,16,1.5,2.8,2.4,121,DONCHIAN,ATR,1.4000000000000001,103,22,14,0.0145,71,35,17,0.05,77,15,15,0.048,FIXED,4.7,38,9.0,3m,EMA,False,False,False,False,False,True,False,0.31,10,1.2,DONCHIAN,1.4000000000000001,-35.443402742467875,-35.443402742467875,-21.37366958106867,-21.37366958106867,3m,80,80.0,EMA,28.749999999999996,28.749999999999996,COMPLETE
324,-1271.6405331019932,2026-01-16 12:40:54.862453,2026-01-16 12:41:03.841469,0 days 00:00:08.979016,16,1.5,2.9000000000000004,2.2,123,DONCHIAN,ATR,1.7000000000000002,103,15,12,0.0145,72,35,17,0.05,77,15,15,0.027000000000000003,FIXED,4.300000000000001,38,10.0,3m,EMA,False,False,False,False,False,True,False,0.31,10,1.0,DONCHIAN,1.7000000000000002,-65.4336061825565,-65.4336061825565,-59.21251340313012,-59.21251340313012,3m,113,113.0,EMA,22.123893805309734,22.123893805309734,COMPLETE
325,-1387.0422135848876,2026-01-16 12:40:54.875579,2026-01-16 12:41:03.390922,0 days 00:00:08.515343,18,1.5,2.9000000000000004,2.2,123,DONCHIAN,ATR,1.7000000000000002,103,19,12,0.0145,72,35,17,0.05,77,15,15,0.033,FIXED,4.6,38,10.0,1d,EMA,False,False,False,False,False,True,False,0.31,10,1.0,DONCHIAN,1.7000000000000002,-76.04095482921937,-76.04095482921937,-77.92694317175206,-77.92694317175206,1d,46,46.0,EMA,10.869565217391305,10.869565217391305,COMPLETE
326,-2325.9877008529174,2026-01-16 12:40:57.953475,2026-01-16 12:41:04.908660,0 days 00:00:06.955185,18,1.6,2.9000000000000004,2.2,117,DONCHIAN,ATR,1.7000000000000002,102,18,12,0.0145,72,34,17,0.05,77,15,15,0.023,ATR,4.6,38,6.5,1d,DEMA,False,False,False,False,False,True,False,0.56,10,2.6,DONCHIAN,1.7000000000000002,-4.914859306644356,-4.914859306644356,-4.68843610927976,-4.68843610927976,1d,9,9.0,DEMA,22.22222222222222,22.22222222222222,COMPLETE
327,107.44894618580292,2026-01-16 12:40:59.068310,2026-01-16 12:41:06.533217,0 days 00:00:07.464907,18,1.6,2.9000000000000004,2.2,117,DONCHIAN,ATR,1.7000000000000002,102,22,12,0.017,72,34,17,0.05,77,15,15,0.027000000000000003,ATR,4.6,38,10.0,3m,DEMA,False,False,False,False,False,True,False,0.31,10,1.0,DONCHIAN,1.7000000000000002,-5.073316698993798,-5.073316698993798,10.514835862274515,10.514835862274515,3m,56,56.0,DEMA,44.642857142857146,44.642857142857146,COMPLETE
328,-1359.0372674846194,2026-01-16 12:41:00.968840,2026-01-16 12:41:05.811716,0 days 00:00:04.842876,18,1.6,2.9000000000000004,2.2,117,DONCHIAN,ATR,1.7000000000000002,121,23,12,0.017,72,34,17,0.048,78,15,16,0.022,ATR,4.6,38,6.5,1d,DEMA,False,False,False,False,False,True,False,0.32999999999999996,35,1.0,DONCHIAN,1.7000000000000002,-30.025124943978867,-30.025124943978867,-30.628191173424955,-30.628191173424955,1d,37,37.0,DEMA,8.108108108108109,8.108108108108109,COMPLETE
329,-1359.0372674846194,2026-01-16 12:41:01.959027,2026-01-16 12:41:05.382092,0 days 00:00:03.423065,18,1.6,2.9000000000000004,2.2,117,DONCHIAN,ATR,1.7000000000000002,94,23,12,0.017,72,34,16,0.048,78,15,16,0.027000000000000003,ATR,4.6,38,10.0,1d,DEMA,False,False,False,False,False,True,False,0.32999999999999996,10,1.0,DONCHIAN,1.7000000000000002,-30.025124943978867,-30.025124943978867,-30.628191173424955,-30.628191173424955,1d,37,37.0,DEMA,8.108108108108109,8.108108108108109,COMPLETE
330,89.07142271929297,2026-01-16 12:41:03.822766,2026-01-16 12:41:15.413491,0 days 00:00:11.590725,18,1.6,3.1,2.3,117,DONCHIAN,ATR,1.2000000000000002,133,20,13,0.029500000000000002,70,34,16,0.048,78,15,16,0.028000000000000004,ATR,4.6,39,10.0,3m,DEMA,False,False,False,False,False,True,False,0.32999999999999996,35,1.4,DONCHIAN,1.2000000000000002,-7.107474144824871,-7.107474144824871,8.439334557912801,8.439334557912801,3m,56,56.0,DEMA,44.642857142857146,44.642857142857146,COMPLETE
331,79.9798137915277,2026-01-16 12:41:04.890731,2026-01-16 12:41:19.276730,0 days 00:00:14.385999,18,1.6,3.1,2.3,117,DONCHIAN,ATR,1.2000000000000002,119,22,13,0.017,70,34,17,0.048,78,15,16,0.032,ATR,4.6,39,10.0,3m,DEMA,False,False,False,False,False,True,False,0.32999999999999996,10,1.4,DONCHIAN,1.2000000000000002,-4.0949660756016355,-4.0949660756016355,4.998679576064809,4.998679576064809,3m,56,56.0,DEMA,44.642857142857146,44.642857142857146,COMPLETE
332,82.53041466193463,2026-01-16 12:41:05.331681,2026-01-16 12:41:19.445948,0 days 00:00:14.114267,19,1.7,3.1,2.3,117,DONCHIAN,ATR,1.2000000000000002,94,20,13,0.017,70,34,16,0.048,78,15,16,0.028000000000000004,ATR,4.6,36,10.0,3m,DEMA,False,False,False,False,False,True,False,0.32999999999999996,10,1.0,DONCHIAN,1.2000000000000002,-3.980887404324577,-3.980887404324577,5.361527112748288,5.361527112748288,3m,50,50.0,DEMA,46.0,46.0,COMPLETE
333,92.62897787292513,2026-01-16 12:41:05.517243,2026-01-16 12:41:15.555813,0 days 00:00:10.038570,19,1.7,3.1,2.3,116,DONCHIAN,ATR,1.6,121,18,13,0.011000000000000001,70,34,16,0.048,78,15,16,0.025,ATR,4.800000000000001,36,10.0,3m,DEMA,False,False,False,False,False,True,False,0.31,35,1.4,DONCHIAN,1.6,-2.838374200643378,-2.838374200643378,6.197086757581006,6.197086757581006,3m,51,51.0,DEMA,49.01960784313725,49.01960784313725,COMPLETE
334,-482.83224109703497,2026-01-16 12:41:06.416646,2026-01-16 12:41:18.469075,0 days 00:00:12.052429,19,1.8,3.1,2.3,116,DONCHIAN,ATR,1.2000000000000002,115,16,13,0.013000000000000001,70,34,16,0.01,78,15,17,0.012,ATR,4.800000000000001,40,10.0,3m,DEMA,False,False,False,False,False,True,False,0.33999999999999997,10,1.0,DONCHIAN,1.2000000000000002,-4.838548710224444,-4.838548710224444,3.075529205285036,3.075529205285036,3m,44,44.0,DEMA,45.45454545454545,45.45454545454545,COMPLETE
335,-2005.7764419285318,2026-01-16 12:41:06.606291,2026-01-16 12:41:18.745049,0 days 00:00:12.138758,18,1.8,3.1,2.3,118,DONCHIAN,ATR,1.6,115,22,13,0.011000000000000001,70,34,16,0.049,77,14,16,0.028000000000000004,ATR,4.5,36,10.0,3m,DEMA,False,False,False,False,False,True,False,0.44,10,1.4,DONCHIAN,1.6,-4.008423190892066,-4.008423190892066,-0.9547268349841469,-0.9547268349841469,3m,28,28.0,DEMA,46.42857142857143,46.42857142857143,COMPLETE
336,-455.72382056784954,2026-01-16 12:41:17.600253,2026-01-16 12:41:28.102093,0 days 00:00:10.501840,17,1.8,3.0,2.3,119,DONCHIAN,ATR,1.2000000000000002,115,17,13,0.0125,71,34,17,0.046000000000000006,77,14,15,0.028999999999999998,ATR,4.5,36,10.0,3m,DEMA,False,False,False,False,False,True,False,0.31,10,1.0,DONCHIAN,1.2000000000000002,-2.411205167328438,-2.411205167328438,6.109974267320219,6.109974267320219,3m,43,43.0,DEMA,48.837209302325576,48.837209302325576,COMPLETE
337,-454.5179486398001,2026-01-16 12:41:18.306474,2026-01-16 12:41:25.157971,0 days 00:00:06.851497,17,1.8,3.0,2.3,119,DONCHIAN,ATR,1.2000000000000002,115,22,13,0.013000000000000001,71,34,17,0.049,77,14,15,0.013000000000000001,ATR,4.5,36,10.0,3m,SMA,False,False,False,False,False,True,False,0.31,10,1.0,DONCHIAN,1.2000000000000002,-2.508633015129674,-2.508633015129674,6.353127611453435,6.353127611453435,3m,43,43.0,SMA,48.837209302325576,48.837209302325576,COMPLETE
338,109.20669282057952,2026-01-16 12:41:19.362375,2026-01-16 12:41:30.068582,0 days 00:00:10.706207,17,1.7,3.0,2.1,114,DONCHIAN,ATR,1.8000000000000003,110,22,13,0.0125,71,34,17,0.046000000000000006,77,13,15,0.028000000000000004,ATR,4.300000000000001,36,10.0,3m,SMA,False,False,False,False,False,True,False,0.31,10,1.0,DONCHIAN,1.8000000000000003,-3.3889063543997797,-3.3889063543997797,9.164764519379148,9.164764519379148,3m,51,51.0,SMA,49.01960784313725,49.01960784313725,COMPLETE
339,-460.824516583265,2026-01-16 12:41:19.412437,2026-01-16 12:41:26.418958,0 days 00:00:07.006521,17,2.0,3.0,2.1,120,DONCHIAN,ATR,1.5000000000000002,110,18,13,0.0125,71,33,17,0.046000000000000006,75,11,17,0.03,ATR,4.300000000000001,33,10.0,3m,TEMA,False,False,False,False,False,True,False,0.31,10,1.0,DONCHIAN,1.5000000000000002,-3.556559129656483,-3.556559129656483,6.175717855754914,6.175717855754914,3m,40,40.0,TEMA,47.5,47.5,COMPLETE
340,-456.4841762353162,2026-01-16 12:41:19.456393,2026-01-16 12:41:31.982600,0 days 00:00:12.526207,17,2.0,3.0,2.2,120,DONCHIAN,ATR,1.8000000000000003,112,18,13,0.0125,71,33,17,0.046000000000000006,77,11,15,0.025,ATR,4.300000000000001,33,10.0,3m,TEMA,False,False,False,False,False,True,False,0.31,10,1.0,DONCHIAN,1.8000000000000003,-4.260411746634169,-4.260411746634169,7.376403568556998,7.376403568556998,3m,40,40.0,TEMA,47.5,47.5,COMPLETE
341,106.75304652387786,2026-01-16 12:41:19.631109,2026-01-16 12:41:33.329858,0 days 00:00:13.698749,17,1.7,3.0,2.1,121,DONCHIAN,ATR,1.8000000000000003,110,32,13,0.0125,71,33,17,0.046000000000000006,77,14,15,0.03,ATR,4.4,33,10.0,3m,TEMA,False,False,False,False,False,True,False,0.31,10,1.0,DONCHIAN,1.8000000000000003,-3.472396833669943,-3.472396833669943,8.865561114268122,8.865561114268122,3m,50,50.0,TEMA,48.0,48.0,COMPLETE
342,-452.28817331586015,2026-01-16 12:41:25.209007,2026-01-16 12:41:37.318910,0 days 00:00:12.109903,17,1.7,3.0,2.2,123,DONCHIAN,ATR,1.9000000000000001,109,17,13,0.0125,71,32,17,0.046000000000000006,77,15,17,0.026000000000000002,ATR,4.4,33,10.0,3m,TEMA,False,False,False,False,False,True,False,0.32,10,1.0,DONCHIAN,1.9000000000000001,-3.8006670571623444,-3.8006670571623444,7.7186273337008195,7.7186273337008195,3m,49,49.0,TEMA,46.93877551020408,46.93877551020408,COMPLETE
343,-493.79249469808565,2026-01-16 12:41:28.084244,2026-01-16 12:41:38.397725,0 days 00:00:10.313481,19,1.7,3.0,2.2,124,DONCHIAN,ATR,1.8000000000000003,111,33,13,0.013500000000000002,71,34,17,0.046000000000000006,77,13,17,0.025,ATR,4.4,39,10.0,3m,HMA,False,False,False,False,False,True,False,0.37,10,1.2,DONCHIAN,1.8000000000000003,-8.329109498471077,-8.329109498471077,1.4601812058299197,1.4601812058299197,3m,44,44.0,HMA,40.909090909090914,40.909090909090914,COMPLETE
344,-1996.1945974437963,2026-01-16 12:41:29.919090,2026-01-16 12:41:43.505991,0 days 00:00:13.586901,18,1.7,2.9000000000000004,2.2,129,DONCHIAN,ATR,1.8000000000000003,110,21,13,0.013500000000000002,72,35,17,0.049,77,13,17,0.049,ATR,4.800000000000001,39,9.5,3m,HMA,False,False,True,False,False,True,False,0.32,10,1.0,DONCHIAN,1.8000000000000003,-7.2478739916968165,-7.2478739916968165,0.8304494212426246,0.8304494212426246,3m,20,20.0,HMA,40.0,40.0,COMPLETE
345,-696.4281731590409,2026-01-16 12:41:31.329548,2026-01-16 12:41:42.466267,0 days 00:00:11.136719,15,1.7,3.0,2.1,124,DONCHIAN,ATR,1.9000000000000001,110,17,13,0.0465,71,33,17,0.046000000000000006,77,13,15,0.026000000000000002,ATR,4.4,39,9.5,3m,HMA,False,False,False,False,False,True,False,0.37,10,1.2,DONCHIAN,1.9000000000000001,-27.779876041931615,-27.779876041931615,1.7635811175617855,1.7635811175617855,3m,44,44.0,HMA,40.909090909090914,40.909090909090914,COMPLETE
346,-1987.9437996391066,2026-01-16 12:41:32.015944,2026-01-16 12:41:37.241925,0 days 00:00:05.225981,18,1.7,3.0,2.1,128,DONCHIAN,ATR,1.6,108,24,13,0.01,71,35,17,0.046000000000000006,77,15,15,0.026000000000000002,ATR,4.4,39,9.5,30m,SMA,False,False,True,False,False,True,False,0.3,10,1.2,DONCHIAN,1.6,-2.978282748319833,-2.978282748319833,1.7816133559707668,1.7816133559707668,30m,20,20.0,SMA,50.0,50.0,COMPLETE
347,-515.9183891326402,2026-01-16 12:41:34.216373,2026-01-16 12:41:42.467604,0 days 00:00:08.251231,16,1.9,3.0,2.2,127,DONCHIAN,ATR,1.8000000000000003,107,24,13,0.011000000000000001,71,33,17,0.046000000000000006,77,13,15,0.028999999999999998,ATR,4.4,35,9.5,30m,TEMA,False,False,False,False,False,True,False,0.32,10,1.2,DONCHIAN,1.8000000000000003,-7.70651565678321,-7.70651565678321,-3.5892736026125145,-3.5892736026125145,30m,41,41.0,TEMA,41.46341463414634,41.46341463414634,COMPLETE
348,-462.45519568660075,2026-01-16 12:41:37.352643,2026-01-16 12:41:48.094966,0 days 00:00:10.742323,17,1.9,2.9000000000000004,2.0,125,DONCHIAN,ATR,1.8000000000000003,112,23,15,0.011000000000000001,71,32,17,0.047,76,13,15,0.031,ATR,3.6,38,9.5,3m,SMA,False,False,False,False,False,True,False,0.32,10,1.2,DONCHIAN,1.8000000000000003,-4.003960815674133,-4.003960815674133,6.202562628740561,6.202562628740561,3m,41,41.0,SMA,46.34146341463415,46.34146341463415,COMPLETE
349,-462.29396187067687,2026-01-16 12:41:37.426993,2026-01-16 12:41:48.171136,0 days 00:00:10.744143,15,1.9,2.9000000000000004,2.0,126,DONCHIAN,ATR,1.9000000000000001,110,23,13,0.0105,71,33,17,0.047,76,13,15,0.032,ATR,4.4,34,9.5,3m,SMA,False,False,False,False,False,True,False,0.32,10,2.4000000000000004,DONCHIAN,1.9000000000000001,-4.033865379446359,-4.033865379446359,6.248173836030648,6.248173836030648,3m,41,41.0,SMA,46.34146341463415,46.34146341463415,COMPLETE
350,-458.8642053629701,2026-01-16 12:41:39.319468,2026-01-16 12:41:50.832513,0 days 00:00:11.513045,18,1.9,2.9000000000000004,2.1,124,DONCHIAN,ATR,2.0,130,22,13,0.0115,71,33,17,0.047,76,13,15,0.03,ATR,1.5,31,9.5,3m,TEMA,False,False,False,False,False,True,False,0.32,10,1.2,DONCHIAN,2.0,-4.640533228551558,-4.640533228551558,7.234021641512635,7.234021641512635,3m,41,41.0,TEMA,46.34146341463415,46.34146341463415,COMPLETE
351,-442.4783581232423,2026-01-16 12:41:42.550305,2026-01-16 12:41:55.012975,0 days 00:00:12.462670,17,1.8,2.9000000000000004,2.4,114,DONCHIAN,ATR,1.7000000000000002,94,22,13,0.0115,72,33,17,0.047,76,13,15,0.032,ATR,4.800000000000001,34,10.0,3m,SMA,False,False,False,False,False,True,False,0.31,10,1.0,DONCHIAN,1.7000000000000002,-2.994602308651945,-2.994602308651945,8.516400655489765,8.516400655489765,3m,44,44.0,SMA,50.0,50.0,COMPLETE
352,-442.4783581232423,2026-01-16 12:41:42.577914,2026-01-16 12:41:55.194465,0 days 00:00:12.616551,17,1.8,2.9000000000000004,2.4,114,DONCHIAN,ATR,1.7000000000000002,128,22,12,0.0115,72,33,17,0.027000000000000003,76,13,15,0.028999999999999998,ATR,4.800000000000001,38,10.0,3m,SMA,False,False,False,False,False,True,False,0.31,10,1.0,DONCHIAN,1.7000000000000002,-2.994602308651945,-2.994602308651945,8.516400655489765,8.516400655489765,3m,44,44.0,SMA,50.0,50.0,COMPLETE
353,-1899.9946627775835,2026-01-16 12:41:43.633577,2026-01-16 12:41:55.093750,0 days 00:00:11.460173,17,4.5,3.1,2.0,114,DONCHIAN,ATR,1.7000000000000002,91,23,12,0.011000000000000001,71,33,17,0.047,76,14,15,0.031,ATR,4.5,34,10.0,3m,SMA,False,False,False,False,False,True,False,0.31,10,1.0,DONCHIAN,1.7000000000000002,-4.337408222117676,-4.337408222117676,17.080899816817627,17.080899816817627,3m,19,19.0,SMA,47.368421052631575,47.368421052631575,COMPLETE
354,-525.5796717567955,2026-01-16 12:41:49.045186,2026-01-16 12:41:56.601727,0 days 00:00:07.556541,18,1.8,3.1,2.1,114,DONCHIAN,ATR,1.6,94,22,12,0.0115,72,34,18,0.047,77,14,15,0.028999999999999998,ATR,4.5,41,10.0,4h,SMA,False,False,False,False,False,True,False,0.31,10,1.0,DONCHIAN,1.6,-9.658180328418977,-9.658180328418977,-6.540334763361712,-6.540334763361712,4h,43,43.0,SMA,39.53488372093023,39.53488372093023,COMPLETE
355,-1906.1033314888077,2026-01-16 12:41:49.079106,2026-01-16 12:41:58.390483,0 days 00:00:09.311377,18,4.300000000000001,3.1,2.1,114,DONCHIAN,ATR,1.6,130,22,12,0.012,72,34,18,0.047,75,14,15,0.028999999999999998,ATR,4.5,34,10.0,3m,SMA,False,False,False,False,False,True,False,0.31,10,1.0,DONCHIAN,1.6,-4.373445229147651,-4.373445229147651,16.09413103235655,16.09413103235655,3m,20,20.0,SMA,45.0,45.0,COMPLETE
356,115.41019549754492,2026-01-16 12:41:50.952103,2026-01-16 12:42:02.748792,0 days 00:00:11.796689,17,1.6,3.1,2.1,114,DONCHIAN,ATR,1.6,90,22,12,0.0155,72,34,18,0.044000000000000004,75,25,15,0.028999999999999998,ATR,4.5,34,10.0,3m,TEMA,False,False,False,False,False,True,False,0.31,10,1.0,DONCHIAN,1.6,-3.5855826573020493,-3.5855826573020493,10.343631747997877,10.343631747997877,3m,56,56.0,TEMA,46.42857142857143,46.42857142857143,COMPLETE
357,91.0323770579198,2026-01-16 12:41:55.047183,2026-01-16 12:42:02.685424,0 days 00:00:07.638241,18,1.6,3.1,2.1,121,DONCHIAN,ATR,1.6,89,21,12,0.016,72,34,18,0.049,77,14,17,0.028000000000000004,ATR,4.5,40,10.0,5m,TEMA,False,False,False,False,False,True,False,0.31,10,1.0,DONCHIAN,1.6,-4.323985543067378,-4.323985543067378,6.99910982178771,6.99910982178771,5m,55,55.0,TEMA,43.63636363636363,43.63636363636363,COMPLETE
358,79.98865887038028,2026-01-16 12:41:55.289683,2026-01-16 12:42:01.574833,0 days 00:00:06.285150,20,1.6,3.1,2.1,121,DONCHIAN,ATR,1.6,123,33,14,0.014,72,34,18,0.049,75,14,17,0.028000000000000004,ATR,4.6,41,10.0,5m,TEMA,False,False,False,False,False,True,False,0.3,10,1.0,DONCHIAN,1.6,-4.586430061949495,-4.586430061949495,5.24671130814359,5.24671130814359,5m,56,56.0,TEMA,44.642857142857146,44.642857142857146,COMPLETE
359,14.7979034623595,2026-01-16 12:41:55.247876,2026-01-16 12:41:59.139915,0 days 00:00:03.892039,20,1.6,3.1,2.1,121,DONCHIAN,ATR,1.6,123,33,14,0.016,72,34,18,0.018000000000000002,77,14,14,0.028000000000000004,ATR,3.2,41,10.0,4h,TEMA,False,False,False,False,False,True,False,0.3,10,1.0,DONCHIAN,1.6,-13.892039175760292,-13.892039175760292,-11.18728203281744,-11.18728203281744,4h,51,51.0,TEMA,39.21568627450981,39.21568627450981,COMPLETE
360,100.93022614490565,2026-01-16 12:41:56.717313,2026-01-16 12:42:07.834357,0 days 00:00:11.117044,16,1.6,3.1,2.1,121,DONCHIAN,ATR,1.5000000000000002,119,33,14,0.016,71,34,18,0.044000000000000004,75,14,17,0.03,ATR,4.6,40,10.0,3m,TEMA,False,False,False,False,False,True,False,0.3,10,1.0,DONCHIAN,1.5000000000000002,-3.559120379647572,-3.559120379647572,8.030977683173003,8.030977683173003,3m,56,56.0,TEMA,46.42857142857143,46.42857142857143,COMPLETE
361,81.05491095187972,2026-01-16 12:41:59.105083,2026-01-16 12:42:07.878465,0 days 00:00:08.773382,20,1.6,3.1,2.1,121,DONCHIAN,ATR,1.5000000000000002,123,33,14,0.016,71,35,17,0.049,77,25,17,0.028000000000000004,ATR,4.6,40,10.0,5m,TEMA,False,False,False,False,False,True,False,0.3,10,1.0,DONCHIAN,1.5000000000000002,-4.916130465948358,-4.916130465948358,5.603264003233053,5.603264003233053,5m,56,56.0,TEMA,44.642857142857146,44.642857142857146,COMPLETE
362,67.68738751581714,2026-01-16 12:42:00.766785,2026-01-16 12:42:15.204769,0 days 00:00:14.437984,19,1.5,3.1,2.3,111,DONCHIAN,ATR,1.5000000000000002,103,32,13,0.014,71,35,17,0.044000000000000004,78,14,17,0.027000000000000003,ATR,4.6,40,9.5,3m,TEMA,False,False,False,False,False,True,False,0.3,10,1.0,DONCHIAN,1.5000000000000002,-5.927358818840507,-5.927358818840507,3.4847386976707257,3.4847386976707257,3m,63,63.0,TEMA,42.857142857142854,42.857142857142854,COMPLETE
363,70.36372851958731,2026-01-16 12:42:02.571525,2026-01-16 12:42:14.206277,0 days 00:00:11.634752,19,1.5,2.8,2.3,111,DONCHIAN,PARABOLIC_SAR,2.0,118,32,13,0.0155,71,35,17,0.044000000000000004,78,12,17,0.017,ATR,4.7,38,10.0,3m,SUPERTREND,False,False,False,False,False,True,False,0.3,10,1.6,DONCHIAN,2.0,-9.614356827327097,-9.614356827327097,5.193115472757373,5.193115472757373,3m,51,51.0,SUPERTREND,45.09803921568628,45.09803921568628,COMPLETE
364,67.72522643409229,2026-01-16 12:42:02.704085,2026-01-16 12:42:11.581021,0 days 00:00:08.876936,16,1.5,3.0,2.3,110,DONCHIAN,PARABOLIC_SAR,1.5000000000000002,103,32,13,0.014,71,35,17,0.044000000000000004,78,10,17,0.027000000000000003,ATR,4.7,37,9.5,3m,SUPERTREND,False,False,False,False,False,True,False,0.3,10,1.2,DONCHIAN,1.5000000000000002,-6.1485719206922615,-6.1485719206922615,3.5557984829896596,3.5557984829896596,3m,51,51.0,SUPERTREND,45.09803921568628,45.09803921568628,COMPLETE
365,71.28607260559602,2026-01-16 12:42:02.814562,2026-01-16 12:42:16.721843,0 days 00:00:13.907281,16,1.5,3.0,2.0,110,DONCHIAN,PARABOLIC_SAR,1.5000000000000002,118,21,13,0.0155,72,35,19,0.044000000000000004,75,14,15,0.017,ATR,4.6,31,9.5,3m,TEMA,False,False,False,False,False,True,False,0.31,10,1.0,DONCHIAN,1.5000000000000002,-6.935417266505997,-6.935417266505997,4.53937037475903,4.53937037475903,3m,62,62.0,TEMA,43.54838709677419,43.54838709677419,COMPLETE
366,71.28607260559602,2026-01-16 12:42:08.148877,2026-01-16 12:42:20.486749,0 days 00:00:12.337872,15,1.5,3.0,2.1,110,DONCHIAN,PARABOLIC_SAR,1.5000000000000002,117,21,15,0.0155,72,35,19,0.044000000000000004,75,14,15,0.03,ATR,4.300000000000001,35,9.5,3m,TEMA,False,False,False,False,False,True,False,0.31,10,1.0,DONCHIAN,1.5000000000000002,-6.935417266505997,-6.935417266505997,4.53937037475903,4.53937037475903,3m,62,62.0,TEMA,43.54838709677419,43.54838709677419,COMPLETE
367,71.28607260559602,2026-01-16 12:42:10.122930,2026-01-16 12:42:24.567467,0 days 00:00:14.444537,16,1.5,3.0,2.0,110,DONCHIAN,PARABOLIC_SAR,1.5000000000000002,118,21,15,0.0155,72,35,18,0.044000000000000004,75,14,15,0.03,ATR,4.6,33,9.5,3m,TEMA,False,False,False,False,False,True,False,0.31,10,1.0,DONCHIAN,1.5000000000000002,-6.935417266505997,-6.935417266505997,4.53937037475903,4.53937037475903,3m,62,62.0,TEMA,43.54838709677419,43.54838709677419,COMPLETE
368,111.60314204084443,2026-01-16 12:42:14.062721,2026-01-16 12:42:24.658059,0 days 00:00:10.595338,16,1.7,3.0,2.0,119,DONCHIAN,ATR,1.5000000000000002,119,21,13,0.0155,72,21,18,0.044000000000000004,75,14,15,0.03,ATR,4.300000000000001,33,9.5,3m,TEMA,False,False,False,False,False,True,False,0.31,10,1.0,DONCHIAN,1.5000000000000002,-3.5870818726049296,-3.5870818726049296,9.743170461750822,9.743170461750822,3m,50,50.0,TEMA,48.0,48.0,COMPLETE
369,-484.9583957230079,2026-01-16 12:42:14.518890,2026-01-16 12:42:24.617650,0 days 00:00:10.098760,15,1.7,3.0,2.0,119,DONCHIAN,ATR,1.5000000000000002,119,21,15,0.015000000000000001,72,34,19,0.048,75,14,15,0.03,ATR,4.300000000000001,33,9.5,3m,TEMA,False,False,False,False,False,True,False,0.42,10,1.0,DONCHIAN,1.5000000000000002,-4.2906945217355315,-4.2906945217355315,2.5573439910123357,2.5573439910123357,3m,35,35.0,TEMA,40.0,40.0,COMPLETE
370,110.35293482355792,2026-01-16 12:42:15.711951,2026-01-16 12:42:26.093922,0 days 00:00:10.381971,16,1.7,3.0,2.0,118,DONCHIAN,ATR,1.5000000000000002,120,23,14,0.015000000000000001,72,34,19,0.048,75,14,14,0.03,ATR,4.5,35,9.5,3m,TEMA,False,False,False,False,False,True,False,0.31,10,1.0,DONCHIAN,1.5000000000000002,-3.472396833669943,-3.472396833669943,9.427910303961836,9.427910303961836,3m,50,50.0,TEMA,48.0,48.0,COMPLETE
371,-440.633708304892,2026-01-16 12:42:16.802647,2026-01-16 12:42:33.241607,0 days 00:00:16.438960,15,1.7,3.0,2.1,118,DONCHIAN,ATR,1.7000000000000002,119,23,14,0.0175,72,34,18,0.048,75,14,14,0.03,ATR,4.300000000000001,32,9.5,3m,TEMA,False,False,False,False,False,True,False,0.32,10,1.0,DONCHIAN,1.7000000000000002,-4.748763794412039,-4.748763794412039,10.546778570917017,10.546778570917017,3m,49,49.0,TEMA,46.93877551020408,46.93877551020408,COMPLETE
372,-441.5761062353031,2026-01-16 12:42:20.784899,2026-01-16 12:42:31.378003,0 days 00:00:10.593104,16,1.7,3.0,2.1,118,DONCHIAN,ATR,1.7000000000000002,121,22,14,0.017,72,34,18,0.048,75,24,14,0.031,ATR,4.5,33,10.0,3m,TEMA,False,False,False,False,False,True,False,0.32,10,1.0,DONCHIAN,1.7000000000000002,-4.61474760224588,-4.61474760224588,10.249186442071059,10.249186442071059,3m,49,49.0,TEMA,46.93877551020408,46.93877551020408,COMPLETE
373,-436.81911295237114,2026-01-16 12:42:24.735519,2026-01-16 12:42:38.576732,0 days 00:00:13.841213,16,1.7,2.9000000000000004,2.1,119,DONCHIAN,ATR,1.9000000000000001,113,22,12,0.017,72,34,18,0.048,75,14,14,0.031,ATR,4.4,32,9.5,3m,TEMA,False,False,False,False,False,True,False,0.32,10,1.0,DONCHIAN,1.9000000000000001,-5.3252938335326485,-5.3252938335326485,11.82614069289209,11.82614069289209,3m,49,49.0,TEMA,46.93877551020408,46.93877551020408,COMPLETE
374,-452.6967646673138,2026-01-16 12:42:24.750806,2026-01-16 12:42:37.852947,0 days 00:00:13.102141,16,1.7,2.9000000000000004,2.1,123,DONCHIAN,ATR,1.7000000000000002,124,22,12,0.0165,72,32,18,0.048,75,14,14,0.031,ATR,4.1,32,9.5,3m,TEMA,False,False,False,False,False,True,False,0.32,10,1.0,DONCHIAN,1.7000000000000002,-4.892422002025412,-4.892422002025412,8.516393713907386,8.516393713907386,3m,49,49.0,TEMA,46.93877551020408,46.93877551020408,COMPLETE
375,-450.02737676035395,2026-01-16 12:42:24.737023,2026-01-16 12:42:35.402045,0 days 00:00:10.665022,16,1.7,2.9000000000000004,2.1,123,DONCHIAN,ATR,1.9000000000000001,126,22,12,0.0165,72,21,18,0.020999999999999998,75,14,14,0.028999999999999998,ATR,4.1,32,8.5,3m,TEMA,False,False,False,False,False,True,False,0.32,10,1.0,DONCHIAN,1.9000000000000001,-5.4836831352678,-5.4836831352678,9.483701712607685,9.483701712607685,3m,49,49.0,TEMA,46.93877551020408,46.93877551020408,COMPLETE
376,-451.4286028552433,2026-01-16 12:42:26.195453,2026-01-16 12:42:37.957010,0 days 00:00:11.761557,16,1.8,2.9000000000000004,1.9,118,DONCHIAN,ATR,1.6,126,22,12,0.0175,72,32,18,0.05,75,14,14,0.032,ATR,4.300000000000001,32,9.5,3m,TEMA,False,False,False,False,False,True,False,0.32,10,1.0,DONCHIAN,1.6,-5.753773222349938,-5.753773222349938,9.432198557042144,9.432198557042144,3m,43,43.0,TEMA,46.51162790697674,46.51162790697674,COMPLETE
377,-456.8238409768783,2026-01-16 12:42:33.151644,2026-01-16 12:42:41.029657,0 days 00:00:07.878013,16,1.8,2.9000000000000004,1.9,123,DONCHIAN,ATR,1.7000000000000002,124,22,12,0.017,72,34,19,0.05,75,14,14,0.03,ATR,4.4,32,9.5,3m,TEMA,False,False,False,False,False,True,False,0.32,10,1.0,DONCHIAN,1.7000000000000002,-6.370853775940486,-6.370853775940486,8.81648607716309,8.81648607716309,3m,43,43.0,TEMA,46.51162790697674,46.51162790697674,COMPLETE
378,-501.48910515597345,2026-01-16 12:42:33.371985,2026-01-16 12:42:38.317525,0 days 00:00:04.945540,16,1.8,2.9000000000000004,1.9,123,DONCHIAN,ATR,1.6,128,22,12,0.0165,72,32,19,0.05,75,13,13,0.031,ATR,4.2,35,8.0,2h,TEMA,False,False,False,False,False,True,False,0.32,45,1.0,DONCHIAN,1.6,-8.803883855237187,-8.803883855237187,-0.3612431127119344,-0.3612431127119344,2h,36,36.0,TEMA,38.88888888888889,38.88888888888889,COMPLETE
379,-502.62404217228413,2026-01-16 12:42:36.244481,2026-01-16 12:42:38.341282,0 days 00:00:02.096801,16,1.8,2.9000000000000004,2.0,119,DONCHIAN,ATR,1.6,116,22,12,0.018000000000000002,72,32,19,0.049,75,24,13,0.031,ATR,4.2,35,9.5,2h,TEMA,False,False,False,False,False,True,False,0.32,30,1.0,DONCHIAN,1.6,-10.072862865288782,-10.072862865288782,-0.6874223310473957,-0.6874223310473957,2h,36,36.0,TEMA,41.66666666666667,41.66666666666667,COMPLETE
380,-502.09282511349375,2026-01-16 12:42:37.881142,2026-01-16 12:42:40.012669,0 days 00:00:02.131527,16,1.8,2.8,2.0,119,DONCHIAN,ATR,1.6,115,23,12,0.018000000000000002,72,33,19,0.05,75,14,13,0.028999999999999998,ATR,4.2,35,9.5,2h,TEMA,False,False,False,False,False,True,False,0.31,10,1.2,DONCHIAN,1.6,-10.494899892889778,-10.494899892889778,-0.5615506079833839,-0.5615506079833839,2h,38,38.0,TEMA,42.10526315789473,42.10526315789473,COMPLETE
381,19.231965916191257,2026-01-16 12:42:38.003895,2026-01-16 12:42:38.616058,0 days 00:00:00.612163,16,1.8,2.8,2.0,79,CCI,ATR,1.6,114,21,13,0.015000000000000001,73,34,20,0.043000000000000003,75,13,13,0.031,ATR,4.4,35,7.0,2h,TEMA,False,False,False,False,False,True,False,0.31,30,1.2,CCI,1.6,-13.081964462430165,-13.081964462430165,-9.423056288317056,-9.423056288317056,2h,66,66.0,TEMA,37.878787878787875,37.878787878787875,COMPLETE
382,48.30276386909918,2026-01-16 12:42:38.335147,2026-01-16 12:42:43.984252,0 days 00:00:05.649105,17,1.9,2.8,2.0,116,CCI,ATR,1.4000000000000001,114,20,13,0.015000000000000001,73,20,19,0.043000000000000003,75,13,16,0.028999999999999998,ATR,4.5,34,9.5,3m,TEMA,False,False,False,False,False,True,False,0.31,10,1.2,CCI,1.4000000000000001,-6.587664903146197,-6.587664903146197,-0.35249422171285844,-0.35249422171285844,3m,54,54.0,TEMA,44.44444444444444,44.44444444444444,COMPLETE
383,48.30276386909918,2026-01-16 12:42:38.370943,2026-01-16 12:42:43.997804,0 days 00:00:05.626861,17,1.9,2.8,2.0,116,CCI,ATR,1.4000000000000001,114,20,13,0.015000000000000001,73,34,18,0.023,75,13,12,0.028999999999999998,ATR,4.4,34,9.5,3m,TEMA,False,False,False,False,False,True,False,0.31,10,1.2,CCI,1.4000000000000001,-6.587664903146197,-6.587664903146197,-0.35249422171285844,-0.35249422171285844,3m,54,54.0,TEMA,44.44444444444444,44.44444444444444,COMPLETE
384,-1972.5807411936562,2026-01-16 12:42:38.634253,2026-01-16 12:42:46.459908,0 days 00:00:07.825655,17,2.0,2.8,3.0,116,DONCHIAN,ATR,1.4000000000000001,134,20,13,0.015000000000000001,73,33,18,0.046000000000000006,75,14,16,0.028999999999999998,ATR,4.5,34,9.0,3m,TEMA,False,True,True,False,False,True,False,0.31,10,1.2,DONCHIAN,1.4000000000000001,-5.934992245107085,-5.934992245107085,5.405496973425382,5.405496973425382,3m,21,21.0,TEMA,47.61904761904761,47.61904761904761,COMPLETE
385,-1990.2852623886897,2026-01-16 12:42:38.602868,2026-01-16 12:42:44.246172,0 days 00:00:05.643304,17,2.0,2.8,2.0,116,DONCHIAN,ATR,1.4000000000000001,114,20,13,0.009500000000000001,73,33,19,0.046000000000000006,75,14,16,0.028999999999999998,ATR,4.5,34,9.5,3m,TEMA,False,True,True,False,False,True,False,0.31,10,1.2,DONCHIAN,1.4000000000000001,-4.131190860133219,-4.131190860133219,1.6256969723473187,1.6256969723473187,3m,18,18.0,TEMA,44.44444444444444,44.44444444444444,COMPLETE
386,-497.1819733668408,2026-01-16 12:42:40.026826,2026-01-16 12:42:46.615218,0 days 00:00:06.588392,17,1.9,3.1,2.2,116,DONCHIAN,ATR,1.4000000000000001,120,33,13,0.009000000000000001,73,33,18,0.025,75,13,12,0.023,ATR,4.5,34,10.0,3m,EMA,False,True,False,False,False,True,True,0.31,10,1.2,DONCHIAN,1.4000000000000001,-3.4232648420059917,-3.4232648420059917,0.43785777337572074,0.43785777337572074,3m,30,30.0,EMA,46.666666666666664,46.666666666666664,COMPLETE
387,-2330.4998429982397,2026-01-16 12:42:41.242914,2026-01-16 12:42:47.356892,0 days 00:00:06.113978,17,5.4,3.0,2.0,116,DONCHIAN,ATR,1.4000000000000001,136,20,14,0.0145,73,22,18,0.046000000000000006,76,12,16,0.027000000000000003,ATR,4.5,34,10.0,3m,EMA,False,True,True,False,False,True,True,0.31,10,1.2,DONCHIAN,1.4000000000000001,-10.956414064961235,-10.956414064961235,-8.393983682930818,-8.393983682930818,3m,9,9.0,EMA,22.22222222222222,22.22222222222222,COMPLETE
388,-1967.32153180258,2026-01-16 12:42:44.065193,2026-01-16 12:42:50.475709,0 days 00:00:06.410516,17,1.6,3.1,2.0,129,DONCHIAN,ATR,1.5000000000000002,120,21,13,0.013000000000000001,71,33,18,0.049,76,14,16,0.03,ATR,4.5,36,10.0,3m,EMA,False,True,True,False,False,True,True,0.31,10,1.0,DONCHIAN,1.5000000000000002,-1.7193276535951318,-1.7193276535951318,4.11504344833938,4.11504344833938,3m,11,11.0,EMA,54.54545454545454,54.54545454545454,COMPLETE
389,69.21195016538968,2026-01-16 12:42:44.227876,2026-01-16 12:42:50.260610,0 days 00:00:06.032734,17,1.6,3.1,2.2,128,DONCHIAN,ATR,1.5000000000000002,121,23,14,0.013000000000000001,79,21,18,0.049,76,15,16,0.02,ATR,3.0,36,10.0,3m,EMA,False,False,False,False,False,True,True,0.3,10,1.0,DONCHIAN,1.5000000000000002,-5.843019264455729,-5.843019264455729,3.75874903324442,3.75874903324442,3m,52,52.0,EMA,50.0,50.0,COMPLETE
390,69.21195016538968,2026-01-16 12:42:45.237538,2026-01-16 12:42:51.546340,0 days 00:00:06.308802,17,1.6,3.1,2.2,128,DONCHIAN,ATR,1.5000000000000002,121,23,14,0.013000000000000001,71,35,18,0.049,76,15,16,0.023,ATR,4.6,36,10.0,3m,EMA,False,False,False,False,False,True,True,0.3,10,1.0,DONCHIAN,1.5000000000000002,-5.843019264455729,-5.843019264455729,3.75874903324442,3.75874903324442,3m,52,52.0,EMA,50.0,50.0,COMPLETE
391,-479.1514124776786,2026-01-16 12:42:46.542335,2026-01-16 12:42:53.574654,0 days 00:00:07.032319,15,1.6,3.0,2.2,129,DONCHIAN,ATR,1.5000000000000002,121,21,13,0.013500000000000002,71,35,18,0.049,76,15,15,0.023,ATR,4.6,36,10.0,3m,EMA,False,False,False,False,False,True,True,0.32999999999999996,10,1.0,DONCHIAN,1.5000000000000002,-5.725049743483819,-5.725049743483819,4.038871759846341,4.038871759846341,3m,48,48.0,EMA,50.0,50.0,COMPLETE
392,70.84088008431809,2026-01-16 12:42:46.827709,2026-01-16 12:42:53.689013,0 days 00:00:06.861304,15,1.6,3.0,2.2,121,DONCHIAN,ATR,1.5000000000000002,121,21,14,0.0045000000000000005,71,35,18,0.049,76,15,15,0.03,ATR,4.6,36,10.0,3m,EMA,False,False,False,False,False,True,False,0.3,10,1.0,DONCHIAN,1.5000000000000002,-1.0099097260112366,-1.0099097260112366,2.36302074477938,2.36302074477938,3m,56,56.0,EMA,46.42857142857143,46.42857142857143,COMPLETE
393,87.23438248820639,2026-01-16 12:42:47.420422,2026-01-16 12:42:57.734279,0 days 00:00:10.313857,15,1.6,2.7,2.2,126,DONCHIAN,ATR,1.5000000000000002,122,21,14,0.013000000000000001,80,35,18,0.049,76,15,15,0.03,ATR,3.5,36,10.0,3m,EMA,False,False,False,False,False,True,False,0.32999999999999996,40,1.0,DONCHIAN,1.5000000000000002,-3.6810515222493825,-3.6810515222493825,5.948297118068998,5.948297118068998,3m,55,55.0,EMA,45.45454545454545,45.45454545454545,COMPLETE
394,99.03894240583122,2026-01-16 12:42:50.284343,2026-01-16 12:42:57.133430,0 days 00:00:06.849087,17,1.7,3.0,2.2,112,DONCHIAN,ATR,1.8000000000000003,107,21,13,0.0125,71,35,18,0.045000000000000005,78,15,15,0.028000000000000004,ATR,4.6,37,9.0,3m,EMA,False,False,False,False,False,True,False,0.32999999999999996,10,1.0,DONCHIAN,1.8000000000000003,-3.602531690182081,-3.602531690182081,7.768862282191473,7.768862282191473,3m,50,50.0,EMA,48.0,48.0,COMPLETE
395,93.76810429939997,2026-01-16 12:42:50.623424,2026-01-16 12:42:58.106705,0 days 00:00:07.483281,15,1.7,3.0,2.1,112,DONCHIAN,ATR,1.5000000000000002,108,33,13,0.0125,70,35,18,0.045000000000000005,78,15,15,0.028000000000000004,ATR,4.6,36,9.0,3m,EMA,False,False,False,False,False,True,False,0.32999999999999996,10,1.0,DONCHIAN,1.5000000000000002,-3.0068552030448883,-3.0068552030448883,6.489307979169441,6.489307979169441,3m,50,50.0,EMA,48.0,48.0,COMPLETE
396,-523.4847698962458,2026-01-16 12:42:52.838218,2026-01-16 12:42:58.591333,0 days 00:00:05.753115,15,1.7,2.6,2.1,112,DONCHIAN,ATR,1.8000000000000003,107,33,13,0.016,70,34,18,0.045000000000000005,78,15,15,0.028000000000000004,ATR,4.7,37,10.0,1h,TEMA,False,False,False,False,False,True,False,0.32999999999999996,10,1.0,DONCHIAN,1.8000000000000003,-13.976445690154172,-13.976445690154172,-7.4915241903004235,-7.4915241903004235,1h,49,49.0,TEMA,40.816326530612244,40.816326530612244,COMPLETE
397,117.42157549436797,2026-01-16 12:42:53.601812,2026-01-16 12:42:58.726657,0 days 00:00:05.124845,15,1.7,3.0,1.8,112,DONCHIAN,ATR,1.8000000000000003,109,19,13,0.016,70,34,20,0.045000000000000005,78,15,15,0.028000000000000004,ATR,4.6,37,9.0,3m,TEMA,False,False,False,False,False,True,False,0.3,10,1.0,DONCHIAN,1.8000000000000003,-4.43360250872257,-4.43360250872257,11.624004494871782,11.624004494871782,3m,52,52.0,TEMA,50.0,50.0,COMPLETE
398,-739.9016889652203,2026-01-16 12:42:53.726146,2026-01-16 12:42:59.638126,0 days 00:00:05.911980,20,1.7,3.0,2.4,112,DONCHIAN,ATR,1.8000000000000003,108,33,13,0.025500000000000002,70,34,18,0.045000000000000005,78,14,15,0.028000000000000004,ATR,4.7,37,9.0,1h,TEMA,False,False,False,False,False,True,False,0.35,10,1.0,DONCHIAN,1.8000000000000003,-24.162156444310142,-24.162156444310142,-18.01796018321598,-18.01796018321598,1h,48,48.0,TEMA,37.5,37.5,COMPLETE
399,16.448016407062823,2026-01-16 12:42:57.202802,2026-01-16 12:43:02.582176,0 days 00:00:05.379374,20,1.7,2.6,2.1,49,DONCHIAN,ATR,1.8000000000000003,108,33,13,0.012,72,35,18,0.045000000000000005,78,15,15,0.027000000000000003,ATR,4.4,37,9.0,3m,EMA,False,False,False,False,False,True,False,0.33999999999999997,10,1.0,DONCHIAN,1.8000000000000003,-13.800163604902806,-13.800163604902806,-10.61922411006164,-10.61922411006164,3m,74,74.0,EMA,40.54054054054054,40.54054054054054,COMPLETE
400,-2010.3906622022369,2026-01-16 12:42:58.093657,2026-01-16 12:43:02.834512,0 days 00:00:04.740855,20,1.8,3.0,2.1,112,DONCHIAN,ATR,1.8000000000000003,107,19,13,0.016,72,35,20,0.045000000000000005,78,14,15,0.027000000000000003,ATR,4.4,37,9.0,1h,TEMA,False,False,False,True,False,True,False,0.33999999999999997,10,1.0,DONCHIAN,1.8000000000000003,-7.685599431302725,-7.685599431302725,-2.339460928260081,-2.339460928260081,1h,13,13.0,TEMA,38.46153846153847,38.46153846153847,COMPLETE
401,-2300.0,2026-01-16 12:42:58.601941,2026-01-16 12:43:03.333956,0 days 00:00:04.732015,20,1.8,3.0,2.4,105,KELTNER,ATR,1.7000000000000002,111,22,13,0.0145,72,35,10,0.043000000000000003,78,14,15,0.027000000000000003,ATR,4.4,37,9.0,3m,EMA,False,False,False,True,False,True,False,0.3,10,1.0,KELTNER,1.7000000000000002,0.0,0.0,0.0,0.0,3m,0,0.0,EMA,0.0,0.0,COMPLETE
402,-460.7169417626674,2026-01-16 12:42:58.643499,2026-01-16 12:43:02.744814,0 days 00:00:04.101315,20,1.8,3.0,2.4,106,DONCHIAN,ATR,1.8000000000000003,110,19,13,0.012,72,35,10,0.043000000000000003,78,14,15,0.027000000000000003,ATR,4.4,37,9.0,3m,EMA,False,False,False,False,False,True,False,0.3,10,1.0,DONCHIAN,1.8000000000000003,-4.161687870236147,-4.161687870236147,6.593872359074815,6.593872359074815,3m,47,47.0,EMA,46.808510638297875,46.808510638297875,COMPLETE
403,-2300.0,2026-01-16 12:42:58.775966,2026-01-16 12:43:04.206292,0 days 00:00:05.430326,16,1.8,2.9000000000000004,1.9,105,KELTNER,ATR,1.8000000000000003,110,19,13,0.01,72,35,20,0.045000000000000005,78,14,15,0.027000000000000003,ATR,4.4,37,8.5,3m,TEMA,False,False,False,True,False,True,False,0.33999999999999997,10,1.0,KELTNER,1.8000000000000003,0.0,0.0,0.0,0.0,3m,0,0.0,TEMA,0.0,0.0,COMPLETE
404,-2300.0,2026-01-16 12:42:59.702930,2026-01-16 12:43:07.386486,0 days 00:00:07.683556,16,1.8,2.9000000000000004,1.8,61,KELTNER,ATR,1.9000000000000001,111,20,13,0.016,72,35,19,0.045000000000000005,78,16,15,0.028000000000000004,ATR,4.4,37,8.0,3m,TEMA,False,False,False,True,False,True,False,0.3,10,1.0,KELTNER,1.9000000000000001,0.0,0.0,0.0,0.0,3m,0,0.0,TEMA,0.0,0.0,COMPLETE
405,-2305.0853224127836,2026-01-16 12:43:02.601667,2026-01-16 12:43:07.631116,0 days 00:00:05.029449,14,1.8,2.9000000000000004,1.8,108,DONCHIAN,PARABOLIC_SAR,1.8000000000000003,103,19,13,0.0165,69,35,10,0.047,79,16,15,0.027000000000000003,ATR,4.4,35,8.5,3m,TEMA,False,False,False,True,False,False,False,0.3,10,1.0,DONCHIAN,1.8000000000000003,-13.30298085142967,-13.30298085142967,-1.5735285463587032,-1.5735285463587032,3m,26,26.0,TEMA,30.76923076923077,30.76923076923077,COMPLETE
406,-2300.0,2026-01-16 12:43:02.773782,2026-01-16 12:43:08.161462,0 days 00:00:05.387680,14,1.8,2.9000000000000004,1.8,109,KELTNER,PARABOLIC_SAR,1.7000000000000002,103,19,13,0.01,72,34,20,0.047,79,16,15,0.027000000000000003,ATR,4.300000000000001,35,9.0,30m,TEMA,False,False,False,False,False,False,False,0.32,10,1.0,KELTNER,1.7000000000000002,0.0,0.0,0.0,0.0,30m,0,0.0,TEMA,0.0,0.0,COMPLETE
407,-2300.0,2026-01-16 12:43:03.318404,2026-01-16 12:43:08.410661,0 days 00:00:05.092257,16,1.9,2.9000000000000004,2.2,109,KELTNER,PARABOLIC_SAR,1.7000000000000002,104,19,13,0.0145,69,34,21,0.047,79,16,15,0.011,ATR,4.300000000000001,30,8.5,3m,TEMA,False,False,False,False,False,False,False,0.32,10,1.0,KELTNER,1.7000000000000002,0.0,0.0,0.0,0.0,3m,0,0.0,TEMA,0.0,0.0,COMPLETE
408,18.362866061515888,2026-01-16 12:43:03.372751,2026-01-16 12:43:08.215193,0 days 00:00:04.842442,16,1.9,2.9000000000000004,1.8,108,DONCHIAN,PARABOLIC_SAR,1.9000000000000001,102,19,13,0.01,70,34,20,0.047,79,16,15,0.033,ATR,4.300000000000001,35,8.5,30m,TEMA,False,False,False,False,False,False,False,0.32,10,1.0,DONCHIAN,1.9000000000000001,-11.068898910174344,-11.068898910174344,-8.759864388109383,-8.759864388109383,30m,53,53.0,TEMA,35.84905660377358,35.84905660377358,COMPLETE
409,-542.9621562818847,2026-01-16 12:43:04.257572,2026-01-16 12:43:10.074417,0 days 00:00:05.816845,17,1.9,2.9000000000000004,2.2,135,DONCHIAN,PARABOLIC_SAR,1.7000000000000002,101,18,13,0.016,70,34,20,0.047,79,25,15,0.011,ATR,4.6,35,9.5,30m,TEMA,False,False,False,False,False,False,False,0.32,10,1.0,DONCHIAN,1.7000000000000002,-16.358495397614885,-16.358495397614885,-15.122254345883906,-15.122254345883906,30m,49,49.0,TEMA,36.734693877551024,36.734693877551024,COMPLETE
410,-510.6116348199512,2026-01-16 12:43:07.658497,2026-01-16 12:43:14.834267,0 days 00:00:07.175770,14,1.9,3.0,1.8,119,DONCHIAN,ATR,1.6,102,18,13,0.0145,70,34,20,0.047,79,25,15,0.011,ATR,4.6,38,9.5,30m,MACD,False,False,False,False,False,True,False,0.32,10,1.0,DONCHIAN,1.6,-5.886055041564382,-5.886055041564382,-2.0835593923450446,-2.0835593923450446,30m,38,38.0,MACD,39.473684210526315,39.473684210526315,COMPLETE
411,-478.2096440004616,2026-01-16 12:43:08.203924,2026-01-16 12:43:11.164241,0 days 00:00:02.960317,17,1.9,2.7,1.7,134,DONCHIAN,ATR,2.0,90,18,13,0.0145,70,34,20,0.046000000000000006,78,23,16,0.028999999999999998,ATR,4.6,38,9.5,3m,TEMA,False,False,False,False,False,True,False,0.31,10,1.0,DONCHIAN,2.0,-6.206442884827994,-6.206442884827994,4.39169482656325,4.39169482656325,3m,41,41.0,TEMA,46.34146341463415,46.34146341463415,COMPLETE
412,-1276.11442229359,2026-01-16 12:43:08.278619,2026-01-16 12:43:13.850702,0 days 00:00:05.572083,17,2.1,3.0,2.2,120,DONCHIAN,ATR,1.6,89,18,14,0.0145,71,34,21,0.046000000000000006,78,12,16,0.038,FIXED,4.6,38,9.5,3m,TEMA,False,False,False,False,False,True,False,0.31,10,1.0,DONCHIAN,1.6,-37.638499466473625,-37.638499466473625,-15.612612095575315,-15.612612095575315,3m,66,66.0,TEMA,25.757575757575758,25.757575757575758,COMPLETE
413,-2300.0,2026-01-16 12:43:08.143538,2026-01-16 12:43:13.772618,0 days 00:00:05.629080,17,2.1,3.0,2.2,120,DONCHIAN,ATR,1.6,116,18,14,0.0145,69,34,21,0.046000000000000006,78,12,16,0.011,FIXED,4.6,38,9.5,3m,MACD,False,False,False,False,False,True,False,0.31,10,1.0,DONCHIAN,1.6,0.0,0.0,0.0,0.0,3m,0,0.0,MACD,0.0,0.0,COMPLETE
414,-1278.5620610883016,2026-01-16 12:43:08.539010,2026-01-16 12:43:12.483577,0 days 00:00:03.944567,17,1.7,3.0,1.7,120,DONCHIAN,ATR,1.6,91,20,14,0.014,70,34,19,0.046000000000000006,78,15,16,0.038,FIXED,4.6,38,9.5,3m,MACD,False,False,False,False,False,True,False,0.31,10,1.2,DONCHIAN,1.6,-32.50297196183987,-32.50297196183987,-15.580203989542648,-15.580203989542648,3m,74,74.0,MACD,31.08108108108108,31.08108108108108,COMPLETE
415,130.99292217598122,2026-01-16 12:43:12.201855,2026-01-16 12:43:21.667193,0 days 00:00:09.465338,17,1.7,3.1,1.9,85,DONCHIAN,ATR,1.6,115,21,12,0.0285,71,34,16,0.048,78,15,16,0.028000000000000004,ATR,4.5,33,9.5,3m,EMA,False,False,False,False,False,True,False,0.31,10,1.2,DONCHIAN,1.6,-7.631140220806509,-7.631140220806509,18.166076537840162,18.166076537840162,3m,57,57.0,EMA,47.368421052631575,47.368421052631575,COMPLETE
416,-2001.7556650397278,2026-01-16 12:43:12.223524,2026-01-16 12:43:15.499213,0 days 00:00:03.275689,14,1.7,3.1,2.2,125,DONCHIAN,ATR,1.6,114,21,12,0.0125,69,33,16,0.048,78,13,16,0.028000000000000004,ATR,4.5,38,9.5,3m,EMA,False,False,False,False,False,True,False,0.51,10,1.2,DONCHIAN,1.6,-3.3120143625925413,-3.3120143625925413,-0.2694643454283476,-0.2694643454283476,3m,25,25.0,EMA,40.0,40.0,COMPLETE
417,-510.3188497158435,2026-01-16 12:43:13.687173,2026-01-16 12:43:15.638128,0 days 00:00:01.950955,17,2.1,3.1,2.2,124,DONCHIAN,ATR,1.6,115,21,12,0.0125,69,33,16,0.048,78,13,16,0.028000000000000004,ATR,4.5,38,9.5,4h,EMA,False,False,False,False,False,True,False,0.31,10,1.2,DONCHIAN,1.6,-6.083695511696982,-6.083695511696982,-2.059185873399826,-2.059185873399826,4h,34,34.0,EMA,38.23529411764706,38.23529411764706,COMPLETE
418,-530.2023990537318,2026-01-16 12:43:13.807177,2026-01-16 12:43:17.720894,0 days 00:00:03.913717,18,1.7,3.1,2.3,123,DONCHIAN,ATR,1.6,113,25,12,0.0125,68,33,16,0.048,77,15,15,0.026000000000000002,ATR,4.5,33,9.5,4h,EMA,False,False,False,False,False,True,False,0.3,10,1.2,DONCHIAN,1.6,-11.970335489196273,-11.970335489196273,-8.763672299935378,-8.763672299935378,4h,48,48.0,EMA,39.58333333333333,39.58333333333333,COMPLETE
419,-490.5773891900353,2026-01-16 12:43:13.914363,2026-01-16 12:43:18.908581,0 days 00:00:04.994218,14,1.7,3.1,2.3,124,DONCHIAN,ATR,1.6,114,21,12,0.0125,68,33,16,0.048,77,15,15,0.026000000000000002,ATR,4.5,33,9.5,3m,EMA,False,False,False,False,False,True,False,0.39,10,1.2,DONCHIAN,1.6,-6.102417564302293,-6.102417564302293,1.8831950204430383,1.8831950204430383,3m,42,42.0,EMA,40.476190476190474,40.476190476190474,COMPLETE
420,-530.4003360649904,2026-01-16 12:43:15.383222,2026-01-16 12:43:15.806878,0 days 00:00:00.423656,18,1.7,3.1,1.9,125,DONCHIAN,ATR,1.6,113,34,13,0.0125,72,33,19,0.048,77,13,14,0.026000000000000002,ATR,4.5,33,9.5,4h,EMA,False,False,False,False,False,True,False,0.3,10,1.2,DONCHIAN,1.6,-12.065638885701336,-12.065638885701336,-8.863423327756022,-8.863423327756022,4h,48,48.0,EMA,39.58333333333333,39.58333333333333,COMPLETE
421,132.01191408663544,2026-01-16 12:43:15.531774,2026-01-16 12:43:20.343919,0 days 00:00:04.812145,18,1.7,2.8,1.9,113,DONCHIAN,ATR,1.9000000000000001,95,34,13,0.028,72,34,19,0.044000000000000004,77,15,14,0.032,ATR,4.5,33,10.0,3m,EMA,False,False,False,False,False,True,False,0.3,10,1.2,DONCHIAN,1.9000000000000001,-9.298546222197539,-9.298546222197539,20.519091153775296,20.519091153775296,3m,52,52.0,EMA,50.0,50.0,COMPLETE
422,102.22123398837266,2026-01-16 12:43:15.662258,2026-01-16 12:43:21.910919,0 days 00:00:06.248661,16,1.7,2.8,2.1,114,DONCHIAN,ATR,1.5000000000000002,107,22,13,0.0155,71,34,19,0.044000000000000004,77,15,14,0.026000000000000002,ATR,4.7,33,10.0,3m,EMA,False,False,False,False,False,True,False,0.3,10,1.0,DONCHIAN,1.5000000000000002,-4.326970699692306,-4.326970699692306,8.910260957458313,8.910260957458313,3m,52,52.0,EMA,50.0,50.0,COMPLETE
423,65.84020956784843,2026-01-16 12:43:15.822518,2026-01-16 12:43:22.520469,0 days 00:00:06.697951,16,1.5,2.8,2.1,113,DONCHIAN,ATR,1.7000000000000002,106,22,13,0.0155,71,34,18,0.044000000000000004,77,15,15,0.03,ATR,3.8000000000000003,36,10.0,3m,TEMA,False,False,False,False,False,True,False,0.3,10,1.0,DONCHIAN,1.7000000000000002,-8.914907280095957,-8.914907280095957,3.869819195690157,3.869819195690157,3m,63,63.0,TEMA,42.857142857142854,42.857142857142854,COMPLETE
424,66.85309685089214,2026-01-16 12:43:17.748319,2026-01-16 12:43:26.124355,0 days 00:00:08.376036,15,1.5,2.8,2.1,114,DONCHIAN,ATR,1.7000000000000002,106,22,13,0.0155,71,34,18,0.044000000000000004,77,15,16,0.03,ATR,4.7,7,10.0,3m,TEMA,False,False,False,False,False,True,False,0.31,10,1.0,DONCHIAN,1.7000000000000002,-9.112289116699083,-9.112289116699083,4.1684515684071695,4.1684515684071695,3m,62,62.0,TEMA,43.54838709677419,43.54838709677419,COMPLETE
425,70.6403898606668,2026-01-16 12:43:19.216987,2026-01-16 12:43:25.633308,0 days 00:00:06.416321,16,1.5,2.8,2.1,113,DONCHIAN,ATR,1.7000000000000002,106,22,13,0.028,71,34,18,0.045000000000000005,78,15,16,0.020999999999999998,ATR,4.7,31,7.5,3m,TEMA,False,False,False,False,False,True,False,0.31,10,1.0,DONCHIAN,1.7000000000000002,-16.089139429825092,-16.089139429825092,7.189547497111583,7.189547497111583,3m,62,62.0,TEMA,43.54838709677419,43.54838709677419,COMPLETE
426,86.8496892098201,2026-01-16 12:43:20.362006,2026-01-16 12:43:29.351692,0 days 00:00:08.989686,16,1.5,2.8,1.9,114,DONCHIAN,ATR,2.0,93,34,13,0.0245,72,34,19,0.044000000000000004,77,14,14,0.03,ATR,4.7,33,10.0,3m,EMA,False,False,False,False,False,True,False,0.3,10,1.2,DONCHIAN,2.0,-13.334767885811496,-13.334767885811496,11.418968582053623,11.418968582053623,3m,62,62.0,EMA,45.16129032258064,45.16129032258064,COMPLETE
427,-299.1868514978405,2026-01-16 12:43:21.924750,2026-01-16 12:43:30.494838,0 days 00:00:08.570088,16,2.5,2.8,1.8,85,DONCHIAN,ATR,2.0,91,21,12,0.027,71,34,18,0.044000000000000004,77,21,14,0.016,ATR,3.8000000000000003,31,10.0,3m,EMA,False,False,False,False,False,True,False,0.3,45,1.0,DONCHIAN,2.0,-15.585865084824032,-15.585865084824032,51.49225617611315,51.49225617611315,3m,33,33.0,EMA,63.63636363636363,63.63636363636363,COMPLETE
428,-1908.266497478467,2026-01-16 12:43:22.463961,2026-01-16 12:43:26.189981,0 days 00:00:03.726020,16,5.1,2.8,1.9,113,DONCHIAN,ATR,1.9000000000000001,95,34,12,0.027,71,34,19,0.044000000000000004,77,15,14,0.026000000000000002,ATR,4.7,33,10.0,3m,EMA,False,False,False,False,False,True,False,0.3,10,1.4,DONCHIAN,1.9000000000000001,-15.65169523913518,-15.65169523913518,31.40365883029313,31.40365883029313,3m,18,18.0,EMA,38.88888888888889,38.88888888888889,COMPLETE
429,145.08701139069126,2026-01-16 12:43:22.544718,2026-01-16 12:43:28.661535,0 days 00:00:06.116817,16,1.6,2.8,1.9,114,DONCHIAN,ATR,2.1,94,34,12,0.028,71,34,19,0.044000000000000004,77,15,14,0.024,ATR,4.7,31,10.0,3m,EMA,False,False,False,False,False,True,False,0.3,10,1.2,DONCHIAN,2.1,-9.37038519695998,-9.37038519695998,23.894944107406516,23.894944107406516,3m,57,57.0,EMA,47.368421052631575,47.368421052631575,COMPLETE
430,154.42961762025243,2026-01-16 12:43:26.141111,2026-01-16 12:43:32.924834,0 days 00:00:06.783723,17,1.6,2.9000000000000004,1.9,110,DONCHIAN,ATR,1.9000000000000001,96,20,12,0.029500000000000002,71,34,19,0.043000000000000003,77,15,14,0.016,ATR,1.1,31,10.0,3m,EMA,False,False,False,False,False,True,False,0.3,10,1.2,DONCHIAN,1.9000000000000001,-8.629864970686201,-8.629864970686201,25.052596647397802,25.052596647397802,3m,57,57.0,EMA,47.368421052631575,47.368421052631575,COMPLETE
431,125.71304423908987,2026-01-16 12:43:26.164404,2026-01-16 12:43:32.917314,0 days 00:00:06.752910,17,1.6,2.7,1.9,104,DONCHIAN,ATR,1.9000000000000001,90,34,12,0.025500000000000002,71,34,19,0.043000000000000003,77,15,14,0.028999999999999998,ATR,4.800000000000001,33,10.0,3m,EMA,False,False,False,False,False,True,False,0.3,10,1.2,DONCHIAN,1.9000000000000001,-8.387703613483355,-8.387703613483355,17.878901567717314,17.878901567717314,3m,60,60.0,EMA,45.0,45.0,COMPLETE
432,-2303.217281610085,2026-01-16 12:43:26.739980,2026-01-16 12:43:34.309117,0 days 00:00:07.569137,17,3.6,2.7,1.9,83,DONCHIAN,ATR,2.0,94,20,12,0.026000000000000002,71,34,19,0.043000000000000003,77,15,14,0.04,ATR,1.8,33,10.0,3m,EMA,False,False,False,False,False,True,False,0.55,10,2.0,DONCHIAN,2.0,-7.687968857723777,-7.687968857723777,-0.7244920516195823,-0.7244920516195823,3m,9,9.0,EMA,22.22222222222222,22.22222222222222,COMPLETE
433,-1970.5849423417035,2026-01-16 12:43:29.327915,2026-01-16 12:43:37.110099,0 days 00:00:07.782184,17,1.6,2.7,1.9,91,DONCHIAN,ATR,1.9000000000000001,96,34,12,0.0175,71,34,19,0.043000000000000003,77,15,14,0.026000000000000002,ATR,4.800000000000001,31,10.0,3m,EMA,False,False,False,False,False,True,False,0.5700000000000001,10,1.2,DONCHIAN,1.9000000000000001,-3.8849352826657064,-3.8849352826657064,4.800496651834832,4.800496651834832,3m,15,15.0,EMA,40.0,40.0,COMPLETE
434,-2295.2858189057706,2026-01-16 12:43:29.953954,2026-01-16 12:43:35.366254,0 days 00:00:05.412300,17,1.6,2.7,1.9,109,DONCHIAN,ATR,2.2,95,34,12,0.030000000000000002,71,20,19,0.044000000000000004,77,15,14,0.025,ATR,4.2,29,10.0,3m,EMA,False,False,False,False,False,True,False,0.5800000000000001,10,1.0,DONCHIAN,2.2,-10.940909414545706,-10.940909414545706,1.2963212754899869,1.2963212754899869,3m,15,15.0,EMA,33.33333333333333,33.33333333333333,COMPLETE
435,175.92301307293474,2026-01-16 12:43:31.148887,2026-01-16 12:43:40.061635,0 days 00:00:08.912748,17,1.6,2.7,1.9,110,DONCHIAN,ATR,2.2,95,34,12,0.0285,67,20,19,0.043000000000000003,77,15,14,0.024,ATR,4.800000000000001,31,10.0,3m,EMA,False,False,False,False,False,True,False,0.31,10,1.8,DONCHIAN,2.2,-10.352422733857049,-10.352422733857049,33.518556139511126,33.518556139511126,3m,56,56.0,EMA,46.42857142857143,46.42857142857143,COMPLETE
436,-131.93185298483604,2026-01-16 12:43:33.456224,2026-01-16 12:43:40.884360,0 days 00:00:07.428136,17,1.6,2.7,1.9,82,DONCHIAN,ATR,2.2,89,20,12,0.0315,71,33,19,0.043000000000000003,77,16,14,0.024,ATR,3.3000000000000003,29,10.0,3m,EMA,False,False,False,False,False,True,False,0.3,10,1.2,DONCHIAN,2.2,-24.626681331443592,-24.626681331443592,8.259090310261398,8.259090310261398,3m,67,67.0,EMA,41.7910447761194,41.7910447761194,COMPLETE
437,133.05846555808785,2026-01-16 12:43:33.446665,2026-01-16 12:43:40.311033,0 days 00:00:06.864368,17,1.6,2.7,1.9,109,DONCHIAN,ATR,2.1,89,34,12,0.030000000000000002,71,33,19,0.043000000000000003,77,16,14,0.020999999999999998,ATR,2.5,29,10.0,3m,EMA,False,False,False,False,False,True,False,0.3,10,1.2,DONCHIAN,2.1,-10.848672407182992,-10.848672407182992,22.72561927419731,22.72561927419731,3m,59,59.0,EMA,45.76271186440678,45.76271186440678,COMPLETE
438,129.49317499638528,2026-01-16 12:43:35.290643,2026-01-16 12:43:40.840658,0 days 00:00:05.550015,17,1.6,2.7,1.9,104,DONCHIAN,ATR,1.9000000000000001,88,34,12,0.029500000000000002,70,33,19,0.043000000000000003,77,16,14,0.024,ATR,2.7,30,10.0,3m,EMA,False,False,False,False,False,True,False,0.3,10,1.4,DONCHIAN,1.9000000000000001,-9.772135949437857,-9.772135949437857,20.462875912954612,20.462875912954612,3m,60,60.0,EMA,45.0,45.0,COMPLETE
439,-2097.5842902270056,2026-01-16 12:43:35.557867,2026-01-16 12:43:43.673431,0 days 00:00:08.115564,17,6.0,2.7,1.9,102,DONCHIAN,ATR,2.1,90,34,12,0.0285,70,33,19,0.044000000000000004,77,16,14,0.025,ATR,4.800000000000001,29,10.0,3m,EMA,False,False,False,False,False,True,False,0.3,10,1.4,DONCHIAN,2.1,-27.79646679638288,-27.79646679638288,50.58678903179192,50.58678903179192,3m,17,17.0,EMA,35.294117647058826,35.294117647058826,COMPLETE
440,130.66268989442324,2026-01-16 12:43:37.738762,2026-01-16 12:43:43.900993,0 days 00:00:06.162231,15,1.6,2.7,1.9,104,DONCHIAN,ATR,2.1,88,34,12,0.028,70,33,19,0.043000000000000003,77,16,14,0.024,ATR,2.5,27,10.0,3m,EMA,False,False,False,False,False,True,False,0.3,10,1.4,DONCHIAN,2.1,-10.276659769738004,-10.276659769738004,21.37911476773154,21.37911476773154,3m,60,60.0,EMA,45.0,45.0,COMPLETE
441,142.55837069759855,2026-01-16 12:43:40.221275,2026-01-16 12:43:44.601892,0 days 00:00:04.380617,17,1.6,2.6,1.9,106,DONCHIAN,ATR,2.3000000000000003,90,34,12,0.0315,70,33,19,0.043000000000000003,77,16,14,0.024,ATR,4.800000000000001,30,10.0,3m,EMA,False,False,False,False,False,True,False,0.3,10,2.0,DONCHIAN,2.3000000000000003,-12.396439341491146,-12.396439341491146,27.431599977307652,27.431599977307652,3m,59,59.0,EMA,45.76271186440678,45.76271186440678,COMPLETE
442,-1377.3615579739644,2026-01-16 12:43:40.931051,2026-01-16 12:43:45.392211,0 days 00:00:04.461160,17,1.5,2.5,1.9,100,DONCHIAN,ATR,2.1,90,34,12,0.029500000000000002,66,20,19,0.041,77,16,14,0.024,ATR,2.8,27,10.0,1d,EMA,False,False,False,False,False,True,False,0.3,10,1.8,DONCHIAN,2.1,-58.81419105429402,-58.81419105429402,-60.27274205043932,-60.27274205043932,1d,47,47.0,EMA,14.893617021276595,14.893617021276595,COMPLETE
443,75.96730043628395,2026-01-16 12:43:40.944705,2026-01-16 12:43:47.250339,0 days 00:00:06.305634,17,1.5,2.6,1.9,104,DONCHIAN,ATR,2.1,90,34,12,0.0285,66,21,19,0.043000000000000003,77,16,14,0.024,ATR,2.8,30,10.0,3m,EMA,False,False,False,False,False,True,False,0.3,10,2.2,DONCHIAN,2.1,-18.904073765984116,-18.904073765984116,10.019432715420635,10.019432715420635,3m,65,65.0,EMA,41.53846153846154,41.53846153846154,COMPLETE
444,-1378.0915069980047,2026-01-16 12:43:40.809233,2026-01-16 12:43:46.085743,0 days 00:00:05.276510,17,1.5,2.6,1.9,102,DONCHIAN,ATR,2.3000000000000003,87,34,12,0.029,65,20,19,0.043000000000000003,77,16,14,0.024,ATR,1.4,30,10.0,1d,EMA,False,False,False,False,False,True,False,0.3,10,1.4,DONCHIAN,2.3000000000000003,-60.08373226648646,-60.08373226648646,-61.57465261980114,-61.57465261980114,1d,47,47.0,EMA,14.893617021276595,14.893617021276595,COMPLETE
445,-123.98939271522522,2026-01-16 12:43:43.713354,2026-01-16 12:43:49.165972,0 days 00:00:05.452618,15,1.5,2.5,1.9,104,DONCHIAN,ATR,2.2,86,34,12,0.0285,65,21,19,0.041,77,16,14,0.024,ATR,2.8,28,10.0,3m,EMA,False,False,False,False,False,True,False,0.3,10,1.8,DONCHIAN,2.2,-20.508965697449668,-20.508965697449668,10.573008634245117,10.573008634245117,3m,65,65.0,EMA,41.53846153846154,41.53846153846154,COMPLETE
446,-906.6096455552306,2026-01-16 12:43:44.457449,2026-01-16 12:43:49.220694,0 days 00:00:04.763245,15,1.8,2.6,1.9,100,BOLLINGER,ATR,2.3000000000000003,87,34,12,0.029,70,32,19,0.043000000000000003,77,16,14,0.024,ATR,2.5,27,10.0,3m,EMA,False,False,False,False,False,True,False,0.3,10,1.6,BOLLINGER,2.3000000000000003,-30.65949622353072,-30.65949622353072,22.811203395763783,22.811203395763783,3m,79,79.0,EMA,46.835443037974684,46.835443037974684,COMPLETE
447,-965.4792161696514,2026-01-16 12:43:44.631100,2026-01-16 12:43:49.759188,0 days 00:00:05.128088,15,1.5,2.6,1.9,98,DONCHIAN,ATR,2.3000000000000003,88,34,12,0.029,65,32,19,0.041,77,16,14,0.024,ATR,2.6,28,10.0,5m,EMA,False,False,False,False,False,True,False,0.3,10,1.4,DONCHIAN,2.3000000000000003,-31.939278942026363,-31.939278942026363,-8.351016425853222,-8.351016425853222,5m,67,67.0,EMA,37.3134328358209,37.3134328358209,COMPLETE
448,-115.51920905669067,2026-01-16 12:43:45.416811,2026-01-16 12:43:53.098112,0 days 00:00:07.681301,15,1.5,2.7,1.9,97,DONCHIAN,ATR,2.3000000000000003,86,35,12,0.029,65,20,19,0.043000000000000003,77,16,14,0.024,ATR,2.4000000000000004,30,10.0,3m,EMA,False,False,False,False,False,True,False,0.3,10,1.6,DONCHIAN,2.3000000000000003,-20.572499040546724,-20.572499040546724,14.043839217221505,14.043839217221505,3m,67,67.0,EMA,41.7910447761194,41.7910447761194,COMPLETE
449,-1906.6757842150373,2026-01-16 12:43:46.102703,2026-01-16 12:43:50.559007,0 days 00:00:04.456304,16,4.7,2.6,1.9,97,DONCHIAN,ATR,2.3000000000000003,88,35,11,0.0305,67,32,19,0.043000000000000003,77,16,14,0.024,ATR,2.7,28,10.0,5m,EMA,False,False,False,False,False,True,False,0.3,10,1.8,DONCHIAN,2.3000000000000003,-20.413918560991412,-20.413918560991412,118.87863512215222,118.87863512215222,5m,19,19.0,EMA,52.63157894736842,52.63157894736842,COMPLETE
450,-1867.1000934166568,2026-01-16 12:43:47.290151,2026-01-16 12:43:53.079391,0 days 00:00:05.789240,15,4.7,2.6,1.8,104,DONCHIAN,PARABOLIC_SAR,2.1,87,35,12,0.028,70,32,19,0.043000000000000003,77,16,14,0.022,ATR,2.6,26,10.0,3m,EMA,False,False,False,False,False,True,False,0.3,10,1.6,DONCHIAN,2.1,-19.095334163834853,-19.095334163834853,51.60979953106618,51.60979953106618,3m,19,19.0,EMA,42.10526315789473,42.10526315789473,COMPLETE
451,-422.66318775113814,2026-01-16 12:43:49.203569,2026-01-16 12:43:53.202837,0 days 00:00:03.999268,15,1.8,2.6,1.8,105,DONCHIAN,ATR,2.5000000000000004,81,35,11,0.0305,67,22,19,0.041,77,16,14,0.022,ATR,2.5,26,10.0,5m,EMA,False,False,False,False,False,True,False,0.3,10,1.6,DONCHIAN,2.5000000000000004,-17.28896300979464,-17.28896300979464,28.191544111339752,28.191544111339752,5m,47,47.0,EMA,46.808510638297875,46.808510638297875,COMPLETE
452,136.59749823225775,2026-01-16 12:43:49.248125,2026-01-16 12:43:57.510196,0 days 00:00:08.262071,16,1.7,2.6,1.8,106,DONCHIAN,PARABOLIC_SAR,2.1,79,35,12,0.030000000000000002,69,32,19,0.042,77,16,13,0.022,ATR,2.5,26,9.5,5m,EMA,False,False,False,False,False,True,False,0.31,10,1.6,DONCHIAN,2.1,-10.582532068664996,-10.582532068664996,23.349692537773215,23.349692537773215,5m,53,53.0,EMA,45.28301886792453,45.28301886792453,COMPLETE
453,162.78411092544047,2026-01-16 12:43:50.531053,2026-01-16 12:43:59.979859,0 days 00:00:09.448806,16,1.7,2.7,1.9,103,DONCHIAN,PARABOLIC_SAR,2.4000000000000004,94,35,12,0.0325,68,33,19,0.042,77,16,13,0.022,ATR,2.4000000000000004,30,9.5,3m,EMA,False,False,False,False,False,True,False,0.31,10,1.6,DONCHIAN,2.4000000000000004,-12.750588496076531,-12.750588496076531,34.00381038435437,34.00381038435437,3m,53,53.0,EMA,47.16981132075472,47.16981132075472,COMPLETE
454,143.84069719281615,2026-01-16 12:43:51.219255,2026-01-16 12:43:58.198692,0 days 00:00:06.979437,16,1.7,2.7,1.8,105,DONCHIAN,PARABOLIC_SAR,2.1,81,35,12,0.032,69,22,19,0.042,77,16,14,0.025,ATR,1.1,30,9.5,3m,EMA,False,False,False,False,False,True,False,0.31,10,1.6,DONCHIAN,2.1,-11.569977097166902,-11.569977097166902,26.678193510684462,26.678193510684462,3m,53,53.0,EMA,47.16981132075472,47.16981132075472,COMPLETE
455,218.0490826646892,2026-01-16 12:43:53.140221,2026-01-16 12:43:58.242094,0 days 00:00:05.101873,16,1.7,2.7,1.8,105,CCI,ATR,2.2,80,35,12,0.030000000000000002,67,33,19,0.042,77,16,13,0.023,ATR,2.3,31,9.5,3m,EMA,False,False,False,False,False,True,False,0.31,10,2.0,CCI,2.2,-8.965480519496984,-8.965480519496984,41.18591313045093,41.18591313045093,3m,74,74.0,EMA,48.64864864864865,48.64864864864865,COMPLETE
456,159.13660543224523,2026-01-16 12:43:53.152984,2026-01-16 12:44:00.545365,0 days 00:00:07.392381,16,1.7,2.7,1.8,106,CCI,ATR,2.2,81,35,12,0.032,69,33,19,0.041,77,16,13,0.022,ATR,2.5,31,9.5,3m,EMA,False,False,False,False,False,True,False,0.31,10,2.0,CCI,2.2,-13.043586693362558,-13.043586693362558,33.3642149768183,33.3642149768183,3m,74,74.0,EMA,48.64864864864865,48.64864864864865,COMPLETE
457,77.79443231492132,2026-01-16 12:43:53.242512,2026-01-16 12:43:55.643974,0 days 00:00:02.401462,16,1.7,2.7,1.8,107,CCI,ATR,2.2,94,34,12,0.027,69,33,19,0.043000000000000003,76,16,13,0.023,ATR,1.9,31,6.0,3m,EMA,False,False,False,False,False,True,False,0.31,10,1.4,CCI,2.2,-12.458516769408263,-12.458516769408263,8.262484083957226,8.262484083957226,3m,75,75.0,EMA,45.33333333333333,45.33333333333333,COMPLETE
458,130.1712597318674,2026-01-16 12:43:56.897821,2026-01-16 12:44:03.953609,0 days 00:00:07.055788,16,1.6,2.7,1.9,102,DONCHIAN,PARABOLIC_SAR,2.0,81,34,12,0.0325,70,33,19,0.042,77,16,14,0.025,ATR,2.4000000000000004,29,9.5,3m,EMA,False,False,False,False,False,True,False,0.31,10,1.4,DONCHIAN,2.0,-12.332197814329561,-12.332197814329561,23.685640575753478,23.685640575753478,3m,60,60.0,EMA,43.333333333333336,43.333333333333336,COMPLETE
459,112.98866108372295,2026-01-16 12:43:58.213861,2026-01-16 12:44:02.242084,0 days 00:00:04.028223,16,1.6,2.5,1.8,103,DONCHIAN,ATR,2.0,94,35,12,0.0305,69,33,19,0.042,76,16,14,0.02,ATR,2.4000000000000004,29,9.5,5m,EMA,False,False,False,False,False,True,False,0.31,10,1.4,DONCHIAN,2.0,-13.3790492794536,-13.3790492794536,19.558726196079608,19.558726196079608,5m,59,59.0,EMA,42.3728813559322,42.3728813559322,COMPLETE
460,-3009.0844937649595,2026-01-16 12:43:59.225158,2026-01-16 12:44:04.914791,0 days 00:00:05.689633,16,3.2,2.5,1.7,100,CCI,PARABOLIC_SAR,2.1,79,35,12,0.034,68,21,19,0.041,76,16,13,0.02,ATR,1.1,24,9.5,3m,EMA,False,False,True,False,False,True,False,0.31,10,2.0,CCI,2.1,-30.559064609100684,-30.559064609100684,-4.7659830297689885,-4.7659830297689885,3m,26,26.0,EMA,42.30769230769231,42.30769230769231,COMPLETE
461,-919.8159706750703,2026-01-16 12:43:59.242608,2026-01-16 12:44:03.948096,0 days 00:00:04.705488,16,1.6,2.5,1.8,103,BOLLINGER,PARABOLIC_SAR,2.2,78,35,12,0.0315,67,21,19,0.042,76,16,13,0.020999999999999998,ATR,1.1,29,9.5,5m,EMA,False,False,False,False,False,True,False,0.31,50,2.0,BOLLINGER,2.2,-42.242027820778624,-42.242027820778624,-12.715753128133459,-12.715753128133459,5m,104,104.0,EMA,37.5,37.5,COMPLETE
462,-694.6985406444774,2026-01-16 12:44:00.075120,2026-01-16 12:44:05.407014,0 days 00:00:05.331894,16,1.6,2.5,1.8,102,CCI,PARABOLIC_SAR,2.4000000000000004,78,35,12,0.0325,67,21,19,0.041,76,16,13,0.020999999999999998,ATR,2.4000000000000004,29,9.5,5m,EMA,False,False,True,False,False,True,False,0.31,10,1.8,CCI,2.4000000000000004,-21.173789018664387,-21.173789018664387,2.199494518500101,2.199494518500101,5m,49,49.0,EMA,42.857142857142854,42.857142857142854,COMPLETE
463,-694.8491286924618,2026-01-16 12:44:00.736576,2026-01-16 12:44:06.752191,0 days 00:00:06.015615,16,1.6,2.5,1.8,103,CCI,PARABOLIC_SAR,2.4000000000000004,80,35,12,0.033,67,21,19,0.041,76,16,13,0.022,ATR,1.1,24,9.5,5m,EMA,False,False,True,False,False,True,False,0.31,10,2.0,CCI,2.4000000000000004,-21.46554356576378,-21.46554356576378,2.155853762972506,2.155853762972506,5m,49,49.0,EMA,42.857142857142854,42.857142857142854,COMPLETE
464,-503.84035795973796,2026-01-16 12:44:03.413731,2026-01-16 12:44:08.380053,0 days 00:00:04.966322,16,1.6,2.5,1.8,102,CCI,PARABOLIC_SAR,2.2,80,35,12,0.0325,67,33,19,0.041,76,16,13,0.022,ATR,2.4000000000000004,29,9.5,5m,EMA,False,False,True,False,False,True,False,0.31,10,2.0,CCI,2.2,-14.879920831495319,-14.879920831495319,-1.2737080851348,-1.2737080851348,5m,39,39.0,EMA,43.58974358974359,43.58974358974359,COMPLETE
465,-456.1417636947763,2026-01-16 12:44:04.865003,2026-01-16 12:44:06.831897,0 days 00:00:01.966894,16,1.6,2.5,1.8,100,CCI,PARABOLIC_SAR,2.4000000000000004,84,35,11,0.033,68,33,19,0.041,76,16,13,0.023,ATR,2.4000000000000004,29,9.5,5m,EMA,False,False,True,False,False,True,False,0.31,10,2.0,CCI,2.4000000000000004,-16.371417320496167,-16.371417320496167,15.445360888301884,15.445360888301884,5m,40,40.0,EMA,45.0,45.0,COMPLETE
466,-74.19074313922465,2026-01-16 12:44:04.943819,2026-01-16 12:44:09.917834,0 days 00:00:04.974015,16,1.6,2.5,1.8,102,CCI,PARABOLIC_SAR,2.4000000000000004,74,35,11,0.033,68,33,19,0.041,76,17,13,0.022,ATR,2.4000000000000004,29,9.5,5m,EMA,False,False,False,False,False,True,False,0.31,10,2.0,CCI,2.4000000000000004,-23.051256754591435,-23.051256754591435,11.307692078873096,11.307692078873096,5m,86,86.0,EMA,44.18604651162791,44.18604651162791,COMPLETE
467,-405.3268100921032,2026-01-16 12:44:05.444089,2026-01-16 12:44:10.759042,0 days 00:00:05.314953,16,2.7,2.6,1.8,100,CCI,PARABOLIC_SAR,2.1,81,35,11,0.0325,68,33,19,0.041,76,17,13,0.022,ATR,2.3,30,9.5,5m,EMA,False,False,False,False,False,True,False,0.31,10,2.0,CCI,2.1,-17.158537352522824,-17.158537352522824,34.345850242177974,34.345850242177974,5m,41,41.0,EMA,53.65853658536586,53.65853658536586,COMPLETE
468,-2026.3901451852948,2026-01-16 12:44:04.872648,2026-01-16 12:44:09.932065,0 days 00:00:05.059417,16,3.9000000000000004,2.6,1.8,102,CCI,PARABOLIC_SAR,2.1,73,35,11,0.0325,68,33,19,0.041,76,17,13,0.022,ATR,2.2,30,9.5,5m,EMA,False,False,False,False,False,True,False,0.31,40,2.0,CCI,2.1,-25.08198437223424,-25.08198437223424,80.29596049914713,80.29596049914713,5m,27,27.0,EMA,51.85185185185185,51.85185185185185,COMPLETE
469,125.95560551049311,2026-01-16 12:44:06.804742,2026-01-16 12:44:11.518265,0 days 00:00:04.713523,15,1.6,2.6,1.8,105,CCI,PARABOLIC_SAR,2.2,76,35,11,0.031,69,32,19,0.042,77,17,13,0.022,ATR,2.2,30,9.0,5m,EMA,False,False,False,False,False,True,False,0.31,15,1.6,CCI,2.2,-19.48418185010354,-19.48418185010354,10.21016093616921,10.21016093616921,5m,82,82.0,EMA,45.1219512195122,45.1219512195122,COMPLETE
470,-904.9923687523769,2026-01-16 12:44:06.894780,2026-01-16 12:44:11.614566,0 days 00:00:04.719786,15,1.6,2.4000000000000004,1.8,94,CCI,PARABOLIC_SAR,2.2,74,35,11,0.032,69,32,19,0.042,77,17,13,0.022,ATR,2.3,30,9.0,5m,EMA,False,False,False,False,False,True,False,0.31,15,1.6,CCI,2.2,-31.629300066354116,-31.629300066354116,-2.6768339292359187,-2.6768339292359187,5m,88,88.0,EMA,42.04545454545455,42.04545454545455,COMPLETE
471,-2080.0586191564116,2026-01-16 12:44:08.810119,2026-01-16 12:44:15.248361,0 days 00:00:06.438242,15,4.0,2.6,1.9,95,CCI,PARABOLIC_SAR,2.1,82,35,11,0.0315,68,32,19,0.042,77,16,12,0.023,ATR,2.3,27,9.0,3m,EMA,False,False,False,False,False,True,False,0.3,15,1.6,CCI,2.1,-24.138592037403367,-24.138592037403367,54.126700774186645,54.126700774186645,3m,28,28.0,EMA,50.0,50.0,COMPLETE
472,88.34912199555674,2026-01-16 12:44:09.965400,2026-01-16 12:44:14.064639,0 days 00:00:04.099239,15,1.5,2.6,1.9,106,CCI,PARABOLIC_SAR,2.0,75,35,12,0.031,69,32,19,0.042,77,17,13,0.023,ATR,2.2,31,9.0,5m,EMA,False,False,False,False,False,True,False,0.3,15,1.6,CCI,2.0,-18.893067737735027,-18.893067737735027,-4.4937981187702505,-4.4937981187702505,5m,98,98.0,EMA,43.87755102040816,43.87755102040816,COMPLETE
473,-3318.685885889182,2026-01-16 12:44:10.008797,2026-01-16 12:44:15.294439,0 days 00:00:05.285642,15,5.6000000000000005,2.6,1.9,106,CCI,PARABOLIC_SAR,2.0,81,35,12,0.035,69,32,20,0.042,77,17,12,0.023,ATR,2.2,31,9.0,5m,EMA,False,False,False,False,False,True,False,0.3,15,1.6,CCI,2.0,-39.91698394284411,-39.91698394284411,-11.583371577388363,-11.583371577388363,5m,21,21.0,EMA,19.047619047619047,19.047619047619047,COMPLETE
474,-913.691050596758,2026-01-16 12:44:11.476583,2026-01-16 12:44:17.334790,0 days 00:00:05.858207,15,1.5,2.4000000000000004,1.9,93,CCI,PARABOLIC_SAR,2.0,77,34,12,0.035,69,32,20,0.042,77,16,14,0.023,ATR,2.5,27,9.0,5m,EMA,False,False,False,False,False,True,False,0.3,15,1.6,CCI,2.0,-33.791934603231574,-33.791934603231574,-7.653216174516967,-7.653216174516967,5m,99,99.0,EMA,42.42424242424242,42.42424242424242,COMPLETE
475,-2300.0,2026-01-16 12:44:11.553385,2026-01-16 12:44:16.108986,0 days 00:00:04.555601,15,1.5,2.4000000000000004,1.9,95,CCI,PARABOLIC_SAR,2.2,75,34,12,0.0305,69,32,19,0.042,77,17,12,0.023,FIXED,2.2,31,9.0,5m,EMA,False,False,False,False,False,True,False,0.32,15,1.6,CCI,2.2,0.0,0.0,0.0,0.0,5m,0,0.0,EMA,0.0,0.0,COMPLETE
476,-2300.0,2026-01-16 12:44:11.725920,2026-01-16 12:44:15.744477,0 days 00:00:04.018557,15,1.5,2.7,1.9,71,CCI,PARABOLIC_SAR,2.0,70,34,12,0.0305,69,31,20,0.042,77,16,13,0.02,FIXED,2.2,31,9.0,5m,EMA,False,False,False,False,False,True,False,0.32,15,1.6,CCI,2.0,0.0,0.0,0.0,0.0,5m,0,0.0,EMA,0.0,0.0,COMPLETE
477,-2300.0,2026-01-16 12:44:14.191195,2026-01-16 12:44:19.642510,0 days 00:00:05.451315,15,1.5,2.7,1.9,97,CCI,PARABOLIC_SAR,2.1,82,34,12,0.031,69,22,20,0.042,77,16,12,0.023,FIXED,2.5,27,9.0,5m,EMA,False,False,False,False,False,True,False,0.32,15,1.6,CCI,2.1,0.0,0.0,0.0,0.0,5m,0,0.0,EMA,0.0,0.0,COMPLETE
478,-2300.0,2026-01-16 12:44:15.668388,2026-01-16 12:44:18.142156,0 days 00:00:02.473768,15,1.5,2.4000000000000004,1.9,105,CCI,PARABOLIC_SAR,2.2,78,34,12,0.030000000000000002,69,33,19,0.042,77,16,14,0.020999999999999998,FIXED,2.5,30,9.0,5m,EMA,False,False,False,False,False,True,False,0.32,10,1.4,CCI,2.2,0.0,0.0,0.0,0.0,5m,0,0.0,EMA,0.0,0.0,COMPLETE
479,-2300.0,2026-01-16 12:44:15.682419,2026-01-16 12:44:19.816257,0 days 00:00:04.133838,15,1.5,2.4000000000000004,1.9,105,CCI,PARABOLIC_SAR,2.2,77,34,12,0.030000000000000002,69,22,19,0.042,77,16,14,0.019000000000000003,FIXED,2.5,27,9.0,5m,EMA,False,False,False,False,False,True,False,0.32,10,1.4,CCI,2.2,0.0,0.0,0.0,0.0,5m,0,0.0,EMA,0.0,0.0,COMPLETE
480,-108.10296183756782,2026-01-16 12:44:16.086817,2026-01-16 12:44:21.314270,0 days 00:00:05.227453,14,1.8,2.7,1.7,106,BOLLINGER,PARABOLIC_SAR,2.1,77,34,12,0.030000000000000002,69,20,19,0.04,77,16,14,0.025,ATR,2.6,27,9.5,5m,EMA,False,True,False,False,False,True,False,0.32,10,1.4,BOLLINGER,2.1,-27.517416078292236,-27.517416078292236,20.561575416939636,20.561575416939636,5m,77,77.0,EMA,44.15584415584416,44.15584415584416,COMPLETE
481,205.27334243303812,2026-01-16 12:44:16.451631,2026-01-16 12:44:21.809005,0 days 00:00:05.357374,16,1.8,2.7,1.7,105,CCI,PARABOLIC_SAR,2.1,78,34,12,0.030000000000000002,69,20,19,0.04,77,16,14,0.020999999999999998,ATR,2.6,27,9.5,5m,EMA,False,True,False,False,False,True,False,0.32,10,1.8,CCI,2.1,-10.183578874205125,-10.183578874205125,40.93647835805314,40.93647835805314,5m,62,62.0,EMA,48.38709677419355,48.38709677419355,COMPLETE
482,140.20845724872834,2026-01-16 12:44:17.372565,2026-01-16 12:44:23.054617,0 days 00:00:05.682052,16,1.8,2.7,1.8,98,CCI,PARABOLIC_SAR,2.1,82,34,12,0.029500000000000002,69,20,19,0.043000000000000003,77,16,14,0.020999999999999998,ATR,2.3,28,9.5,5m,EMA,False,True,False,False,False,True,False,0.32,10,1.8,CCI,2.1,-13.550040506618597,-13.550040506618597,28.230619388274896,28.230619388274896,5m,65,65.0,EMA,46.15384615384615,46.15384615384615,COMPLETE
483,137.99356434092442,2026-01-16 12:44:18.628753,2026-01-16 12:44:22.571281,0 days 00:00:03.942528,14,1.8,2.7,1.8,98,CCI,PARABOLIC_SAR,2.1,84,34,12,0.0275,69,31,19,0.04,77,16,14,0.02,ATR,2.6,28,9.5,5m,EMA,False,True,False,False,False,True,False,0.32,10,1.8,CCI,2.1,-12.68915671609808,-12.68915671609808,26.45157792046231,26.45157792046231,5m,65,65.0,EMA,46.15384615384615,46.15384615384615,COMPLETE
484,197.34244204897368,2026-01-16 12:44:19.675393,2026-01-16 12:44:23.930721,0 days 00:00:04.255328,16,1.8,2.7,1.8,105,CCI,PARABOLIC_SAR,2.1,88,35,12,0.0275,69,20,19,0.043000000000000003,77,16,14,0.025,ATR,2.6,28,9.5,5m,EMA,False,True,False,False,False,True,False,0.31,10,1.8,CCI,2.1,-9.369062641770183,-9.369062641770183,37.02352245772199,37.02352245772199,5m,62,62.0,EMA,48.38709677419355,48.38709677419355,COMPLETE
485,-533.614453881617,2026-01-16 12:44:20.184409,2026-01-16 12:44:25.229593,0 days 00:00:05.045184,16,1.8,2.7,1.8,106,CCI,PARABOLIC_SAR,2.1,69,35,12,0.0275,69,20,19,0.04,76,16,14,0.025,ATR,1.2,28,9.5,5m,EMA,False,True,False,False,False,True,False,0.48,10,1.4,CCI,2.1,-17.7649228903172,-17.7649228903172,-12.466597666481976,-12.466597666481976,5m,33,33.0,EMA,39.39393939393939,39.39393939393939,COMPLETE
486,123.61508606004281,2026-01-16 12:44:21.774804,2026-01-16 12:44:25.969350,0 days 00:00:04.194546,14,1.6,2.7,1.8,103,CCI,PARABOLIC_SAR,2.0,87,35,12,0.0275,68,33,19,0.043000000000000003,76,16,13,0.020999999999999998,ATR,1.3,28,9.5,5m,EMA,False,False,False,False,False,True,False,0.31,10,1.8,CCI,2.0,-15.410819413122617,-15.410819413122617,8.005979186025703,8.005979186025703,5m,86,86.0,EMA,44.18604651162791,44.18604651162791,COMPLETE
487,121.41595128899007,2026-01-16 12:44:22.509107,2026-01-16 12:44:26.125953,0 days 00:00:03.616846,16,2.0,2.7,1.8,98,CCI,PARABOLIC_SAR,2.0,67,35,12,0.0275,68,20,19,0.04,76,16,13,0.020999999999999998,ATR,1.2,28,9.5,5m,EMA,False,False,False,False,False,True,False,0.31,10,2.2,CCI,2.0,-12.327209187517173,-12.327209187517173,21.093813376778318,21.093813376778318,5m,59,59.0,EMA,50.847457627118644,50.847457627118644,COMPLETE
488,156.59327183811183,2026-01-16 12:44:22.634520,2026-01-16 12:44:27.018871,0 days 00:00:04.384351,16,2.0,2.7,1.7,104,CCI,PARABOLIC_SAR,2.3000000000000003,83,35,12,0.0275,69,31,19,0.04,76,16,14,0.019000000000000003,ATR,2.7,28,9.5,5m,EMA,False,True,False,False,False,True,False,0.32,10,1.8,CCI,2.3000000000000003,-9.152420674274868,-9.152420674274868,26.43050081968603,26.43050081968603,5m,53,53.0,EMA,50.943396226415096,50.943396226415096,COMPLETE
489,121.28841275050945,2026-01-16 12:44:23.901533,2026-01-16 12:44:30.749337,0 days 00:00:06.847804,14,2.0,2.7,1.7,98,CCI,PARABOLIC_SAR,2.1,83,35,12,0.027,69,20,19,0.04,77,16,14,0.02,ATR,2.7,28,9.5,5m,EMA,False,True,False,False,False,True,False,0.32999999999999996,10,1.8,CCI,2.1,-11.76307080289574,-11.76307080289574,20.46901819463286,20.46901819463286,5m,54,54.0,EMA,51.85185185185185,51.85185185185185,COMPLETE
490,133.4836488128558,2026-01-16 12:44:24.051854,2026-01-16 12:44:30.825692,0 days 00:00:06.773838,13,2.0,2.7,1.7,101,CCI,PARABOLIC_SAR,2.1,68,35,12,0.027,69,20,19,0.04,77,16,14,0.02,ATR,2.6,28,9.5,5m,EMA,False,True,False,False,False,True,False,0.32,10,1.8,CCI,2.1,-11.76046624056254,-11.76046624056254,23.967442450666802,23.967442450666802,5m,55,55.0,EMA,52.72727272727272,52.72727272727272,COMPLETE
491,120.85987134005336,2026-01-16 12:44:25.646080,2026-01-16 12:44:31.502077,0 days 00:00:05.855997,14,2.0,2.7,1.7,99,CCI,PARABOLIC_SAR,2.1,83,35,12,0.026500000000000003,69,20,19,0.04,77,16,13,0.02,ATR,2.7,25,9.5,5m,EMA,False,True,False,False,False,True,False,0.32999999999999996,10,1.8,CCI,2.1,-11.555582335577714,-11.555582335577714,20.129905590984503,20.129905590984503,5m,54,54.0,EMA,51.85185185185185,51.85185185185185,COMPLETE
492,72.42199454340152,2026-01-16 12:44:26.000418,2026-01-16 12:44:29.996405,0 days 00:00:03.995987,13,1.9,2.7,1.7,98,CCI,PARABOLIC_SAR,2.0,82,35,12,0.026500000000000003,68,20,19,0.043000000000000003,77,16,13,0.02,ATR,2.6,26,9.5,5m,EMA,False,True,False,False,False,True,False,0.32999999999999996,10,1.8,CCI,2.0,-13.160490182364255,-13.160490182364255,6.892226177227567,6.892226177227567,5m,63,63.0,EMA,44.44444444444444,44.44444444444444,COMPLETE
493,91.83538479762228,2026-01-16 12:44:26.150352,2026-01-16 12:44:35.630903,0 days 00:00:09.480551,13,1.9,2.7,1.7,98,CCI,PARABOLIC_SAR,2.1,82,34,12,0.026500000000000003,68,20,19,0.04,77,17,13,0.020999999999999998,ATR,2.6,25,9.5,5m,EMA,False,True,False,False,False,True,False,0.32999999999999996,10,1.8,CCI,2.1,-13.197293905333703,-13.197293905333703,12.881695809631422,12.881695809631422,5m,63,63.0,EMA,46.03174603174603,46.03174603174603,COMPLETE
494,122.91026544012038,2026-01-16 12:44:28.111098,2026-01-16 12:44:40.667951,0 days 00:00:12.556853,14,2.0,2.7,1.7,99,CCI,PARABOLIC_SAR,2.3000000000000003,61,35,12,0.026500000000000003,68,20,19,0.04,76,16,13,0.018000000000000002,ATR,1.0,26,9.5,5m,EMA,False,True,False,False,False,True,False,0.32999999999999996,10,1.8,CCI,2.3000000000000003,-12.59910363393962,-12.59910363393962,21.822535679402808,21.822535679402808,5m,54,54.0,EMA,51.85185185185185,51.85185185185185,COMPLETE
495,136.366709837067,2026-01-16 12:44:30.551994,2026-01-16 12:44:39.752961,0 days 00:00:09.200967,14,2.0,2.7,1.7,101,CCI,PARABOLIC_SAR,2.3000000000000003,61,34,11,0.0275,68,20,19,0.04,76,17,13,0.019000000000000003,ATR,1.2,28,5.0,5m,EMA,False,True,False,False,False,True,False,0.32999999999999996,10,1.8,CCI,2.3000000000000003,-13.133421702443716,-13.133421702443716,26.51449433967788,26.51449433967788,5m,54,54.0,EMA,51.85185185185185,51.85185185185185,COMPLETE
496,-429.73872890866187,2026-01-16 12:44:31.363803,2026-01-16 12:44:39.839481,0 days 00:00:08.475678,13,2.3,2.7,1.7,99,CCI,PARABOLIC_SAR,2.3000000000000003,73,34,12,0.026000000000000002,68,20,19,0.039,76,17,13,0.019000000000000003,ATR,1.2,28,9.5,5m,EMA,False,True,False,False,False,True,False,0.32999999999999996,10,1.8,CCI,2.3000000000000003,-11.37463244179065,-11.37463244179065,19.772393087284616,19.772393087284616,5m,47,47.0,EMA,53.191489361702125,53.191489361702125,COMPLETE
497,168.16469753812453,2026-01-16 12:44:31.397776,2026-01-16 12:44:39.924899,0 days 00:00:08.527123,14,2.1,2.7,1.7,99,CCI,PARABOLIC_SAR,2.3000000000000003,61,34,12,0.025500000000000002,68,20,19,0.04,76,16,13,0.019000000000000003,ATR,1.2,28,9.5,5m,EMA,False,True,False,False,False,True,False,0.32999999999999996,10,1.8,CCI,2.3000000000000003,-9.667874672246887,-9.667874672246887,30.230349679493273,30.230349679493273,5m,52,52.0,EMA,53.84615384615385,53.84615384615385,COMPLETE
498,-384.6993214161903,2026-01-16 12:44:32.316412,2026-01-16 12:44:40.727739,0 days 00:00:08.411327,14,2.2,2.6,1.7,100,CCI,PARABOLIC_SAR,2.2,74,34,11,0.028,68,20,19,0.04,76,17,13,0.020999999999999998,ATR,1.0,28,9.5,5m,EMA,False,True,False,False,False,True,False,0.32999999999999996,10,1.8,CCI,2.2,-13.381289049908593,-13.381289049908593,20.27872238657812,20.27872238657812,5m,49,49.0,EMA,55.10204081632652,55.10204081632652,COMPLETE
499,-3047.574310918604,2026-01-16 12:44:36.410976,2026-01-16 12:44:43.290233,0 days 00:00:06.879257,12,2.3,2.6,1.7,100,CCI,PARABOLIC_SAR,2.3000000000000003,69,34,11,0.028,68,20,19,0.039,76,17,13,0.020999999999999998,ATR,1.0,28,9.5,5m,EMA,False,True,False,True,False,True,False,0.32999999999999996,10,1.8,CCI,2.3000000000000003,-32.37601528876552,-32.37601528876552,-25.88717060264945,-25.88717060264945,5m,29,29.0,EMA,37.93103448275862,37.93103448275862,COMPLETE
500,-2334.748281469972,2026-01-16 12:44:39.921396,2026-01-16 12:44:48.682080,0 days 00:00:08.760684,13,2.1,2.6,1.6,102,CCI,PARABOLIC_SAR,2.2,59,34,11,0.0245,69,20,19,0.04,77,17,14,0.018000000000000002,ATR,1.0,26,9.5,5m,EMA,False,True,False,True,False,True,True,0.32999999999999996,10,1.8,CCI,2.2,-7.634475456250646,-7.634475456250646,-7.795593802002119,-7.795593802002119,5m,4,4.0,EMA,25.0,25.0,COMPLETE
501,-2023.2376816736378,2026-01-16 12:44:39.950087,2026-01-16 12:44:49.433532,0 days 00:00:09.483445,13,2.3,2.6,1.7,88,CCI,PARABOLIC_SAR,2.5000000000000004,71,34,11,0.025,69,20,19,0.039,77,17,14,0.018000000000000002,ATR,2.5,26,9.5,5m,EMA,False,True,False,True,False,True,True,0.33999999999999997,10,1.8,CCI,2.5000000000000004,-5.270873099325842,-5.270873099325842,-4.328818170823448,-4.328818170823448,5m,2,2.0,EMA,50.0,50.0,COMPLETE
502,-2355.958521258911,2026-01-16 12:44:40.603741,2026-01-16 12:44:45.793296,0 days 00:00:05.189555,12,2.2,2.6,1.6,101,CCI,PARABOLIC_SAR,2.3000000000000003,58,34,11,0.028,69,31,19,0.04,77,17,14,0.018000000000000002,ATR,1.0,29,5.0,5m,EMA,False,True,False,True,False,False,True,0.33999999999999997,10,1.8,CCI,2.3000000000000003,-12.064371350470052,-12.064371350470052,-16.314049714177067,-16.314049714177067,5m,7,7.0,EMA,28.57142857142857,28.57142857142857,COMPLETE
503,-1942.6784852474402,2026-01-16 12:44:40.765867,2026-01-16 12:44:49.600494,0 days 00:00:08.834627,12,2.0,2.6,1.7,92,CCI,PARABOLIC_SAR,2.5000000000000004,64,34,11,0.0245,69,31,19,0.039,77,17,14,0.019000000000000003,ATR,2.7,30,5.5,5m,EMA,False,True,False,False,False,False,True,0.43,10,1.8,CCI,2.5000000000000004,-15.059553154145874,-15.059553154145874,2.4465577372133964,2.4465577372133964,5m,22,22.0,EMA,59.09090909090909,59.09090909090909,COMPLETE
504,-2349.8770615475396,2026-01-16 12:44:40.852569,2026-01-16 12:44:49.412987,0 days 00:00:08.560418,13,2.1,2.6,1.6,102,CCI,PARABOLIC_SAR,2.5000000000000004,67,34,11,0.025500000000000002,69,31,19,0.04,77,17,14,0.018000000000000002,ATR,2.7,30,5.5,5m,EMA,False,True,False,True,False,False,True,0.33999999999999997,10,1.8,CCI,2.5000000000000004,-11.705603372933291,-11.705603372933291,-14.2791157157726,-14.2791157157726,5m,7,7.0,EMA,28.57142857142857,28.57142857142857,COMPLETE
505,-1860.333640255837,2026-01-16 12:44:43.414341,2026-01-16 12:44:51.836152,0 days 00:00:08.421811,14,2.1,2.6,1.7,91,CCI,PARABOLIC_SAR,2.2,57,34,11,0.029500000000000002,69,31,19,0.039,77,17,14,0.018000000000000002,ATR,2.6,29,5.5,5m,EMA,False,True,False,False,False,True,True,0.33999999999999997,10,1.8,CCI,2.2,-5.41311759802918,-5.41311759802918,16.9129605053345,16.9129605053345,5m,15,15.0,EMA,73.33333333333333,73.33333333333333,COMPLETE
506,172.21752773033495,2026-01-16 12:44:46.537613,2026-01-16 12:44:53.240227,0 days 00:00:06.702614,14,2.1,2.6,1.6,87,CCI,PARABOLIC_SAR,2.2,62,34,11,0.025,69,20,19,0.039,77,16,14,0.018000000000000002,ATR,2.7,30,9.5,5m,EMA,False,True,False,False,False,True,False,0.33999999999999997,25,1.8,CCI,2.2,-16.30882204649833,-16.30882204649833,42.93688629455869,42.93688629455869,5m,51,51.0,EMA,54.90196078431373,54.90196078431373,COMPLETE
507,253.97368417084817,2026-01-16 12:44:48.976994,2026-01-16 12:44:54.790120,0 days 00:00:05.813126,14,2.1,2.6,1.7,95,CCI,PARABOLIC_SAR,2.2,64,34,11,0.029500000000000002,66,31,19,0.039,77,16,14,0.019000000000000003,ATR,2.5,29,4.5,5m,EMA,False,True,False,False,False,True,False,0.33999999999999997,10,1.8,CCI,2.2,-12.406249312965144,-12.406249312965144,45.6552244875703,45.6552244875703,5m,52,52.0,EMA,55.769230769230774,55.769230769230774,COMPLETE
508,281.9973589104884,2026-01-16 12:44:50.143457,2026-01-16 12:44:58.207060,0 days 00:00:08.063603,14,2.1,2.7,1.8,96,CCI,PARABOLIC_SAR,2.2,49,35,12,0.029,67,20,19,0.042,77,16,14,0.019000000000000003,ATR,2.6,29,9.5,5m,EMA,False,True,False,False,False,True,False,0.32,10,1.8,CCI,2.2,-9.72453667600363,-9.72453667600363,46.71758742912069,46.71758742912069,5m,50,50.0,EMA,56.00000000000001,56.00000000000001,COMPLETE
509,196.3271917291013,2026-01-16 12:44:50.190260,2026-01-16 12:44:56.707222,0 days 00:00:06.516962,14,2.1,2.7,1.8,95,CCI,PARABOLIC_SAR,2.2,78,35,12,0.029500000000000002,67,20,19,0.041,77,16,14,0.019000000000000003,ATR,2.6,29,5.0,5m,EMA,False,True,False,False,False,True,False,0.32,10,1.8,CCI,2.2,-13.487132053705764,-13.487132053705764,45.66183803516605,45.66183803516605,5m,53,53.0,EMA,54.71698113207547,54.71698113207547,COMPLETE
510,170.02271666780143,2026-01-16 12:44:50.209234,2026-01-16 12:44:59.635528,0 days 00:00:09.426294,13,2.0,2.7,1.8,95,CCI,PARABOLIC_SAR,2.2,65,35,12,0.029500000000000002,67,20,19,0.041,77,16,14,0.02,ATR,2.6,29,9.5,5m,EMA,False,True,False,False,False,True,False,0.32,10,1.8,CCI,2.2,-15.796262741640192,-15.796262741640192,41.32617837900408,41.32617837900408,5m,56,56.0,EMA,53.57142857142857,53.57142857142857,COMPLETE
511,226.10749353443043,2026-01-16 12:44:52.104567,2026-01-16 12:45:01.714146,0 days 00:00:09.609579,14,2.1,2.7,1.8,96,CCI,PARABOLIC_SAR,2.4000000000000004,67,35,12,0.029,69,20,19,0.041,77,16,14,0.019000000000000003,ATR,2.1,29,9.5,5m,EMA,False,True,False,False,False,True,False,0.32,10,1.8,CCI,2.4000000000000004,-11.398045318065865,-11.398045318065865,49.61971057052407,49.61971057052407,5m,51,51.0,EMA,54.90196078431373,54.90196078431373,COMPLETE
512,127.14873205996537,2026-01-16 12:44:53.552107,2026-01-16 12:45:00.392966,0 days 00:00:06.840859,14,2.1,2.7,1.8,86,CCI,PARABOLIC_SAR,2.2,64,35,12,0.029,69,20,19,0.041,77,16,14,0.019000000000000003,ATR,2.9000000000000004,27,9.0,5m,EMA,False,True,False,False,False,True,False,0.35,15,1.8,CCI,2.2,-17.5089963291859,-17.5089963291859,28.349600090967353,28.349600090967353,5m,50,50.0,EMA,50.0,50.0,COMPLETE
513,153.17575240122096,2026-01-16 12:44:55.396017,2026-01-16 12:45:03.668561,0 days 00:00:08.272544,14,2.1,2.7,1.6,87,CCI,PARABOLIC_SAR,2.2,67,34,12,0.029,66,20,19,0.041,77,16,14,0.019000000000000003,ATR,3.0,29,4.5,5m,EMA,False,True,False,False,False,True,False,0.35,25,1.8,CCI,2.2,-17.51744368839643,-17.51744368839643,37.92528026639614,37.92528026639614,5m,50,50.0,EMA,52.0,52.0,COMPLETE
514,-629.5383638788899,2026-01-16 12:44:57.007910,2026-01-16 12:45:06.128290,0 days 00:00:09.120380,14,2.2,2.7,1.6,86,CCI,PARABOLIC_SAR,2.3000000000000003,58,35,12,0.034,66,20,19,0.041,77,16,14,0.019000000000000003,ATR,2.6,27,5.0,5m,EMA,False,True,False,False,False,True,False,0.36,25,2.0,CCI,2.3000000000000003,-20.428973131960664,-20.428973131960664,28.570225953658063,28.570225953658063,5m,47,47.0,EMA,53.191489361702125,53.191489361702125,COMPLETE
515,-390.82437236248825,2026-01-16 12:44:59.263247,2026-01-16 12:45:10.151137,0 days 00:00:10.887890,13,2.1,2.7,1.6,87,CCI,PARABOLIC_SAR,2.4000000000000004,45,35,12,0.029,67,20,20,0.041,77,16,14,0.019000000000000003,ATR,2.6,27,5.0,5m,EMA,False,True,False,False,False,True,False,0.35,30,1.8,CCI,2.4000000000000004,-18.963362828824394,-18.963362828824394,42.20949024680674,42.20949024680674,5m,49,49.0,EMA,53.06122448979592,53.06122448979592,COMPLETE
516,145.79154774483595,2026-01-16 12:45:00.355804,2026-01-16 12:45:09.065451,0 days 00:00:08.709647,13,2.2,2.7,1.6,87,CCI,PARABOLIC_SAR,2.3000000000000003,54,35,11,0.029,67,20,20,0.041,76,16,14,0.019000000000000003,ATR,2.8,29,4.5,5m,EMA,False,True,False,False,False,True,False,0.33999999999999997,25,1.8,CCI,2.3000000000000003,-19.92551537719124,-19.92551537719124,38.22523667978868,38.22523667978868,5m,50,50.0,EMA,54.0,54.0,COMPLETE
517,-92.3344750777569,2026-01-16 12:45:00.999489,2026-01-16 12:45:09.051205,0 days 00:00:08.051716,13,2.0,2.7,1.6,93,CCI,PARABOLIC_SAR,2.3000000000000003,50,35,11,0.029,66,20,19,0.041,76,16,14,0.019000000000000003,ATR,2.6,29,5.0,5m,EMA,False,True,False,False,False,True,False,0.35,25,1.8,CCI,2.3000000000000003,-20.47541103214499,-20.47541103214499,23.415790196570125,23.415790196570125,5m,52,52.0,EMA,50.0,50.0,COMPLETE
518,154.8160590020134,2026-01-16 12:45:01.806102,2026-01-16 12:45:11.060956,0 days 00:00:09.254854,13,2.2,2.7,1.7,95,CCI,PARABOLIC_SAR,2.3000000000000003,62,35,11,0.029500000000000002,66,20,19,0.039,77,16,14,0.019000000000000003,ATR,2.6,28,6.0,5m,EMA,False,True,False,False,False,True,False,0.32999999999999996,10,1.8,CCI,2.3000000000000003,-13.43449206819212,-13.43449206819212,32.62952835022474,32.62952835022474,5m,51,51.0,EMA,54.90196078431373,54.90196078431373,COMPLETE
519,-451.42049251206026,2026-01-16 12:45:03.964551,2026-01-16 12:45:12.032822,0 days 00:00:08.068271,13,2.2,2.7,1.6,95,CCI,PARABOLIC_SAR,2.3000000000000003,52,35,11,0.029500000000000002,66,20,19,0.039,76,16,14,0.019000000000000003,ATR,2.6,29,4.5,5m,EMA,False,True,False,False,False,True,False,0.36,25,1.8,CCI,2.3000000000000003,-17.76367062090773,-17.76367062090773,18.015882089355447,18.015882089355447,5m,47,47.0,EMA,53.191489361702125,53.191489361702125,COMPLETE
520,201.29089950517118,2026-01-16 12:45:06.564384,2026-01-16 12:45:17.495280,0 days 00:00:10.930896,13,2.2,2.6,1.6,94,CCI,PARABOLIC_SAR,2.3000000000000003,46,35,12,0.029500000000000002,67,20,19,0.039,76,16,14,0.017,ATR,2.6,29,4.5,5m,EMA,False,True,False,False,False,True,False,0.33999999999999997,25,1.8,CCI,2.3000000000000003,-14.461663287949733,-14.461663287949733,33.00287851428313,33.00287851428313,5m,51,51.0,EMA,56.86274509803921,56.86274509803921,COMPLETE
521,145.2588204045851,2026-01-16 12:45:09.222873,2026-01-16 12:45:16.075331,0 days 00:00:06.852458,13,2.2,2.6,1.6,95,CCI,PARABOLIC_SAR,2.4000000000000004,61,35,11,0.029500000000000002,67,20,20,0.039,76,16,14,0.017,ATR,3.0,28,4.5,5m,EMA,False,True,False,False,False,True,False,0.33999999999999997,25,1.8,CCI,2.4000000000000004,-14.475520678142423,-14.475520678142423,31.05598730241589,31.05598730241589,5m,51,51.0,EMA,54.90196078431373,54.90196078431373,COMPLETE
522,-647.4013679666677,2026-01-16 12:45:09.227947,2026-01-16 12:45:17.577688,0 days 00:00:08.349741,13,2.2,2.6,1.6,89,CCI,PARABOLIC_SAR,2.4000000000000004,45,35,11,0.029500000000000002,67,20,20,0.039,76,16,14,0.017,ATR,3.0,28,4.5,5m,EMA,False,True,False,False,False,True,False,0.35,25,1.8,CCI,2.4000000000000004,-21.34539618474565,-21.34539618474565,21.93561208463083,21.93561208463083,5m,48,48.0,EMA,52.083333333333336,52.083333333333336,COMPLETE
523,235.71798787425996,2026-01-16 12:45:10.758961,2026-01-16 12:45:20.343479,0 days 00:00:09.584518,13,2.1,2.6,1.6,93,CCI,PARABOLIC_SAR,2.3000000000000003,52,35,11,0.0315,67,20,20,0.039,76,16,14,0.017,ATR,2.8,28,5.0,5m,EMA,False,True,False,False,False,True,False,0.33999999999999997,25,1.8,CCI,2.3000000000000003,-13.761066757997792,-13.761066757997792,58.67693283304681,58.67693283304681,5m,51,51.0,EMA,54.90196078431373,54.90196078431373,COMPLETE
524,-368.469720044086,2026-01-16 12:45:11.171914,2026-01-16 12:45:19.523902,0 days 00:00:08.351988,14,2.4,2.6,1.6,91,CCI,PARABOLIC_SAR,2.4000000000000004,53,35,11,0.0315,66,21,20,0.038,76,16,14,0.017,ATR,2.8,28,4.5,5m,EMA,False,True,False,False,False,True,False,0.33999999999999997,25,2.0,CCI,2.4000000000000004,-17.530587774053032,-17.530587774053032,48.37085288380601,48.37085288380601,5m,41,41.0,EMA,51.21951219512195,51.21951219512195,COMPLETE
525,-330.74155969576896,2026-01-16 12:45:12.089314,2026-01-16 12:45:21.310482,0 days 00:00:09.221168,14,2.3,2.6,1.7,92,CCI,PARABOLIC_SAR,2.4000000000000004,63,35,11,0.0315,67,21,20,0.038,76,16,14,0.017,ATR,2.8,30,5.0,5m,EMA,False,True,False,False,False,True,False,0.33999999999999997,25,1.8,CCI,2.4000000000000004,-16.280108636615616,-16.280108636615616,41.85076339453699,41.85076339453699,5m,45,45.0,EMA,55.55555555555556,55.55555555555556,COMPLETE
526,-638.9002031174286,2026-01-16 12:45:17.481294,2026-01-16 12:45:23.098284,0 days 00:00:05.616990,13,2.3,2.6,1.6,89,CCI,PARABOLIC_SAR,2.4000000000000004,62,35,11,0.0315,67,21,20,0.041,76,16,14,0.016,ATR,2.8,30,4.0,5m,EMA,False,True,False,False,False,True,False,0.35,25,2.0,CCI,2.4000000000000004,-21.21636033456443,-21.21636033456443,25.38203901928745,25.38203901928745,5m,44,44.0,EMA,52.27272727272727,52.27272727272727,COMPLETE
527,-308.2303872298853,2026-01-16 12:45:18.027981,2026-01-16 12:45:25.294810,0 days 00:00:07.266829,13,2.3,2.6,1.6,91,CCI,PARABOLIC_SAR,2.4000000000000004,55,35,11,0.031,67,21,20,0.038,76,16,14,0.017,ATR,2.8,30,4.5,5m,EMA,False,True,False,False,False,True,False,0.33999999999999997,25,2.0,CCI,2.4000000000000004,-16.043640357210016,-16.043640357210016,49.29377100541761,49.29377100541761,5m,45,45.0,EMA,55.55555555555556,55.55555555555556,COMPLETE
528,-639.8919781626173,2026-01-16 12:45:18.944051,2026-01-16 12:45:27.366326,0 days 00:00:08.422275,13,2.3,2.6,1.6,91,CCI,PARABOLIC_SAR,2.4000000000000004,62,35,11,0.0315,67,21,20,0.038,76,16,14,0.017,ATR,3.1,30,4.5,5m,EMA,False,True,False,False,False,True,False,0.35,30,2.0,CCI,2.4000000000000004,-21.21597201132026,-21.21597201132026,24.969743417311832,24.969743417311832,5m,44,44.0,EMA,52.27272727272727,52.27272727272727,COMPLETE
529,-640.4186211950419,2026-01-16 12:45:19.779269,2026-01-16 12:45:27.550241,0 days 00:00:07.770972,13,2.3,2.5,1.6,93,CCI,PARABOLIC_SAR,2.4000000000000004,61,35,11,0.031,67,20,20,0.039,76,16,14,0.015,ATR,2.0,30,4.5,5m,EMA,False,True,False,False,False,True,False,0.35,25,2.0,CCI,2.4000000000000004,-21.660812649570595,-21.660812649570595,25.08254833508621,25.08254833508621,5m,44,44.0,EMA,52.27272727272727,52.27272727272727,COMPLETE
530,-640.1269899907211,2026-01-16 12:45:20.412225,2026-01-16 12:45:27.493802,0 days 00:00:07.081577,12,2.3,2.5,1.6,90,CCI,PARABOLIC_SAR,2.3000000000000003,40,35,11,0.031,67,21,20,0.039,76,16,14,0.015,ATR,2.9000000000000004,30,4.0,5m,EMA,False,True,False,False,False,True,False,0.35,25,1.8,CCI,2.3000000000000003,-20.850971058124586,-20.850971058124586,24.596956795793446,24.596956795793446,5m,44,44.0,EMA,52.27272727272727,52.27272727272727,COMPLETE
531,-416.9596893833086,2026-01-16 12:45:21.874749,2026-01-16 12:45:29.215328,0 days 00:00:07.340579,12,2.3,2.5,1.6,95,CCI,PARABOLIC_SAR,2.4000000000000004,40,35,11,0.031,67,20,20,0.039,76,16,14,0.015,ATR,2.9000000000000004,31,4.5,5m,EMA,False,True,False,False,False,True,False,0.35,25,2.0,CCI,2.4000000000000004,-17.085486727368473,-17.085486727368473,30.044286624453637,30.044286624453637,5m,45,45.0,EMA,53.333333333333336,53.333333333333336,COMPLETE
532,146.08041626209706,2026-01-16 12:45:24.752941,2026-01-16 12:45:32.444606,0 days 00:00:07.691665,13,2.2,2.5,1.6,95,CCI,PARABOLIC_SAR,2.3000000000000003,40,35,11,0.0305,67,20,20,0.038,76,16,14,0.018000000000000002,ATR,2.9000000000000004,31,4.5,5m,EMA,False,True,False,False,False,True,False,0.33999999999999997,25,2.0,CCI,2.3000000000000003,-14.88538357760954,-14.88538357760954,31.87370928218849,31.87370928218849,5m,51,51.0,EMA,54.90196078431373,54.90196078431373,COMPLETE
533,-420.235933999752,2026-01-16 12:45:25.849253,2026-01-16 12:45:35.121574,0 days 00:00:09.272321,12,2.2,2.5,1.6,95,CCI,PARABOLIC_SAR,2.3000000000000003,39,35,11,0.030000000000000002,67,20,20,0.039,76,16,14,0.015,ATR,3.0,31,4.5,5m,EMA,False,True,False,False,False,True,False,0.35,25,1.8,CCI,2.3000000000000003,-14.664037246158435,-14.664037246158435,26.214786009725277,26.214786009725277,5m,49,49.0,EMA,53.06122448979592,53.06122448979592,COMPLETE
534,-438.7079732087759,2026-01-16 12:45:27.398811,2026-01-16 12:45:36.200656,0 days 00:00:08.801845,12,2.2,2.5,1.6,95,CCI,PARABOLIC_SAR,2.3000000000000003,37,35,11,0.030000000000000002,66,20,20,0.039,76,16,14,0.016,ATR,2.9000000000000004,31,4.5,5m,EMA,False,True,False,False,False,True,False,0.36,25,1.8,CCI,2.3000000000000003,-19.35369838023653,-19.35369838023653,24.00712729946582,24.00712729946582,5m,46,46.0,EMA,54.347826086956516,54.347826086956516,COMPLETE
535,-378.27656192451104,2026-01-16 12:45:28.198151,2026-01-16 12:45:37.644013,0 days 00:00:09.445862,13,2.2,2.5,1.7,96,CCI,PARABOLIC_SAR,2.2,50,35,10,0.029500000000000002,66,20,20,0.039,76,16,14,0.018000000000000002,ATR,2.7,31,4.5,5m,EMA,False,True,False,False,False,True,False,0.33999999999999997,25,1.8,CCI,2.2,-17.013531418624147,-17.013531418624147,25.88050913975127,25.88050913975127,5m,47,47.0,EMA,57.446808510638306,57.446808510638306,COMPLETE
536,143.42926053223619,2026-01-16 12:45:28.222794,2026-01-16 12:45:37.659663,0 days 00:00:09.436869,12,2.2,2.5,1.7,95,CCI,PARABOLIC_SAR,2.2,51,35,11,0.029,66,20,20,0.039,76,16,14,0.018000000000000002,ATR,2.7,31,4.5,5m,EMA,False,True,False,False,False,True,False,0.33999999999999997,25,1.8,CCI,2.2,-13.624464181262422,-13.624464181262422,29.337454601364232,29.337454601364232,5m,51,51.0,EMA,54.90196078431373,54.90196078431373,COMPLETE
537,-387.92399578858203,2026-01-16 12:45:29.333216,2026-01-16 12:45:38.421482,0 days 00:00:09.088266,12,2.2,2.8,1.7,95,CCI,PARABOLIC_SAR,2.2,50,35,10,0.029,67,20,20,0.04,76,16,14,0.018000000000000002,ATR,2.7,29,4.5,5m,EMA,False,True,False,False,False,True,False,0.33999999999999997,25,1.8,CCI,2.2,-13.561060296583532,-13.561060296583532,19.43633861331623,19.43633861331623,5m,49,49.0,EMA,57.14285714285714,57.14285714285714,COMPLETE
538,-309.2557001356372,2026-01-16 12:45:32.601602,2026-01-16 12:45:42.097265,0 days 00:00:09.495663,12,2.1,2.6,1.7,94,CCI,PARABOLIC_SAR,2.3000000000000003,35,35,10,0.0285,66,20,20,0.038,76,16,14,0.018000000000000002,ATR,3.0,31,4.5,5m,EMA,False,True,False,False,False,True,False,0.33999999999999997,25,2.2,CCI,2.3000000000000003,-13.00550494273537,-13.00550494273537,42.950067254902656,42.950067254902656,5m,49,49.0,EMA,57.14285714285714,57.14285714285714,COMPLETE
539,216.6252443542262,2026-01-16 12:45:36.052193,2026-01-16 12:45:44.661094,0 days 00:00:08.608901,13,2.1,2.5,1.7,95,CCI,PARABOLIC_SAR,2.2,48,35,10,0.0285,66,20,20,0.037,76,16,14,0.018000000000000002,ATR,2.9000000000000004,29,4.5,5m,EMA,False,True,False,False,False,True,False,0.33999999999999997,25,2.2,CCI,2.2,-13.091953689969099,-13.091953689969099,35.734501022438614,35.734501022438614,5m,50,50.0,EMA,56.00000000000001,56.00000000000001,COMPLETE
540,-286.6206734532607,2026-01-16 12:45:37.008854,2026-01-16 12:45:46.319859,0 days 00:00:09.311005,13,2.1,2.8,1.7,95,CCI,PARABOLIC_SAR,2.2,46,35,10,0.0285,66,20,20,0.037,76,16,14,0.018000000000000002,ATR,2.7,29,4.5,5m,SUPERTREND,False,True,False,False,False,True,False,0.33999999999999997,25,2.2,CCI,2.2,-9.233588161682924,-9.233588161682924,40.71436581170841,40.71436581170841,5m,40,40.0,SUPERTREND,57.49999999999999,57.49999999999999,COMPLETE
541,-383.5476537898285,2026-01-16 12:45:38.240007,2026-01-16 12:45:46.390691,0 days 00:00:08.150684,12,2.5,2.8,1.7,94,CCI,PARABOLIC_SAR,2.2,48,35,10,0.0285,66,20,20,0.04,76,16,14,0.018000000000000002,ATR,2.7,29,4.5,5m,EMA,False,True,False,False,False,True,False,0.33999999999999997,25,1.8,CCI,2.2,-14.59640010192105,-14.59640010192105,38.16246588019673,38.16246588019673,5m,41,41.0,EMA,53.65853658536586,53.65853658536586,COMPLETE
542,-277.60668253753556,2026-01-16 12:45:38.275042,2026-01-16 12:45:45.854625,0 days 00:00:07.579583,12,2.1,2.8,1.7,94,CCI,PARABOLIC_SAR,2.2,49,35,10,0.0285,66,20,20,0.037,76,16,14,0.018000000000000002,ATR,2.7,29,4.5,5m,SUPERTREND,False,True,False,False,False,True,False,0.33999999999999997,25,1.8,CCI,2.2,-9.233588161682924,-9.233588161682924,42.96066545881375,42.96066545881375,5m,40,40.0,SUPERTREND,57.49999999999999,57.49999999999999,COMPLETE
543,-615.9342523196101,2026-01-16 12:45:38.519980,2026-01-16 12:45:47.473981,0 days 00:00:08.954001,13,2.4,2.3,1.7,88,CCI,PARABOLIC_SAR,2.2,55,35,11,0.0285,66,20,21,0.038,76,16,14,0.018000000000000002,ATR,3.0,29,4.5,5m,SUPERTREND,False,True,False,False,False,True,False,0.33999999999999997,30,2.2,CCI,2.2,-20.298281366455363,-20.298281366455363,33.94649814677047,33.94649814677047,5m,33,33.0,SUPERTREND,54.54545454545454,54.54545454545454,COMPLETE
544,235.55956652895748,2026-01-16 12:45:43.321217,2026-01-16 12:45:50.344480,0 days 00:00:07.023263,13,2.1,2.8,1.7,89,CCI,PARABOLIC_SAR,2.2,55,35,11,0.0285,66,20,20,0.037,76,16,14,0.017,ATR,2.8,29,5.0,5m,EMA,False,True,False,False,False,True,False,0.33999999999999997,25,1.8,CCI,2.2,-11.196006663936945,-11.196006663936945,51.72852428142863,51.72852428142863,5m,51,51.0,EMA,54.90196078431373,54.90196078431373,COMPLETE
545,-275.85268428888594,2026-01-16 12:45:45.121532,2026-01-16 12:45:51.814259,0 days 00:00:06.692727,13,2.4,2.8,1.7,89,CCI,PARABOLIC_SAR,2.6,55,35,10,0.0285,67,20,21,0.037,76,16,14,0.017,ATR,2.9000000000000004,29,5.0,5m,SUPERTREND,False,True,False,False,False,True,False,0.33999999999999997,25,1.8,CCI,2.6,-10.767843142754382,-10.767843142754382,47.438519770616125,47.438519770616125,5m,33,33.0,SUPERTREND,57.57575757575758,57.57575757575758,COMPLETE
546,-629.6933398998772,2026-01-16 12:45:46.305682,2026-01-16 12:45:54.395062,0 days 00:00:08.089380,13,2.1,2.6,1.6,81,CCI,PARABOLIC_SAR,2.5000000000000004,54,35,11,0.0235,67,20,21,0.038,76,16,14,0.017,ATR,3.1,29,5.0,5m,HMA,False,True,False,False,False,True,False,0.33999999999999997,30,2.0,CCI,2.5000000000000004,-21.40742460519841,-21.40742460519841,29.375138867609827,29.375138867609827,5m,42,42.0,HMA,50.0,50.0,COMPLETE
547,-94.45493906602405,2026-01-16 12:45:46.432373,2026-01-16 12:45:55.154019,0 days 00:00:08.721646,14,2.4,2.3,1.6,89,CCI,PARABOLIC_SAR,2.5000000000000004,66,35,11,0.036500000000000005,67,20,20,0.038,76,17,14,0.016,ATR,2.9000000000000004,29,6.0,5m,HMA,False,True,False,False,False,True,False,0.33999999999999997,25,2.4000000000000004,CCI,2.5000000000000004,-15.838252638044167,-15.838252638044167,122.62570241136366,122.62570241136366,5m,35,35.0,HMA,57.14285714285714,57.14285714285714,COMPLETE
548,-125.10813046500971,2026-01-16 12:45:46.620317,2026-01-16 12:45:55.162884,0 days 00:00:08.542567,14,2.4,2.3,1.6,89,CCI,PARABOLIC_SAR,2.5000000000000004,43,35,11,0.0235,67,20,21,0.038,76,17,14,0.016,ATR,3.0,29,5.0,5m,HMA,False,True,False,False,False,True,False,0.33999999999999997,25,2.0,CCI,2.5000000000000004,-10.271695967047787,-10.271695967047787,86.08617773998031,86.08617773998031,5m,31,31.0,HMA,64.51612903225806,64.51612903225806,COMPLETE
549,-372.6792372834325,2026-01-16 12:45:47.964873,2026-01-16 12:45:56.144627,0 days 00:00:08.179754,14,2.1,2.6,1.6,90,CCI,PARABOLIC_SAR,2.5000000000000004,43,35,11,0.030000000000000002,67,20,20,0.041,76,17,14,0.016,ATR,2.8,27,5.0,5m,HMA,False,True,False,False,False,True,False,0.32999999999999996,25,2.0,CCI,2.5000000000000004,-18.77897140015265,-18.77897140015265,48.91875802547112,48.91875802547112,5m,40,40.0,HMA,52.5,52.5,COMPLETE
550,-641.6687633411275,2026-01-16 12:45:51.315809,2026-01-16 12:45:59.643077,0 days 00:00:08.327268,13,2.1,2.6,1.6,84,CCI,PARABOLIC_SAR,2.5000000000000004,56,35,11,0.026000000000000002,67,20,21,0.036000000000000004,76,17,14,0.016,ATR,2.9000000000000004,28,5.0,5m,HMA,False,True,False,False,False,True,False,0.35,25,2.4000000000000004,CCI,2.5000000000000004,-23.081244762853885,-23.081244762853885,25.577729775668264,25.577729775668264,5m,41,41.0,HMA,48.78048780487805,48.78048780487805,COMPLETE
551,-656.9304653949193,2026-01-16 12:45:52.592482,2026-01-16 12:45:59.991130,0 days 00:00:07.398648,14,2.1,2.6,1.6,83,CCI,PARABOLIC_SAR,2.5000000000000004,58,35,11,0.023,67,20,20,0.038,76,17,13,0.016,ATR,1.6,27,5.0,5m,HMA,False,True,False,False,False,True,False,0.35,25,2.4000000000000004,CCI,2.5000000000000004,-20.666313596947965,-20.666313596947965,17.593198208934467,17.593198208934467,5m,42,42.0,HMA,47.61904761904761,47.61904761904761,COMPLETE
552,-618.313866546905,2026-01-16 12:45:55.117493,2026-01-16 12:46:01.931983,0 days 00:00:06.814490,14,2.1,2.5,1.6,86,CCI,PARABOLIC_SAR,2.3000000000000003,58,35,11,0.030000000000000002,67,20,20,0.037,76,17,11,0.019000000000000003,ATR,2.5,27,4.0,5m,EMA,False,True,False,False,False,True,False,0.35,25,1.8,CCI,2.3000000000000003,-20.460710703810232,-20.460710703810232,33.1543955186432,33.1543955186432,5m,49,49.0,EMA,48.97959183673469,48.97959183673469,COMPLETE
553,-412.6410079755833,2026-01-16 12:45:56.040241,2026-01-16 12:46:02.858665,0 days 00:00:06.818424,13,2.1,2.7,1.5,91,CCI,PARABOLIC_SAR,2.3000000000000003,59,34,11,0.026500000000000003,66,21,20,0.036000000000000004,76,16,13,0.019000000000000003,ATR,2.8,27,5.0,5m,EMA,False,True,False,False,False,True,False,0.35,25,1.8,CCI,2.3000000000000003,-16.968476967756764,-16.968476967756764,31.46950838325508,31.46950838325508,5m,49,49.0,EMA,53.06122448979592,53.06122448979592,COMPLETE
554,-416.0704871327898,2026-01-16 12:45:56.084364,2026-01-16 12:46:04.299950,0 days 00:00:08.215586,13,2.1,2.7,1.5,92,CCI,PARABOLIC_SAR,2.3000000000000003,65,34,11,0.027,66,21,20,0.037,76,16,13,0.019000000000000003,ATR,2.8,28,5.0,5m,EMA,False,True,False,False,False,True,False,0.35,25,1.8,CCI,2.3000000000000003,-17.26016402685356,-17.26016402685356,30.562444243206922,30.562444243206922,5m,49,49.0,EMA,53.06122448979592,53.06122448979592,COMPLETE
555,-420.796834276548,2026-01-16 12:45:56.420994,2026-01-16 12:46:06.240223,0 days 00:00:09.819229,13,2.1,2.7,1.7,86,CCI,PARABOLIC_SAR,2.3000000000000003,66,34,11,0.027,66,21,20,0.037,76,16,13,0.019000000000000003,ATR,2.8,28,4.0,5m,EMA,False,True,False,False,False,True,False,0.35,25,1.8,CCI,2.3000000000000003,-17.256106700318213,-17.256106700318213,28.83707251802315,28.83707251802315,5m,49,49.0,EMA,51.02040816326531,51.02040816326531,COMPLETE
556,-2020.73598130243,2026-01-16 12:45:59.726593,2026-01-16 12:46:07.798577,0 days 00:00:08.071984,14,2.2,2.7,1.5,92,CCI,PARABOLIC_SAR,2.3000000000000003,58,34,11,0.0275,66,21,20,0.037,76,16,13,0.019000000000000003,ATR,2.8,27,4.0,5m,EMA,False,True,True,False,False,True,False,0.36,25,1.8,CCI,2.3000000000000003,-18.738596316652952,-18.738596316652952,-7.956177038057824,-7.956177038057824,5m,23,23.0,EMA,47.82608695652174,47.82608695652174,COMPLETE
557,-2226.828286794054,2026-01-16 12:46:01.117487,2026-01-16 12:46:09.691983,0 days 00:00:08.574496,13,2.2,2.4000000000000004,1.5,92,CCI,PARABOLIC_SAR,2.3000000000000003,66,34,10,0.0275,66,21,20,0.036000000000000004,76,16,13,0.019000000000000003,ATR,2.8,28,4.0,5m,EMA,False,True,True,False,False,True,False,0.36,25,1.8,CCI,2.3000000000000003,-23.645246516922903,-23.645246516922903,-11.947629774898418,-11.947629774898418,5m,23,23.0,EMA,47.82608695652174,47.82608695652174,COMPLETE
558,-338.4462114467542,2026-01-16 12:46:02.496575,2026-01-16 12:46:12.384234,0 days 00:00:09.887659,13,2.2,2.4000000000000004,1.5,92,CCI,PARABOLIC_SAR,2.3000000000000003,65,34,10,0.0275,66,21,20,0.04,76,16,13,0.019000000000000003,ATR,3.2,28,4.0,5m,EMA,False,True,False,False,False,True,False,0.32999999999999996,25,1.8,CCI,2.3000000000000003,-14.352239985540253,-14.352239985540253,36.175537009446465,36.175537009446465,5m,49,49.0,EMA,59.183673469387756,59.183673469387756,COMPLETE
559,-2005.415080944561,2026-01-16 12:46:03.589131,2026-01-16 12:46:10.794692,0 days 00:00:07.205561,13,2.2,2.4000000000000004,1.7,78,CCI,PARABOLIC_SAR,2.3000000000000003,67,34,10,0.0275,66,21,19,0.04,76,16,14,0.02,ATR,2.8,32,4.0,5m,EMA,False,True,True,False,False,True,False,0.36,25,1.8,CCI,2.3000000000000003,-15.749281071171447,-15.749281071171447,-1.8610303191058337,-1.8610303191058337,5m,23,23.0,EMA,52.17391304347826,52.17391304347826,COMPLETE
560,-731.3807282363905,2026-01-16 12:46:05.248574,2026-01-16 12:46:14.139937,0 days 00:00:08.891363,13,2.2,2.4000000000000004,1.7,97,CCI,PARABOLIC_SAR,2.2,47,34,10,0.0275,65,20,19,0.04,76,16,14,0.02,ATR,2.5,32,4.0,5m,EMA,False,True,True,False,False,False,False,0.32999999999999996,20,1.8,CCI,2.2,-27.520563292731854,-27.520563292731854,-15.401669498329609,-15.401669498329609,5m,38,38.0,EMA,44.73684210526316,44.73684210526316,COMPLETE
561,83.72888008563041,2026-01-16 12:46:07.403812,2026-01-16 12:46:15.916234,0 days 00:00:08.512422,13,2.2,2.8,1.7,97,CCI,PARABOLIC_SAR,2.2,47,35,10,0.0275,65,20,19,0.04,76,16,14,0.02,ATR,2.5,32,4.0,5m,EMA,False,True,False,False,False,False,False,0.32999999999999996,25,1.8,CCI,2.2,-18.05308870920089,-18.05308870920089,12.637713897837138,12.637713897837138,5m,57,57.0,EMA,52.63157894736842,52.63157894736842,COMPLETE
562,-967.1949649841472,2026-01-16 12:46:08.932450,2026-01-16 12:46:17.655523,0 days 00:00:08.723073,14,2.2,1.2,1.7,78,CCI,PARABOLIC_SAR,2.2,53,35,10,0.030000000000000002,67,20,19,0.04,76,16,14,0.02,ATR,1.7000000000000002,32,4.5,5m,EMA,False,True,False,False,False,True,False,0.32999999999999996,30,1.8,CCI,2.2,-37.65076707938802,-37.65076707938802,-10.282152160723577,-10.282152160723577,5m,59,59.0,EMA,42.3728813559322,42.3728813559322,COMPLETE
563,-116.05727602364368,2026-01-16 12:46:09.973779,2026-01-16 12:46:17.709577,0 days 00:00:07.735798,13,2.2,2.8,1.7,97,CCI,PARABOLIC_SAR,2.2,32,35,12,0.0305,65,20,19,0.04,76,16,14,0.02,ATR,3.2,32,4.5,5m,EMA,False,True,False,False,False,False,False,0.32999999999999996,20,2.0,CCI,2.2,-21.953341168094987,-21.953341168094987,14.412693846282574,14.412693846282574,5m,54,54.0,EMA,50.0,50.0,COMPLETE
564,88.29382798470579,2026-01-16 12:46:11.498033,2026-01-16 12:46:20.125106,0 days 00:00:08.627073,14,2.0,2.8,1.8,97,CCI,PARABOLIC_SAR,2.2,47,35,12,0.0305,67,20,19,0.04,77,16,14,0.02,ATR,2.6,31,4.5,5m,EMA,False,True,False,False,False,False,False,0.32999999999999996,20,2.0,CCI,2.2,-19.714744497260373,-19.714744497260373,15.177390264145332,15.177390264145332,5m,64,64.0,EMA,48.4375,48.4375,COMPLETE
565,-909.0322107140937,2026-01-16 12:46:13.502611,2026-01-16 12:46:20.797732,0 days 00:00:07.295121,14,2.0,1.7000000000000002,1.8,97,CCI,PARABOLIC_SAR,2.2,48,35,12,0.0305,65,20,19,0.041,77,16,14,0.017,ATR,2.5,31,4.5,5m,EMA,False,True,False,False,False,False,False,0.32999999999999996,25,2.0,CCI,2.2,-30.621508404103515,-30.621508404103515,21.520693399120216,21.520693399120216,5m,64,64.0,EMA,48.4375,48.4375,COMPLETE
566,122.624013124876,2026-01-16 12:46:14.775990,2026-01-16 12:46:22.994138,0 days 00:00:08.218148,14,2.0,2.8,1.8,97,CCI,PARABOLIC_SAR,2.2,54,35,12,0.0305,67,20,19,0.039,77,16,14,0.017,ATR,2.4000000000000004,30,4.5,5m,EMA,False,True,False,False,False,True,False,0.32999999999999996,30,2.0,CCI,2.2,-13.544379577488892,-13.544379577488892,22.721739666247252,22.721739666247252,5m,53,53.0,EMA,50.943396226415096,50.943396226415096,COMPLETE
567,184.69398976954562,2026-01-16 12:46:16.476363,2026-01-16 12:46:23.581984,0 days 00:00:07.105621,14,2.0,2.8,1.8,96,CCI,PARABOLIC_SAR,2.2,34,35,12,0.0305,67,20,19,0.041,77,16,10,0.017,ATR,1.8,31,4.5,5m,EMA,False,True,False,False,False,True,False,0.32999999999999996,30,2.0,CCI,2.2,-13.568458635337278,-13.568458635337278,42.1876071638322,42.1876071638322,5m,51,51.0,EMA,52.94117647058824,52.94117647058824,COMPLETE
568,-2300.0,2026-01-16 12:46:17.738986,2026-01-16 12:46:26.481567,0 days 00:00:08.742581,14,2.0,2.5,1.8,88,CCI,PARABOLIC_SAR,2.4000000000000004,60,35,12,0.034,67,20,19,0.041,77,17,14,0.017,FIXED,2.6,11,4.5,5m,EMA,False,True,False,False,False,True,False,0.33999999999999997,25,2.0,CCI,2.4000000000000004,0.0,0.0,0.0,0.0,5m,0,0.0,EMA,0.0,0.0,COMPLETE
569,144.65958235844118,2026-01-16 12:46:17.797990,2026-01-16 12:46:27.116234,0 days 00:00:09.318244,14,2.0,2.5,1.8,88,CCI,PARABOLIC_SAR,2.2,62,35,12,0.029500000000000002,67,20,19,0.041,77,17,14,0.017,ATR,2.1,30,4.5,5m,EMA,False,True,False,False,False,True,False,0.33999999999999997,30,2.0,CCI,2.2,-19.057849068803982,-19.057849068803982,36.713613243969434,36.713613243969434,5m,56,56.0,EMA,53.57142857142857,53.57142857142857,COMPLETE
570,-48.75633569810179,2026-01-16 12:46:20.721538,2026-01-16 12:46:29.022190,0 days 00:00:08.300652,14,2.0,2.5,1.6,87,CCI,PARABOLIC_SAR,2.4000000000000004,61,35,11,0.0335,67,20,19,0.041,77,17,14,0.017,ATR,3.1,30,4.5,5m,EMA,False,True,False,False,False,True,False,0.33999999999999997,30,2.0,CCI,2.4000000000000004,-24.42040390420153,-24.42040390420153,46.03029208142555,46.03029208142555,5m,55,55.0,EMA,52.72727272727272,52.72727272727272,COMPLETE
571,-55.42958689594798,2026-01-16 12:46:22.209948,2026-01-16 12:46:30.723449,0 days 00:00:08.513501,14,2.0,2.5,1.6,88,CCI,PARABOLIC_SAR,2.4000000000000004,61,35,11,0.034,67,20,19,0.032,77,17,14,0.017,ATR,2.7,30,6.5,5m,EMA,False,True,False,False,False,True,False,0.33999999999999997,25,1.6,CCI,2.4000000000000004,-24.736148375170753,-24.736148375170753,43.35198587568812,43.35198587568812,5m,55,55.0,EMA,52.72727272727272,52.72727272727272,COMPLETE
572,-2300.0,2026-01-16 12:46:23.550245,2026-01-16 12:46:30.659712,0 days 00:00:07.109467,11,2.0,2.5,1.6,87,CCI,PARABOLIC_SAR,2.4000000000000004,60,35,11,0.029,67,20,19,0.041,77,17,14,0.017,FIXED,3.1,30,5.5,5m,EMA,False,True,False,False,False,True,False,0.33999999999999997,25,1.6,CCI,2.4000000000000004,0.0,0.0,0.0,0.0,5m,0,0.0,EMA,0.0,0.0,COMPLETE
573,-2300.0,2026-01-16 12:46:24.298730,2026-01-16 12:46:34.354966,0 days 00:00:10.056236,14,2.0,2.6,1.8,88,CCI,PARABOLIC_SAR,2.4000000000000004,61,35,11,0.032,67,20,19,0.041,77,17,14,0.017,FIXED,2.1,30,4.5,5m,EMA,False,True,False,False,False,True,False,0.33999999999999997,30,1.6,CCI,2.4000000000000004,0.0,0.0,0.0,0.0,5m,0,0.0,EMA,0.0,0.0,COMPLETE
574,240.98306067092017,2026-01-16 12:46:27.083489,2026-01-16 12:46:34.313839,0 days 00:00:07.230350,13,2.1,2.6,1.6,93,CCI,PARABOLIC_SAR,2.4000000000000004,36,35,11,0.032,68,20,20,0.041,77,16,11,0.014,ATR,2.1,29,5.5,5m,EMA,False,True,False,False,False,True,False,0.33999999999999997,30,1.6,CCI,2.4000000000000004,-14.533247838035098,-14.533247838035098,62.41810583121358,62.41810583121358,5m,51,51.0,EMA,54.90196078431373,54.90196078431373,COMPLETE
575,228.7309443506765,2026-01-16 12:46:27.250808,2026-01-16 12:46:36.232726,0 days 00:00:08.981918,13,2.1,2.6,1.6,93,CCI,PARABOLIC_SAR,2.4000000000000004,28,35,11,0.032,68,20,20,0.041,77,16,10,0.018000000000000002,ATR,1.9,26,6.5,5m,EMA,False,True,False,False,False,True,False,0.33999999999999997,25,2.6,CCI,2.4000000000000004,-14.535021326657644,-14.535021326657644,58.418240459969404,58.418240459969404,5m,50,50.0,EMA,54.0,54.0,COMPLETE
576,240.98306067092017,2026-01-16 12:46:29.185882,2026-01-16 12:46:38.498913,0 days 00:00:09.313031,12,2.1,2.6,1.6,93,CCI,PARABOLIC_SAR,2.4000000000000004,38,35,11,0.032,68,20,20,0.039,77,16,10,0.018000000000000002,ATR,2.0,26,5.5,5m,EMA,False,True,False,False,False,True,False,0.33999999999999997,35,1.6,CCI,2.4000000000000004,-14.533247838035098,-14.533247838035098,62.41810583121358,62.41810583121358,5m,51,51.0,EMA,54.90196078431373,54.90196078431373,COMPLETE
577,-386.62841290918095,2026-01-16 12:46:30.743802,2026-01-16 12:46:41.785369,0 days 00:00:11.041567,13,2.3,2.7,1.7,94,CCI,PARABOLIC_SAR,2.3000000000000003,42,35,11,0.032,68,20,20,0.039,76,16,10,0.018000000000000002,ATR,2.9000000000000004,26,4.5,5m,EMA,False,True,False,False,False,True,False,0.32999999999999996,35,2.2,CCI,2.3000000000000003,-15.331648977184129,-15.331648977184129,38.31130599986795,38.31130599986795,5m,46,46.0,EMA,54.347826086956516,54.347826086956516,COMPLETE
578,-380.2699223055952,2026-01-16 12:46:30.802831,2026-01-16 12:46:41.498585,0 days 00:00:10.695754,13,2.3,2.7,1.7,94,CCI,PARABOLIC_SAR,2.3000000000000003,33,35,11,0.032,68,20,20,0.039,76,16,14,0.018000000000000002,ATR,1.8,26,4.5,5m,EMA,False,True,False,False,False,True,False,0.32999999999999996,30,1.6,CCI,2.3000000000000003,-15.339463330237638,-15.339463330237638,40.472933107720706,40.472933107720706,5m,44,44.0,EMA,54.54545454545454,54.54545454545454,COMPLETE
579,-482.915631102961,2026-01-16 12:46:34.422590,2026-01-16 12:46:43.893580,0 days 00:00:09.470990,12,2.1,2.7,1.7,92,CCI,PARABOLIC_SAR,2.3000000000000003,31,34,12,0.032,68,20,20,0.039,77,16,10,0.018000000000000002,ATR,1.8,29,5.5,5m,EMA,False,True,False,False,False,True,False,0.44999999999999996,35,2.2,CCI,2.3000000000000003,-19.483537328553233,-19.483537328553233,6.720338971753931,6.720338971753931,5m,34,34.0,EMA,50.0,50.0,COMPLETE
580,297.08184773614266,2026-01-16 12:46:34.463991,2026-01-16 12:46:45.355614,0 days 00:00:10.891623,12,2.1,2.7,1.7,93,CCI,PARABOLIC_SAR,2.3000000000000003,43,34,12,0.0325,68,20,20,0.039,77,16,10,0.014,ATR,1.4,29,6.0,5m,EMA,False,True,False,False,False,True,False,0.32999999999999996,35,2.2,CCI,2.3000000000000003,-14.47184320293633,-14.47184320293633,64.24186208870387,64.24186208870387,5m,51,51.0,EMA,56.86274509803921,56.86274509803921,COMPLETE
581,285.4202102464369,2026-01-16 12:46:37.082973,2026-01-16 12:46:45.867246,0 days 00:00:08.784273,12,2.1,2.7,1.7,93,CCI,PARABOLIC_SAR,2.3000000000000003,25,34,12,0.0325,68,20,20,0.035,77,16,10,0.014,ATR,2.0,26,6.0,5m,EMA,False,True,False,False,False,True,False,0.32999999999999996,35,2.8,CCI,2.3000000000000003,-14.473543950800769,-14.473543950800769,60.44499048404612,60.44499048404612,5m,50,50.0,EMA,56.00000000000001,56.00000000000001,COMPLETE
582,-630.9421667374845,2026-01-16 12:46:38.728002,2026-01-16 12:46:48.014005,0 days 00:00:09.286003,12,2.1,2.6,1.7,93,CCI,PARABOLIC_SAR,2.2,26,34,12,0.0325,68,20,19,0.041,77,16,10,0.014,ATR,2.1,26,5.5,5m,MACD,False,True,False,False,False,True,False,0.32999999999999996,35,1.6,CCI,2.2,-21.277346058259713,-21.277346058259713,28.740809643489264,28.740809643489264,5m,46,46.0,MACD,50.0,50.0,COMPLETE
583,299.4970815757715,2026-01-16 12:46:41.892279,2026-01-16 12:46:49.371947,0 days 00:00:07.479668,11,2.1,2.1,1.8,91,CCI,PARABOLIC_SAR,2.2,27,34,12,0.0325,68,21,19,0.041,77,16,11,0.014,ATR,2.0,25,6.0,5m,EMA,False,True,False,False,False,True,False,0.32999999999999996,40,1.6,CCI,2.2,-17.53688989412168,-17.53688989412168,73.38269749716349,73.38269749716349,5m,50,50.0,EMA,56.00000000000001,56.00000000000001,COMPLETE
584,-641.4327134261339,2026-01-16 12:46:41.918106,2026-01-16 12:46:49.435626,0 days 00:00:07.517520,12,2.1,2.6,1.8,92,CCI,PARABOLIC_SAR,2.2,26,34,12,0.033,68,21,19,0.035,77,16,10,0.018000000000000002,ATR,2.1,25,6.0,5m,MACD,False,True,False,False,False,True,False,0.32999999999999996,35,2.6,CCI,2.2,-22.478267175672386,-22.478267175672386,25.248657420376038,25.248657420376038,5m,46,46.0,MACD,50.0,50.0,COMPLETE
585,-641.2346037557409,2026-01-16 12:46:44.000340,2026-01-16 12:46:51.144140,0 days 00:00:07.143800,28,2.1,2.6,1.8,92,CCI,PARABOLIC_SAR,2.2,34,34,12,0.0335,68,21,19,0.041,77,16,10,0.019000000000000003,ATR,2.0,24,6.5,5m,MACD,False,True,False,False,False,True,False,0.32999999999999996,35,1.6,CCI,2.2,-22.78374493620686,-22.78374493620686,25.55446752856907,25.55446752856907,5m,46,46.0,MACD,50.0,50.0,COMPLETE
586,-629.0183990213936,2026-01-16 12:46:45.570648,2026-01-16 12:46:53.983588,0 days 00:00:08.412940,11,2.1,2.6,1.8,93,CCI,PARABOLIC_SAR,2.4000000000000004,25,34,12,0.033,68,30,20,0.041,77,16,10,0.013000000000000001,ATR,1.9,24,6.0,5m,MACD,False,True,False,False,False,True,False,0.32999999999999996,35,1.6,CCI,2.4000000000000004,-23.317624326381285,-23.317624326381285,31.328982610910362,31.328982610910362,5m,46,46.0,MACD,50.0,50.0,COMPLETE
587,281.18625173986766,2026-01-16 12:46:47.152073,2026-01-16 12:46:55.758881,0 days 00:00:08.606808,11,2.1,2.6,1.7,92,CCI,PARABOLIC_SAR,2.4000000000000004,27,34,12,0.034,68,21,20,0.033,77,16,10,0.015,ATR,2.1,24,6.5,5m,EMA,False,True,False,False,False,True,False,0.32999999999999996,35,1.6,CCI,2.4000000000000004,-16.265145666163157,-16.265145666163157,63.545910323834974,63.545910323834974,5m,50,50.0,EMA,56.00000000000001,56.00000000000001,COMPLETE
588,278.67594124753396,2026-01-16 12:46:48.143821,2026-01-16 12:46:56.531031,0 days 00:00:08.387210,11,2.1,2.6,1.7,92,CCI,PARABOLIC_SAR,2.4000000000000004,28,34,12,0.033,68,21,20,0.028999999999999998,77,16,10,0.013000000000000001,ATR,1.9,25,6.0,5m,EMA,False,True,False,False,False,True,False,0.32999999999999996,35,2.8,CCI,2.4000000000000004,-15.820045894175353,-15.820045894175353,61.57986896010576,61.57986896010576,5m,50,50.0,EMA,56.00000000000001,56.00000000000001,COMPLETE
589,-21.895084999163373,2026-01-16 12:46:49.425096,2026-01-16 12:46:58.054973,0 days 00:00:08.629877,11,2.0,2.6,1.8,91,CCI,PARABOLIC_SAR,2.6,25,33,12,0.036000000000000004,68,30,20,0.04,77,16,10,0.013000000000000001,ATR,1.9,24,6.0,5m,EMA,False,True,False,False,False,True,False,0.32999999999999996,40,2.8,CCI,2.6,-23.145160863666696,-23.145160863666696,56.27264292813712,56.27264292813712,5m,54,54.0,EMA,53.70370370370371,53.70370370370371,COMPLETE
590,4.761329445381307,2026-01-16 12:46:49.540578,2026-01-16 12:46:57.456369,0 days 00:00:07.915791,12,2.0,2.6,1.8,92,CCI,PARABOLIC_SAR,2.4000000000000004,17,33,12,0.0345,68,21,20,0.04,77,16,10,0.013000000000000001,ATR,1.9,24,6.0,5m,EMA,False,True,False,False,False,True,False,0.32999999999999996,40,2.6,CCI,2.4000000000000004,-20.775294414325217,-20.775294414325217,63.430880428179584,63.430880428179584,5m,50,50.0,EMA,54.0,54.0,COMPLETE
591,-786.2195864126152,2026-01-16 12:46:51.736680,2026-01-16 12:46:59.969712,0 days 00:00:08.233032,11,2.0,1.7000000000000002,1.8,91,CCI,PARABOLIC_SAR,2.9000000000000004,18,34,12,0.034,68,21,20,0.04,77,16,10,0.013000000000000001,ATR,1.9,25,5.5,5m,EMA,False,True,False,False,False,True,False,0.32999999999999996,40,2.8,CCI,2.9000000000000004,-33.60877737114811,-33.60877737114811,91.24041991970007,91.24041991970007,5m,52,52.0,EMA,53.84615384615385,53.84615384615385,COMPLETE
592,-697.5938572437153,2026-01-16 12:46:55.736956,2026-01-16 12:47:05.426063,0 days 00:00:09.689107,12,2.0,2.2,1.8,98,CCI,PARABOLIC_SAR,2.4000000000000004,22,33,12,0.033,68,21,20,0.034,77,16,11,0.014,ATR,1.9,25,6.0,5m,EMA,False,True,False,True,False,True,False,0.32999999999999996,35,2.8,CCI,2.4000000000000004,-26.669522132144852,-26.669522132144852,1.1574643856730544,1.1574643856730544,5m,30,30.0,EMA,43.333333333333336,43.333333333333336,COMPLETE
593,-25.947911249145363,2026-01-16 12:46:57.066749,2026-01-16 12:47:03.764625,0 days 00:00:06.697876,11,2.0,2.2,1.7,90,CCI,PARABOLIC_SAR,2.6,18,33,12,0.034,68,21,20,0.038,77,17,11,0.014,ATR,2.0,24,6.0,5m,EMA,False,True,False,False,False,True,False,0.32999999999999996,35,3.0,CCI,2.6,-25.563925430902067,-25.563925430902067,58.07911760642235,58.07911760642235,5m,52,52.0,EMA,53.84615384615385,53.84615384615385,COMPLETE
594,-2176.7451277027803,2026-01-16 12:46:57.079576,2026-01-16 12:47:05.960259,0 days 00:00:08.880683,11,2.0,2.2,1.7,92,CCI,PARABOLIC_SAR,2.6,20,33,12,0.035500000000000004,68,21,20,0.034,77,17,11,0.014,ATR,2.0,22,6.5,5m,EMA,False,True,False,True,False,True,False,0.32999999999999996,35,2.8,CCI,2.6,-28.618795035887345,-28.618795035887345,11.701958323093457,11.701958323093457,5m,29,29.0,EMA,48.275862068965516,48.275862068965516,COMPLETE
595,-3003.029998901928,2026-01-16 12:46:57.940994,2026-01-16 12:47:06.404467,0 days 00:00:08.463473,12,2.1,2.2,1.7,90,CCI,PARABOLIC_SAR,2.5000000000000004,21,33,12,0.036000000000000004,68,21,21,0.031,77,17,11,0.012,ATR,2.0,23,6.5,5m,EMA,False,True,False,True,False,True,False,0.32999999999999996,35,3.0,CCI,2.5000000000000004,-31.684862049990503,-31.684862049990503,-1.6264433392515407,-1.6264433392515407,5m,28,28.0,EMA,50.0,50.0,COMPLETE
596,-1501.727021300534,2026-01-16 12:46:58.311225,2026-01-16 12:47:07.658998,0 days 00:00:09.347773,11,2.1,2.2,1.7,90,CCI,PARABOLIC_SAR,2.5000000000000004,28,33,12,0.0345,68,21,21,0.033,77,17,11,0.014,ATR,2.0,26,5.5,5m,EMA,False,True,False,True,False,True,False,0.33999999999999997,35,2.8,CCI,2.5000000000000004,-32.89850645053915,-32.89850645053915,-0.9492710194363957,-0.9492710194363957,5m,30,30.0,EMA,50.0,50.0,COMPLETE
597,-3031.217312891372,2026-01-16 12:47:00.681124,2026-01-16 12:47:08.890997,0 days 00:00:08.209873,11,2.3,1.9,1.7,96,CCI,PARABOLIC_SAR,2.4000000000000004,32,33,12,0.0335,68,21,21,0.028999999999999998,77,17,11,0.014,ATR,2.0,22,6.5,5m,EMA,False,True,False,True,False,True,False,0.33999999999999997,35,2.8,CCI,2.4000000000000004,-36.20169886145519,-36.20169886145519,-18.2180007094124,-18.2180007094124,5m,28,28.0,EMA,42.857142857142854,42.857142857142854,COMPLETE
598,-234.12295242209166,2026-01-16 12:47:04.498083,2026-01-16 12:47:13.530230,0 days 00:00:09.032147,10,2.1,2.2,1.7,96,CCI,PARABOLIC_SAR,2.4000000000000004,30,34,12,0.033,68,21,21,0.033,77,17,11,0.014,ATR,2.0,25,7.0,5m,EMA,False,True,False,False,False,True,False,0.33999999999999997,35,2.8,CCI,2.4000000000000004,-14.642336163087291,-14.642336163087291,70.88342930114592,70.88342930114592,5m,48,48.0,EMA,56.25,56.25,COMPLETE
599,-224.6708664823891,2026-01-16 12:47:06.087971,2026-01-16 12:47:14.043776,0 days 00:00:07.955805,10,2.1,2.1,1.7,96,CCI,PARABOLIC_SAR,2.5000000000000004,30,34,12,0.0335,68,20,21,0.028999999999999998,77,16,10,0.012,ATR,2.1,23,6.5,5m,EMA,False,True,False,False,False,True,False,0.33999999999999997,35,3.0,CCI,2.5000000000000004,-16.154157897878534,-16.154157897878534,78.68732121338392,78.68732121338392,5m,48,48.0,EMA,56.25,56.25,COMPLETE
600,100.97001857115993,2026-01-16 12:47:06.379026,2026-01-16 12:47:15.099995,0 days 00:00:08.720969,11,2.1,2.1,1.7,95,CCI,PARABOLIC_SAR,2.5000000000000004,30,34,12,0.0375,68,20,21,0.032,77,16,10,0.015,ATR,2.1,23,6.5,5m,EMA,False,True,False,False,False,True,False,0.33999999999999997,35,3.0,CCI,2.5000000000000004,-22.448200621512203,-22.448200621512203,86.56482181387697,86.56482181387697,5m,50,50.0,EMA,56.00000000000001,56.00000000000001,COMPLETE
601,-351.2123036930843,2026-01-16 12:47:06.956897,2026-01-16 12:47:15.778440,0 days 00:00:08.821543,11,2.3,2.6,1.7,95,CCI,PARABOLIC_SAR,2.5000000000000004,30,34,12,0.035,68,20,20,0.028999999999999998,77,16,10,0.014,ATR,1.7000000000000002,26,6.0,5m,EMA,False,True,False,False,False,True,False,0.33999999999999997,35,2.6,CCI,2.5000000000000004,-19.081517062163794,-19.081517062163794,38.345075889989616,38.345075889989616,5m,45,45.0,EMA,55.55555555555556,55.55555555555556,COMPLETE
602,-340.3249371499778,2026-01-16 12:47:07.757950,2026-01-16 12:47:17.542254,0 days 00:00:09.784304,10,2.3,2.6,1.7,96,CCI,PARABOLIC_SAR,2.4000000000000004,31,34,12,0.033,68,20,20,0.028999999999999998,77,16,10,0.015,ATR,2.1,25,6.5,5m,EMA,False,True,False,False,False,True,False,0.33999999999999997,35,1.6,CCI,2.4000000000000004,-15.393731768764397,-15.393731768764397,37.15615058401276,37.15615058401276,5m,43,43.0,EMA,55.81395348837209,55.81395348837209,COMPLETE
603,-202.20727757374607,2026-01-16 12:47:08.986523,2026-01-16 12:47:18.282509,0 days 00:00:09.295986,11,2.1,2.1,1.7,96,CCI,PARABOLIC_SAR,2.7,37,34,12,0.0325,68,20,20,0.028999999999999998,77,16,10,0.015,ATR,2.1,25,6.0,5m,EMA,False,True,False,False,False,True,False,0.33999999999999997,35,2.6,CCI,2.7,-16.890158234344472,-16.890158234344472,89.00180263612694,89.00180263612694,5m,49,49.0,EMA,57.14285714285714,57.14285714285714,COMPLETE
604,-640.1491580196698,2026-01-16 12:47:14.007710,2026-01-16 12:47:23.296980,0 days 00:00:09.289270,10,2.3,2.0,1.7,94,CCI,PARABOLIC_SAR,2.3000000000000003,28,34,12,0.032,68,20,20,0.027000000000000003,77,16,10,0.015,ATR,1.7000000000000002,23,6.0,5m,EMA,False,True,False,False,False,True,False,0.35,35,2.6,CCI,2.3000000000000003,-27.502403115478145,-27.502403115478145,29.362428863273003,29.362428863273003,5m,45,45.0,EMA,53.333333333333336,53.333333333333336,COMPLETE
605,-639.223848327083,2026-01-16 12:47:14.201055,2026-01-16 12:47:22.629963,0 days 00:00:08.428908,11,2.4,2.6,1.7,84,CCI,PARABOLIC_SAR,2.3000000000000003,33,34,12,0.0375,68,20,20,0.035,77,16,10,0.013000000000000001,ATR,1.6,25,6.0,5m,EMA,False,True,False,False,False,True,False,0.35,35,2.6,CCI,2.3000000000000003,-24.231073152870866,-24.231073152870866,27.494194579650205,27.494194579650205,5m,41,41.0,EMA,46.34146341463415,46.34146341463415,COMPLETE
606,-658.4208354790353,2026-01-16 12:47:15.748623,2026-01-16 12:47:22.874042,0 days 00:00:07.125419,11,2.3,2.6,1.7,84,CCI,PARABOLIC_SAR,2.3000000000000003,36,34,12,0.0325,68,20,20,0.035,77,16,10,0.015,ATR,1.8,26,6.0,5m,EMA,False,True,False,False,False,True,False,0.35,35,2.6,CCI,2.3000000000000003,-23.146606043910054,-23.146606043910054,18.265210441944912,18.265210441944912,5m,45,45.0,EMA,51.11111111111111,51.11111111111111,COMPLETE
607,-646.551483694775,2026-01-16 12:47:16.189286,2026-01-16 12:47:23.215169,0 days 00:00:07.025883,10,2.2,2.6,1.8,84,CCI,PARABOLIC_SAR,2.3000000000000003,36,34,12,0.032,68,20,20,0.035,77,16,10,0.015,ATR,1.8,25,6.0,5m,EMA,False,True,False,False,False,True,False,0.35,35,1.6,CCI,2.3000000000000003,-21.80431974202724,-21.80431974202724,22.59625103776909,22.59625103776909,5m,48,48.0,EMA,52.083333333333336,52.083333333333336,COMPLETE
608,-634.1928099621073,2026-01-16 12:47:18.123917,2026-01-16 12:47:25.753030,0 days 00:00:07.629113,12,2.4,2.7,1.6,93,CCI,PARABOLIC_SAR,2.3000000000000003,35,34,12,0.0315,68,20,20,0.028000000000000004,77,16,10,0.015,ATR,1.4,25,5.5,5m,EMA,False,True,False,False,False,True,False,0.35,40,1.6,CCI,2.3000000000000003,-21.020648072962267,-21.020648072962267,27.175637624957506,27.175637624957506,5m,41,41.0,EMA,48.78048780487805,48.78048780487805,COMPLETE
609,-647.6907952244383,2026-01-16 12:47:19.929898,2026-01-16 12:47:26.863702,0 days 00:00:06.933804,12,2.2,2.7,1.6,93,CCI,PARABOLIC_SAR,2.3000000000000003,36,34,11,0.0315,68,20,20,0.036000000000000004,77,16,10,0.013000000000000001,ATR,1.4,26,6.0,5m,EMA,False,True,False,False,False,True,False,0.35,40,1.6,CCI,2.3000000000000003,-20.13929190826349,-20.13929190826349,21.01684208515382,21.01684208515382,5m,48,48.0,EMA,54.166666666666664,54.166666666666664,COMPLETE
610,-741.3613746910851,2026-01-16 12:47:23.280999,2026-01-16 12:47:26.908897,0 days 00:00:03.627898,12,2.2,2.7,1.6,90,CCI,PARABOLIC_SAR,2.4000000000000004,39,35,11,0.0315,67,20,20,0.035,77,16,10,0.016,ATR,1.5,27,5.5,1h,EMA,False,True,False,False,False,True,True,0.32999999999999996,45,1.6,CCI,2.4000000000000004,-28.303074155485458,-28.303074155485458,-20.66660408601458,-20.66660408601458,1h,30,30.0,EMA,53.333333333333336,53.333333333333336,COMPLETE
611,-726.3885007352346,2026-01-16 12:47:23.320665,2026-01-16 12:47:28.887025,0 days 00:00:05.566360,12,2.2,2.7,1.6,99,CCI,PARABOLIC_SAR,2.4000000000000004,24,35,11,0.0315,67,20,20,0.028000000000000004,77,16,10,0.013000000000000001,ATR,1.4,27,7.0,1h,EMA,False,True,False,False,False,True,False,0.32999999999999996,40,1.6,CCI,2.4000000000000004,-26.329125190391125,-26.329125190391125,-12.590179701911053,-12.590179701911053,1h,45,45.0,EMA,42.22222222222222,42.22222222222222,COMPLETE
612,-2181.228291564184,2026-01-16 12:47:23.437453,2026-01-16 12:47:27.367470,0 days 00:00:03.930017,12,2.2,2.7,1.6,98,CCI,PARABOLIC_SAR,2.4000000000000004,41,35,11,0.0305,67,20,20,0.036000000000000004,77,16,10,0.012,ATR,1.4,26,5.5,1h,EMA,False,True,False,False,False,True,True,0.32999999999999996,30,1.6,CCI,2.4000000000000004,-23.67862147812833,-23.67862147812833,-13.919706986137898,-13.919706986137898,1h,25,25.0,EMA,56.00000000000001,56.00000000000001,COMPLETE
613,-443.822365427829,2026-01-16 12:47:23.573712,2026-01-16 12:47:29.568912,0 days 00:00:05.995200,12,2.2,2.7,1.6,99,CCI,PARABOLIC_SAR,2.4000000000000004,23,35,11,0.031,67,20,20,0.036000000000000004,77,16,10,0.013000000000000001,ATR,1.5,27,5.5,5m,EMA,False,True,False,False,False,True,False,0.32999999999999996,40,2.4000000000000004,CCI,2.4000000000000004,-19.2819135152131,-19.2819135152131,21.95171325558536,21.95171325558536,5m,47,47.0,EMA,53.191489361702125,53.191489361702125,COMPLETE
614,-2238.0451100847804,2026-01-16 12:47:25.846358,2026-01-16 12:47:30.302000,0 days 00:00:04.455642,12,2.0,2.7,1.8,99,CCI,PARABOLIC_SAR,2.4000000000000004,12,35,11,0.0315,67,20,20,0.036000000000000004,77,16,10,0.013000000000000001,ATR,2.2,27,5.5,1h,EMA,False,True,False,False,False,True,True,0.32999999999999996,30,2.4000000000000004,CCI,2.4000000000000004,-20.14108512171375,-20.14108512171375,-15.286671842043557,-15.286671842043557,1h,11,11.0,EMA,45.45454545454545,45.45454545454545,COMPLETE
615,142.46334203236074,2026-01-16 12:47:27.269004,2026-01-16 12:47:35.796580,0 days 00:00:08.527576,12,2.1,2.8,1.8,99,CCI,PARABOLIC_SAR,2.2,42,35,11,0.025,67,21,20,0.037,77,16,10,0.012,ATR,2.2,27,5.5,5m,EMA,False,True,False,False,False,True,False,0.32999999999999996,30,1.6,CCI,2.2,-9.887842627258586,-9.887842627258586,23.963887796802748,23.963887796802748,5m,50,50.0,EMA,52.0,52.0,COMPLETE
616,-549.4975006539553,2026-01-16 12:47:27.292508,2026-01-16 12:47:32.704884,0 days 00:00:05.412376,12,2.1,1.9,1.8,99,CCI,PARABOLIC_SAR,2.2,25,35,11,0.042,67,21,20,0.03,77,16,10,0.012,ATR,2.2,27,5.0,5m,EMA,False,True,False,False,False,True,False,0.32999999999999996,30,1.6,CCI,2.2,-23.005782704372418,-23.005782704372418,65.85546690315753,65.85546690315753,5m,48,48.0,EMA,52.083333333333336,52.083333333333336,COMPLETE
617,125.99137912529568,2026-01-16 12:47:27.673137,2026-01-16 12:47:33.412551,0 days 00:00:05.739414,12,2.0,2.5,1.8,99,CCI,PARABOLIC_SAR,2.2,25,35,11,0.031,67,21,20,0.03,77,16,11,0.016,ATR,2.3,27,7.0,5m,EMA,False,True,False,False,False,True,False,0.32999999999999996,40,2.4000000000000004,CCI,2.2,-15.166865945453093,-15.166865945453093,25.506331446233947,25.506331446233947,5m,51,51.0,EMA,50.98039215686274,50.98039215686274,COMPLETE
618,118.30858055799399,2026-01-16 12:47:29.392400,2026-01-16 12:47:39.435103,0 days 00:00:10.042703,12,2.0,2.8,1.8,99,CCI,PARABOLIC_SAR,2.2,45,35,12,0.025,67,21,20,0.03,77,17,10,0.014,ATR,2.2,27,5.5,5m,EMA,False,True,False,False,False,True,False,0.32999999999999996,30,2.4000000000000004,CCI,2.2,-11.216245562988817,-11.216245562988817,19.062889375259704,19.062889375259704,5m,53,53.0,EMA,50.943396226415096,50.943396226415096,COMPLETE
619,109.06393608645976,2026-01-16 12:47:29.714102,2026-01-16 12:47:38.191370,0 days 00:00:08.477268,12,2.0,2.8,1.8,99,CCI,PARABOLIC_SAR,2.2,43,35,12,0.025,67,21,20,0.038,77,17,11,0.016,ATR,2.2,27,5.0,5m,EMA,False,True,False,False,False,True,False,0.33999999999999997,30,1.6,CCI,2.2,-11.213631364538786,-11.213631364538786,16.480698097121017,16.480698097121017,5m,53,53.0,EMA,50.943396226415096,50.943396226415096,COMPLETE
620,-246.38851959403564,2026-01-16 12:47:31.071032,2026-01-16 12:47:40.011406,0 days 00:00:08.940374,11,2.1,2.8,1.8,90,CCI,PARABOLIC_SAR,2.2,44,34,12,0.0335,68,21,20,0.032,77,18,12,0.016,ATR,1.9,28,7.5,5m,EMA,False,True,False,False,False,True,False,0.41,30,1.6,CCI,2.2,-10.799459604917626,-10.799459604917626,55.560731815969476,55.560731815969476,5m,39,39.0,EMA,58.97435897435898,58.97435897435898,COMPLETE
621,-509.1974422666526,2026-01-16 12:47:33.356651,2026-01-16 12:47:41.127561,0 days 00:00:07.770910,13,1.9,2.8,1.8,89,CCI,PARABOLIC_SAR,2.1,44,34,12,0.0335,68,22,20,0.032,77,18,10,0.014,ATR,2.1,28,5.0,2h,EMA,False,True,False,False,False,True,False,0.4,45,2.2,CCI,2.1,-17.87127650763994,-17.87127650763994,-3.4240263668227007,-3.4240263668227007,2h,43,43.0,EMA,46.51162790697674,46.51162790697674,COMPLETE
622,162.49097059992164,2026-01-16 12:47:33.508073,2026-01-16 12:47:40.962808,0 days 00:00:07.454735,13,1.9,2.8,1.8,90,CCI,PARABOLIC_SAR,2.1,43,34,12,0.025500000000000002,68,22,20,0.038,77,17,12,0.014,ATR,1.9,28,5.0,5m,EMA,False,True,False,False,False,True,False,0.33999999999999997,45,2.2,CCI,2.1,-14.359535017078114,-14.359535017078114,36.490974669475456,36.490974669475456,5m,60,60.0,EMA,50.0,50.0,COMPLETE
623,-509.3359310006781,2026-01-16 12:47:35.917300,2026-01-16 12:47:41.254081,0 days 00:00:05.336781,11,1.9,2.8,1.8,90,CCI,PARABOLIC_SAR,2.1,42,34,12,0.0305,68,20,20,0.032,77,17,12,0.016,ATR,1.9,28,5.0,2h,EMA,False,True,False,False,False,True,False,0.4,35,2.2,CCI,2.1,-16.746557954855966,-16.746557954855966,-3.335196788792417,-3.335196788792417,2h,43,43.0,EMA,46.51162790697674,46.51162790697674,COMPLETE
624,-2220.1347590305904,2026-01-16 12:47:38.289553,2026-01-16 12:47:41.716965,0 days 00:00:03.427412,13,3.0,2.8,1.7,89,CCI,PARABOLIC_SAR,2.1,46,34,12,0.034,68,20,20,0.015,77,17,10,0.014,ATR,1.8,29,7.5,2h,EMA,False,True,False,False,False,True,False,0.38,35,2.2,CCI,2.1,-25.271108576140627,-25.271108576140627,-9.35743133579297,-9.35743133579297,2h,27,27.0,EMA,48.148148148148145,48.148148148148145,COMPLETE
625,-512.2762888138195,2026-01-16 12:47:39.761855,2026-01-16 12:47:44.027881,0 days 00:00:04.266026,11,1.9,2.6,1.7,89,CCI,PARABOLIC_SAR,2.1,27,33,12,0.0345,68,20,20,0.039,77,16,11,0.016,ATR,1.9,29,5.0,5m,EMA,False,True,False,False,False,True,False,0.5,35,2.2,CCI,2.1,-17.84343628953653,-17.84343628953653,-4.565691580451513,-4.565691580451513,5m,31,31.0,EMA,41.935483870967744,41.935483870967744,COMPLETE
626,-2300.0,2026-01-16 12:47:40.480661,2026-01-16 12:47:43.980772,0 days 00:00:03.500111,13,2.5,2.5,1.7,93,CCI,PARABOLIC_SAR,2.1,28,34,12,0.034,68,20,20,0.039,84,16,12,0.018000000000000002,FIXED,1.8,29,6.0,2h,EMA,False,True,False,False,False,True,False,0.33999999999999997,35,2.2,CCI,2.1,0.0,0.0,0.0,0.0,2h,0,0.0,EMA,0.0,0.0,COMPLETE
627,-2300.0,2026-01-16 12:47:41.091820,2026-01-16 12:47:45.310608,0 days 00:00:04.218788,14,1.9,2.5,1.7,93,CCI,PARABOLIC_SAR,2.1,28,34,12,0.035,68,20,20,0.042,77,16,10,0.018000000000000002,FIXED,2.3,29,6.0,2h,EMA,False,True,False,False,False,True,False,0.33999999999999997,35,1.8,CCI,2.1,0.0,0.0,0.0,0.0,2h,0,0.0,EMA,0.0,0.0,COMPLETE
628,-1390.546678647681,2026-01-16 12:47:41.225494,2026-01-16 12:47:44.917030,0 days 00:00:03.691536,14,2.1,1.4,1.7,94,CCI,PARABOLIC_SAR,2.3000000000000003,28,34,12,0.035,68,20,19,0.039,78,16,10,0.018000000000000002,ATR,1.9,24,6.0,1d,EMA,False,True,False,False,False,True,False,0.38,35,1.8,CCI,2.3000000000000003,-83.85474534234486,-83.85474534234486,-85.20307030941056,-85.20307030941056,1d,44,44.0,EMA,20.454545454545457,20.454545454545457,COMPLETE
629,-2300.0,2026-01-16 12:47:41.344999,2026-01-16 12:47:44.545014,0 days 00:00:03.200015,14,2.0,2.5,1.7,94,CCI,PARABOLIC_SAR,2.3000000000000003,28,35,12,0.0305,68,20,19,0.015,78,16,10,0.018000000000000002,FIXED,2.0,24,6.0,1d,EMA,False,True,False,False,False,True,False,0.36,35,1.8,CCI,2.3000000000000003,0.0,0.0,0.0,0.0,1d,0,0.0,EMA,0.0,0.0,COMPLETE
630,-1379.8867480202116,2026-01-16 12:47:41.736553,2026-01-16 12:47:44.511992,0 days 00:00:02.775439,14,2.1,2.5,1.7,93,CCI,PARABOLIC_SAR,2.3000000000000003,51,33,12,0.0325,68,20,19,0.042,78,16,10,0.018000000000000002,ATR,2.0,21,5.5,1d,EMA,False,True,False,False,False,True,False,0.33999999999999997,35,1.8,CCI,2.3000000000000003,-63.30892618429377,-63.30892618429377,-64.84478390219954,-64.84478390219954,1d,47,47.0,EMA,23.404255319148938,23.404255319148938,COMPLETE
631,-2033.050283781729,2026-01-16 12:47:44.082539,2026-01-16 12:47:45.583811,0 days 00:00:01.501272,14,2.1,2.5,1.6,94,CCI,PARABOLIC_SAR,2.3000000000000003,14,35,10,0.0305,66,20,19,0.042,78,16,10,0.02,ATR,2.0,24,6.0,4h,EMA,False,True,True,False,False,True,False,0.36,35,1.8,CCI,2.3000000000000003,-18.08721829243634,-18.08721829243634,-12.398348534985795,-12.398348534985795,4h,19,19.0,EMA,47.368421052631575,47.368421052631575,COMPLETE
632,-1380.4914854895133,2026-01-16 12:47:44.099272,2026-01-16 12:47:45.856351,0 days 00:00:01.757079,14,2.1,2.5,1.6,93,CCI,PARABOLIC_SAR,2.3000000000000003,37,35,12,0.0325,66,20,11,0.042,78,16,10,0.02,ATR,2.3,25,6.0,1d,EMA,False,True,False,False,False,True,False,0.36,35,1.8,CCI,2.3000000000000003,-65.88216746289007,-65.88216746289007,-66.7759666033434,-66.7759666033434,1d,46,46.0,EMA,21.73913043478261,21.73913043478261,COMPLETE
633,262.0161706935787,2026-01-16 12:47:44.661580,2026-01-16 12:47:50.040005,0 days 00:00:05.378425,14,2.1,2.6,1.6,96,CCI,PARABOLIC_SAR,2.3000000000000003,51,35,11,0.035,66,20,19,0.04,77,16,10,0.02,ATR,2.4000000000000004,29,6.0,5m,EMA,False,True,False,False,False,True,False,0.32,35,1.6,CCI,2.3000000000000003,-12.599369589541451,-12.599369589541451,63.458689617455846,63.458689617455846,5m,50,50.0,EMA,54.0,54.0,COMPLETE
634,-308.1436385514653,2026-01-16 12:47:44.652494,2026-01-16 12:47:50.989496,0 days 00:00:06.337002,14,2.1,2.6,1.6,95,CCI,PARABOLIC_SAR,2.6,33,35,10,0.030000000000000002,66,20,19,0.04,77,16,10,0.02,ATR,2.4000000000000004,26,6.0,5m,EMA,False,True,False,False,False,True,False,0.32,35,1.6,CCI,2.6,-15.528480799056801,-15.528480799056801,48.32211561805554,48.32211561805554,5m,48,48.0,EMA,56.25,56.25,COMPLETE
635,-2010.0252651275268,2026-01-16 12:47:44.956569,2026-01-16 12:47:49.267178,0 days 00:00:04.310609,14,2.1,2.6,1.6,96,CCI,PARABOLIC_SAR,2.5000000000000004,35,35,10,0.030000000000000002,66,20,19,0.04,77,16,11,0.02,ATR,2.4000000000000004,26,6.5,5m,EMA,False,True,True,False,False,True,False,0.32,35,1.8,CCI,2.5000000000000004,-16.57456571765286,-16.57456571765286,-3.5581577454783018,-3.5581577454783018,5m,26,26.0,EMA,50.0,50.0,COMPLETE
636,-76.49422950524877,2026-01-16 12:47:45.621141,2026-01-16 12:47:52.654630,0 days 00:00:07.033489,13,2.2,2.6,1.6,86,CCI,PARABOLIC_SAR,2.4000000000000004,36,35,11,0.0325,67,20,19,0.04,77,16,11,0.02,ATR,2.4000000000000004,26,6.5,5m,EMA,False,True,False,False,False,True,False,0.32,30,1.6,CCI,2.4000000000000004,-22.653573886718437,-22.653573886718437,31.847087293938475,31.847087293938475,5m,50,50.0,EMA,52.0,52.0,COMPLETE
637,-289.15170500580734,2026-01-16 12:47:45.641212,2026-01-16 12:47:52.747084,0 days 00:00:07.105872,13,2.2,2.6,1.6,96,CCI,PARABOLIC_SAR,2.4000000000000004,35,35,11,0.0325,67,20,19,0.04,77,16,10,0.02,ATR,2.1,26,6.5,5m,EMA,False,True,False,False,False,True,False,0.32,30,1.6,CCI,2.4000000000000004,-13.558656101523193,-13.558656101523193,50.356984288981444,50.356984288981444,5m,48,48.0,EMA,56.25,56.25,COMPLETE
638,-299.67164828495606,2026-01-16 12:47:45.984458,2026-01-16 12:47:54.437553,0 days 00:00:08.453095,13,2.2,2.6,1.6,96,CCI,PARABOLIC_SAR,2.4000000000000004,21,35,11,0.029500000000000002,67,20,19,0.04,77,16,11,0.017,ATR,2.6,26,5.5,5m,EMA,False,True,False,False,False,True,False,0.32,30,1.6,CCI,2.4000000000000004,-12.361186810942582,-12.361186810942582,44.47600894340337,44.47600894340337,5m,45,45.0,EMA,55.55555555555556,55.55555555555556,COMPLETE
639,-332.8473375777976,2026-01-16 12:47:50.022582,2026-01-16 12:48:00.557878,0 days 00:00:10.535296,13,2.2,2.6,1.6,91,CCI,PARABOLIC_SAR,2.2,33,35,11,0.0285,67,21,19,0.04,77,16,11,0.017,ATR,2.1,30,6.5,5m,EMA,False,True,False,False,False,True,False,0.32,40,1.6,CCI,2.2,-12.930538303646566,-12.930538303646566,35.62453510602715,35.62453510602715,5m,49,49.0,EMA,55.10204081632652,55.10204081632652,COMPLETE
640,-656.0884210465001,2026-01-16 12:47:51.180986,2026-01-16 12:47:59.985270,0 days 00:00:08.804284,13,2.3,2.6,1.5,81,CCI,PARABOLIC_SAR,2.2,50,34,11,0.0285,67,21,19,0.04,77,16,11,0.017,ATR,2.1,29,6.5,5m,SUPERTREND,False,True,False,False,False,True,False,0.32,35,2.8,CCI,2.2,-23.12677192083703,-23.12677192083703,19.279202111983558,19.279202111983558,5m,36,36.0,SUPERTREND,50.0,50.0,COMPLETE
641,-637.1742349833567,2026-01-16 12:47:51.399126,2026-01-16 12:48:01.286691,0 days 00:00:09.887565,13,2.3,2.6,1.5,86,CCI,PARABOLIC_SAR,2.2,51,34,11,0.0285,67,21,19,0.04,77,16,10,0.017,ATR,2.1,29,6.5,5m,SUPERTREND,False,True,False,False,False,True,False,0.32,35,2.8,CCI,2.2,-20.835764549352863,-20.835764549352863,25.797938740482017,25.797938740482017,5m,35,35.0,SUPERTREND,51.42857142857142,51.42857142857142,COMPLETE
642,-385.94052095776715,2026-01-16 12:47:52.695003,2026-01-16 12:47:57.885368,0 days 00:00:05.190365,13,2.0,2.6,1.5,97,CCI,PARABOLIC_SAR,2.2,51,34,11,0.037,66,21,19,0.037,76,17,10,0.017,ATR,2.1,29,5.5,5m,SUPERTREND,False,True,False,False,False,True,False,0.32999999999999996,35,2.8,CCI,2.2,-14.482024321841347,-14.482024321841347,37.19571303632725,37.19571303632725,5m,42,42.0,SUPERTREND,54.761904761904766,54.761904761904766,COMPLETE
643,-486.91267246940333,2026-01-16 12:47:53.413396,2026-01-16 12:48:02.018766,0 days 00:00:08.605370,13,2.3,1.6,1.5,92,CCI,PARABOLIC_SAR,2.2,50,34,11,0.036000000000000004,66,21,21,0.038,76,17,10,0.019000000000000003,ATR,2.1,29,5.5,5m,EMA,False,True,False,False,False,True,False,0.32999999999999996,35,2.8,CCI,2.2,-22.006515674960404,-22.006515674960404,90.62127593230286,90.62127593230286,5m,48,48.0,EMA,54.166666666666664,54.166666666666664,COMPLETE
644,-340.0499777108944,2026-01-16 12:47:54.631512,2026-01-16 12:48:03.265439,0 days 00:00:08.633927,13,2.3,2.7,1.5,91,CCI,PARABOLIC_SAR,2.2,51,34,11,0.026000000000000002,66,21,21,0.039,76,17,10,0.019000000000000003,ATR,1.3,29,6.0,5m,EMA,False,True,False,False,False,True,False,0.32999999999999996,35,1.8,CCI,2.2,-12.090898950386174,-12.090898950386174,32.09719521125271,32.09719521125271,5m,46,46.0,EMA,56.52173913043478,56.52173913043478,COMPLETE
645,-329.33777466518404,2026-01-16 12:47:58.871357,2026-01-16 12:48:10.431439,0 days 00:00:11.560082,14,2.3,2.7,1.5,91,CCI,PARABOLIC_SAR,2.2,50,33,11,0.0285,66,21,21,0.038,76,16,10,0.019000000000000003,ATR,2.0,28,6.0,5m,EMA,False,True,False,False,False,True,False,0.33999999999999997,40,2.8,CCI,2.2,-13.296323628966267,-13.296323628966267,37.324492541989244,37.324492541989244,5m,46,46.0,EMA,56.52173913043478,56.52173913043478,COMPLETE
646,117.42716518810175,2026-01-16 12:48:00.767623,2026-01-16 12:48:07.640243,0 days 00:00:06.872620,14,2.0,2.7,1.7,85,CCI,PARABOLIC_SAR,2.3000000000000003,53,33,11,0.026000000000000002,66,20,20,0.039,76,17,10,0.019000000000000003,ATR,2.6,28,6.0,5m,EMA,False,True,False,False,False,True,False,0.33999999999999997,35,1.8,CCI,2.3000000000000003,-16.724566110929015,-16.724566110929015,24.067876429586764,24.067876429586764,5m,55,55.0,EMA,50.90909090909091,50.90909090909091,COMPLETE
647,169.66076889571286,2026-01-16 12:48:00.794733,2026-01-16 12:48:10.340709,0 days 00:00:09.545976,10,2.0,2.7,1.7,91,CCI,PARABOLIC_SAR,2.3000000000000003,40,33,11,0.031,66,20,21,0.039,76,17,10,0.015,ATR,2.7,28,6.0,5m,EMA,False,True,False,False,False,True,False,0.32999999999999996,20,1.8,CCI,2.3000000000000003,-17.204537041585986,-17.204537041585986,43.48466987711487,43.48466987711487,5m,55,55.0,EMA,54.54545454545454,54.54545454545454,COMPLETE
648,141.28862976336768,2026-01-16 12:48:02.097640,2026-01-16 12:48:10.664594,0 days 00:00:08.566954,10,2.0,2.7,1.7,88,CCI,PARABOLIC_SAR,2.3000000000000003,39,33,11,0.031,66,20,20,0.039,76,17,10,0.015,ATR,2.7,28,6.0,5m,EMA,False,True,False,False,False,True,False,0.33999999999999997,20,1.8,CCI,2.3000000000000003,-19.642637368326525,-19.642637368326525,36.09667841771361,36.09667841771361,5m,55,55.0,EMA,52.72727272727272,52.72727272727272,COMPLETE
649,-54.2742631792853,2026-01-16 12:48:02.138803,2026-01-16 12:48:16.387756,0 days 00:00:14.248953,10,2.0,2.0,1.7,88,CCI,PARABOLIC_SAR,2.3000000000000003,55,33,11,0.026500000000000003,66,20,20,0.041,76,17,10,0.015,ATR,1.3,28,6.0,5m,EMA,False,True,False,False,False,True,False,0.33999999999999997,40,1.8,CCI,2.3000000000000003,-22.339865159009754,-22.339865159009754,41.10462554137572,41.10462554137572,5m,55,55.0,EMA,52.72727272727272,52.72727272727272,COMPLETE
650,147.7332781499099,2026-01-16 12:48:03.331685,2026-01-16 12:48:10.422743,0 days 00:00:07.091058,14,2.0,2.7,1.7,87,CCI,PARABOLIC_SAR,2.3000000000000003,56,33,11,0.031,66,20,20,0.041,76,16,10,0.015,ATR,2.6,28,6.0,5m,EMA,False,True,False,False,False,True,False,0.33999999999999997,20,1.8,CCI,2.3000000000000003,-19.645204181637098,-19.645204181637098,38.64820329284854,38.64820329284854,5m,55,55.0,EMA,52.72727272727272,52.72727272727272,COMPLETE
651,-49.58398710417532,2026-01-16 12:48:08.201635,2026-01-16 12:48:15.864490,0 days 00:00:07.662855,11,2.0,2.0,1.7,88,CCI,PARABOLIC_SAR,2.3000000000000003,70,33,11,0.031,67,20,20,0.041,77,16,10,0.015,ATR,1.6,28,5.0,5m,EMA,False,True,False,False,False,True,False,0.33999999999999997,20,1.8,CCI,2.3000000000000003,-25.655750940408655,-25.655750940408655,47.12120606412864,47.12120606412864,5m,55,55.0,EMA,52.72727272727272,52.72727272727272,COMPLETE
652,-41.54165266142536,2026-01-16 12:48:10.375248,2026-01-16 12:48:16.375717,0 days 00:00:06.000469,10,1.9,2.0,1.7,89,CCI,PARABOLIC_SAR,2.3000000000000003,39,35,10,0.0315,65,20,21,0.038,77,17,10,0.015,ATR,1.7000000000000002,28,6.0,5m,EMA,False,True,False,False,False,True,False,0.33999999999999997,30,1.8,CCI,2.3000000000000003,-25.232902013017483,-25.232902013017483,50.356101060439975,50.356101060439975,5m,58,58.0,EMA,50.0,50.0,COMPLETE
653,-894.0096985378914,2026-01-16 12:48:10.494536,2026-01-16 12:48:18.035739,0 days 00:00:07.541203,11,2.0,2.4000000000000004,1.6,27,CCI,PARABOLIC_SAR,2.3000000000000003,40,35,10,0.0315,78,20,20,0.038,78,17,10,0.015,ATR,2.6,30,5.0,5m,EMA,False,True,False,False,False,False,False,0.42,20,1.8,CCI,2.3000000000000003,-54.72877081071664,-54.72877081071664,4.480011225295975,4.480011225295975,5m,80,80.0,EMA,45.0,45.0,COMPLETE
654,-988.1168521445261,2026-01-16 12:48:10.514223,2026-01-16 12:48:15.220556,0 days 00:00:04.706333,11,1.9,2.5,1.6,89,CCI,PARABOLIC_SAR,2.3000000000000003,38,35,10,0.0315,78,20,21,0.038,78,17,10,0.015,ATR,2.6,30,5.0,30m,EMA,False,True,False,False,False,False,False,0.35,20,1.8,CCI,2.3000000000000003,-35.156706903573856,-35.156706903573856,-21.841940974079353,-21.841940974079353,30m,69,69.0,EMA,42.028985507246375,42.028985507246375,COMPLETE
655,-987.4699819142497,2026-01-16 12:48:10.718215,2026-01-16 12:48:15.798387,0 days 00:00:05.080172,11,1.9,2.4000000000000004,1.6,89,CCI,PARABOLIC_SAR,2.3000000000000003,40,35,10,0.029500000000000002,78,20,21,0.031,77,18,10,0.015,ATR,1.7000000000000002,30,5.0,30m,EMA,False,True,False,False,False,False,False,0.35,20,2.0,CCI,2.3000000000000003,-34.43115322199229,-34.43115322199229,-21.19303418130246,-21.19303418130246,30m,69,69.0,EMA,42.028985507246375,42.028985507246375,COMPLETE
656,-101.65355938888388,2026-01-16 12:48:16.356411,2026-01-16 12:48:21.576355,0 days 00:00:05.219944,10,2.0,2.6,1.8,81,CCI,PARABOLIC_SAR,2.1,47,35,11,0.0335,66,20,20,0.034,77,17,10,0.016,ATR,2.7,25,5.5,5m,EMA,False,True,False,False,False,True,False,0.32999999999999996,30,1.6,CCI,2.1,-20.914210808713147,-20.914210808713147,19.900213737601554,19.900213737601554,5m,55,55.0,EMA,49.09090909090909,49.09090909090909,COMPLETE
657,-71.99177740103823,2026-01-16 12:48:16.358924,2026-01-16 12:48:26.047237,0 days 00:00:09.688313,10,2.1,2.6,1.8,83,CCI,PARABOLIC_SAR,2.1,32,35,11,0.035500000000000004,65,20,21,0.039,77,16,11,0.014,ATR,2.7,25,5.5,5m,EMA,False,True,False,False,False,True,False,0.32999999999999996,30,2.0,CCI,2.1,-20.46462366830568,-20.46462366830568,31.66550017744575,31.66550017744575,5m,50,50.0,EMA,48.0,48.0,COMPLETE
658,-71.99177740103823,2026-01-16 12:48:16.351529,2026-01-16 12:48:22.430849,0 days 00:00:06.079320,10,2.1,2.6,1.8,83,CCI,PARABOLIC_SAR,2.1,32,35,11,0.035500000000000004,66,20,21,0.033,83,16,11,0.014,ATR,2.7,22,5.5,5m,EMA,False,True,False,False,False,True,False,0.32999999999999996,30,2.0,CCI,2.1,-20.46462366830568,-20.46462366830568,31.66550017744575,31.66550017744575,5m,50,50.0,EMA,48.0,48.0,COMPLETE
659,-867.6097434757203,2026-01-16 12:48:17.025475,2026-01-16 12:48:25.766965,0 days 00:00:08.741490,10,2.1,1.0,1.8,81,CCI,PARABOLIC_SAR,2.1,43,35,11,0.0345,65,20,21,0.039,77,16,11,0.016,ATR,2.7,25,5.5,5m,EMA,False,True,False,False,False,True,False,0.32999999999999996,30,2.0,CCI,2.1,-35.58905016965384,-35.58905016965384,47.573296092678,47.573296092678,5m,58,58.0,EMA,43.103448275862064,43.103448275862064,COMPLETE
660,-60.88333819933996,2026-01-16 12:48:17.050181,2026-01-16 12:48:21.868520,0 days 00:00:04.818339,12,2.1,2.6,1.8,83,CCI,PARABOLIC_SAR,2.1,46,35,11,0.0405,66,20,21,0.039,77,16,11,0.014,ATR,2.7,25,5.5,5m,EMA,False,True,False,False,False,True,False,0.32999999999999996,30,2.0,CCI,2.1,-23.015671303536717,-23.015671303536717,39.005585476420585,39.005585476420585,5m,51,51.0,EMA,49.01960784313725,49.01960784313725,COMPLETE
661,-64.03636767076023,2026-01-16 12:48:18.122304,2026-01-16 12:48:26.767679,0 days 00:00:08.645375,10,2.1,2.6,1.8,83,CCI,PARABOLIC_SAR,2.1,46,35,11,0.035500000000000004,65,20,21,0.037,77,16,11,0.014,ATR,2.7,25,5.5,5m,EMA,False,True,False,False,False,True,False,0.32999999999999996,35,2.0,CCI,2.1,-20.462514562329353,-20.462514562329353,34.89249753441829,34.89249753441829,5m,51,51.0,EMA,49.01960784313725,49.01960784313725,COMPLETE
662,-267.27017113419424,2026-01-16 12:48:21.842178,2026-01-16 12:48:29.111666,0 days 00:00:07.269488,12,2.1,2.6,1.8,93,CCI,PARABOLIC_SAR,2.5000000000000004,21,34,11,0.035,65,20,21,0.039,77,16,11,0.016,ATR,2.5,27,7.0,5m,SMA,False,True,False,False,False,True,False,0.32999999999999996,35,2.0,CCI,2.5000000000000004,-16.429956713081676,-16.429956713081676,64.49631423382019,64.49631423382019,5m,49,49.0,SMA,55.10204081632652,55.10204081632652,COMPLETE
663,-820.5438343321784,2026-01-16 12:48:22.410560,2026-01-16 12:48:30.529520,0 days 00:00:08.118960,12,2.2,1.1,1.6,93,CCI,PARABOLIC_SAR,2.4000000000000004,23,34,11,0.030000000000000002,65,22,20,0.028000000000000004,77,16,10,0.016,ATR,2.3,13,5.5,5m,SMA,False,True,False,False,False,True,False,0.32999999999999996,35,1.6,CCI,2.4000000000000004,-31.00116408878182,-31.00116408878182,68.53724662929092,68.53724662929092,5m,54,54.0,SMA,46.2962962962963,46.2962962962963,COMPLETE
664,231.87783292002132,2026-01-16 12:48:23.103376,2026-01-16 12:48:32.675204,0 days 00:00:09.571828,12,2.2,2.8,1.6,93,CCI,PARABOLIC_SAR,2.5000000000000004,46,34,11,0.030000000000000002,65,22,20,0.041,77,16,10,0.016,ATR,2.5,27,5.5,5m,SMA,False,True,False,False,False,True,False,0.32999999999999996,35,1.6,CCI,2.5000000000000004,-14.268693694454267,-14.268693694454267,42.61157708550412,42.61157708550412,5m,50,50.0,SMA,57.99999999999999,57.99999999999999,COMPLETE
665,-304.74041175843286,2026-01-16 12:48:25.883159,2026-01-16 12:48:34.636206,0 days 00:00:08.753047,12,2.2,2.7,1.6,94,CCI,PARABOLIC_SAR,2.5000000000000004,23,34,11,0.030000000000000002,67,21,20,0.037,77,16,10,0.013000000000000001,ATR,2.3,27,7.0,5m,EMA,False,True,False,False,False,True,False,0.32,35,1.6,CCI,2.5000000000000004,-14.76524306728981,-14.76524306728981,47.94531361383181,47.94531361383181,5m,49,49.0,EMA,57.14285714285714,57.14285714285714,COMPLETE
666,-2097.859875052691,2026-01-16 12:48:26.652067,2026-01-16 12:48:35.191569,0 days 00:00:08.539502,12,4.2,2.7,1.6,93,CCI,PARABOLIC_SAR,2.5000000000000004,23,34,11,0.030000000000000002,67,21,20,0.037,78,18,10,0.013000000000000001,ATR,2.3,31,8.0,5m,SMA,False,True,False,False,False,True,True,0.32,35,1.6,CCI,2.5000000000000004,-22.493370237905456,-22.493370237905456,44.05211449163463,44.05211449163463,5m,16,16.0,SMA,43.75,43.75,COMPLETE
667,-2066.0719724154105,2026-01-16 12:48:27.203476,2026-01-16 12:48:36.767257,0 days 00:00:09.563781,12,2.4,2.7,1.6,93,CCI,PARABOLIC_SAR,2.5000000000000004,23,34,12,0.030000000000000002,67,22,20,0.027000000000000003,78,16,10,0.018000000000000002,ATR,2.5,14,7.0,5m,EMA,False,True,False,False,False,True,True,0.32,25,1.6,CCI,2.5000000000000004,-20.026679235403634,-20.026679235403634,33.59986585366903,33.59986585366903,5m,23,23.0,EMA,56.52173913043478,56.52173913043478,COMPLETE
668,-425.4054314444347,2026-01-16 12:48:30.424542,2026-01-16 12:48:37.672883,0 days 00:00:07.248341,12,2.5,2.7,1.6,96,CCI,PARABOLIC_SAR,2.4000000000000004,24,34,12,0.030000000000000002,67,21,20,0.041,77,16,10,0.018000000000000002,ATR,2.0,31,6.5,5m,EMA,False,True,False,False,False,True,False,0.32,25,1.6,CCI,2.4000000000000004,-12.97977097945277,-12.97977097945277,22.735986818854535,22.735986818854535,5m,40,40.0,EMA,52.5,52.5,COMPLETE
669,-2030.4965918521639,2026-01-16 12:48:31.845395,2026-01-16 12:48:37.706392,0 days 00:00:05.860997,11,2.4,2.7,1.7,97,CCI,PARABOLIC_SAR,2.2,71,34,12,0.029500000000000002,67,21,19,0.041,78,16,10,0.018000000000000002,ATR,2.0,31,6.5,4h,EMA,False,True,True,False,False,True,False,0.32,25,1.6,CCI,2.2,-19.903083494241926,-19.903083494241926,-12.160775409828172,-12.160775409828172,4h,24,24.0,EMA,45.83333333333333,45.83333333333333,COMPLETE
670,-1457.1923093988453,2026-01-16 12:48:33.003571,2026-01-16 12:48:38.253983,0 days 00:00:05.250412,12,2.4,1.8,1.6,96,BOLLINGER,PARABOLIC_SAR,2.5000000000000004,49,34,12,0.029500000000000002,67,23,20,0.041,78,16,10,0.018000000000000002,ATR,2.4000000000000004,27,5.0,4h,SMA,False,True,True,False,False,True,False,0.32,35,1.6,BOLLINGER,2.5000000000000004,-32.281446872998174,-32.281446872998174,23.25052189141221,23.25052189141221,4h,30,30.0,SMA,46.666666666666664,46.666666666666664,COMPLETE
671,-1690.2123622904319,2026-01-16 12:48:34.990146,2026-01-16 12:48:38.655339,0 days 00:00:03.665193,12,2.4,2.8,1.6,97,BOLLINGER,PARABOLIC_SAR,2.7,48,34,12,0.029500000000000002,67,23,20,0.041,78,16,10,0.018000000000000002,ATR,2.5,31,5.0,4h,SMA,False,True,True,False,False,True,True,0.35,35,1.6,BOLLINGER,2.7,-2.6809939329138226,-2.6809939329138226,37.06182857740666,37.06182857740666,4h,5,5.0,SMA,60.0,60.0,COMPLETE
672,-2239.2587779289483,2026-01-16 12:48:35.941826,2026-01-16 12:48:42.674122,0 days 00:00:06.732296,12,2.4,2.8,1.6,96,CCI,PARABOLIC_SAR,2.6,48,34,12,0.029500000000000002,67,22,20,0.041,78,16,10,0.018000000000000002,ATR,2.5,26,5.0,5m,SMA,False,True,True,False,False,True,False,0.35,35,1.6,CCI,2.6,-23.642349024469603,-23.642349024469603,-17.482013166615832,-17.482013166615832,5m,24,24.0,SMA,41.66666666666667,41.66666666666667,COMPLETE
673,-1950.94966281619,2026-01-16 12:48:37.448963,2026-01-16 12:48:38.484190,0 days 00:00:01.035227,13,2.4,2.8,1.6,97,BOLLINGER,PARABOLIC_SAR,2.4000000000000004,70,34,12,0.029,67,21,20,0.041,78,16,10,0.017,ATR,2.0,31,5.0,4h,SMA,False,True,True,False,False,True,False,0.35,35,1.6,BOLLINGER,2.4000000000000004,-17.040249940387096,-17.040249940387096,17.716805590278796,17.716805590278796,4h,26,26.0,SMA,46.15384615384615,46.15384615384615,COMPLETE
674,-134.53394718102209,2026-01-16 12:48:37.753636,2026-01-16 12:48:42.346485,0 days 00:00:04.592849,13,2.2,2.8,1.6,96,KELTNER,PARABOLIC_SAR,2.7,47,35,12,0.033,67,21,20,0.042,78,16,10,0.017,ATR,2.5,23,5.0,5m,SMA,False,True,False,False,False,True,False,0.44,35,1.6,KELTNER,2.7,-23.12998044497128,-23.12998044497128,6.790912819120987,6.790912819120987,5m,50,50.0,SMA,48.0,48.0,COMPLETE
675,191.6336479912934,2026-01-16 12:48:37.769237,2026-01-16 12:48:44.872819,0 days 00:00:07.103582,13,2.2,2.8,1.6,97,BOLLINGER,PARABOLIC_SAR,2.2,47,35,12,0.0285,67,21,20,0.042,78,16,10,0.017,ATR,2.4000000000000004,26,5.0,5m,SMA,False,True,False,False,False,True,False,0.35,35,1.6,BOLLINGER,2.2,-16.089042211850938,-16.089042211850938,49.33424076277802,49.33424076277802,5m,58,58.0,SMA,53.44827586206896,53.44827586206896,COMPLETE
676,-407.04470504561596,2026-01-16 12:48:38.329013,2026-01-16 12:48:46.354599,0 days 00:00:08.025586,13,2.7,2.8,1.6,100,CCI,PARABOLIC_SAR,2.6,47,35,12,0.033,68,22,20,0.042,77,16,10,0.020999999999999998,ATR,2.5,23,5.0,5m,SMA,False,True,False,False,False,True,False,0.35,40,1.6,CCI,2.6,-17.743438981502234,-17.743438981502234,34.44783845629725,34.44783845629725,5m,39,39.0,SMA,53.84615384615385,53.84615384615385,COMPLETE
677,-379.0452027241281,2026-01-16 12:48:38.605576,2026-01-16 12:48:47.789281,0 days 00:00:09.183705,13,2.2,2.5,1.6,101,CCI,PARABOLIC_SAR,2.2,55,35,12,0.0325,68,20,20,0.042,77,16,10,0.020999999999999998,ATR,1.8,23,5.5,5m,MACD,False,True,False,False,False,True,False,0.33999999999999997,35,1.8,CCI,2.2,-19.365279017999683,-19.365279017999683,27.802509622352193,27.802509622352193,5m,39,39.0,MACD,56.41025641025641,56.41025641025641,COMPLETE
678,-97.44568854264617,2026-01-16 12:48:38.824029,2026-01-16 12:48:47.769839,0 days 00:00:08.945810,13,2.2,2.5,1.6,101,CCI,PARABOLIC_SAR,2.6,53,35,12,0.033,68,20,20,0.042,77,16,10,0.020999999999999998,ATR,1.8,26,5.5,5m,SMA,False,True,False,False,False,True,False,0.33999999999999997,35,2.6,CCI,2.6,-22.596647893874476,-22.596647893874476,22.732929940289306,22.732929940289306,5m,51,51.0,SMA,54.90196078431373,54.90196078431373,COMPLETE
679,-520.1257616239136,2026-01-16 12:48:42.651454,2026-01-16 12:48:50.323078,0 days 00:00:07.671624,13,2.2,2.5,1.7,92,CCI,PARABOLIC_SAR,2.6,43,35,12,0.032,68,20,19,0.042,77,16,10,0.016,ATR,1.9,26,5.5,5m,MACD,False,True,False,False,False,True,False,0.33999999999999997,40,1.8,CCI,2.6,-20.472330748515404,-20.472330748515404,52.73193756570651,52.73193756570651,5m,41,41.0,MACD,58.536585365853654,58.536585365853654,COMPLETE
680,-366.7976388854122,2026-01-16 12:48:44.042584,2026-01-16 12:48:51.557048,0 days 00:00:07.514464,11,2.2,2.5,1.7,92,CCI,PARABOLIC_SAR,2.2,43,35,11,0.032,68,20,19,0.042,77,16,10,0.020999999999999998,ATR,1.8,29,5.5,5m,SMA,False,True,False,False,False,True,False,0.37,40,1.8,CCI,2.2,-14.981039180167514,-14.981039180167514,27.712206006427575,27.712206006427575,5m,42,42.0,SMA,57.14285714285714,57.14285714285714,COMPLETE
681,-2300.0,2026-01-16 12:48:46.086185,2026-01-16 12:48:55.178587,0 days 00:00:09.092402,13,2.2,2.8,1.5,101,BOLLINGER,PARABOLIC_SAR,2.2,45,35,11,0.028,65,22,20,0.042,77,16,10,0.016,FIXED,1.8,24,5.0,5m,SMA,False,True,False,False,False,True,False,0.37,40,2.6,BOLLINGER,2.2,0.0,0.0,0.0,0.0,5m,0,0.0,SMA,0.0,0.0,COMPLETE
682,-2300.0,2026-01-16 12:48:46.466052,2026-01-16 12:48:54.073848,0 days 00:00:07.607796,14,2.2,2.5,1.5,101,BOLLINGER,PARABOLIC_SAR,2.2,43,35,10,0.032,68,21,20,0.042,77,16,10,0.016,FIXED,1.8,26,5.5,5m,SMA,False,True,False,False,False,True,False,0.33999999999999997,35,2.6,BOLLINGER,2.2,0.0,0.0,0.0,0.0,5m,0,0.0,SMA,0.0,0.0,COMPLETE
683,-2300.0,2026-01-16 12:48:47.929031,2026-01-16 12:48:55.468846,0 days 00:00:07.539815,14,2.3,2.8,1.5,91,BOLLINGER,PARABOLIC_SAR,2.4000000000000004,43,35,11,0.028,65,21,20,0.034,77,16,10,0.016,FIXED,2.3,24,5.0,5m,SMA,False,True,False,False,False,True,False,0.33999999999999997,40,1.6,BOLLINGER,2.4000000000000004,0.0,0.0,0.0,0.0,5m,0,0.0,SMA,0.0,0.0,COMPLETE
684,-2300.0,2026-01-16 12:48:47.956558,2026-01-16 12:48:56.630790,0 days 00:00:08.674232,14,2.3,2.8,1.5,92,BOLLINGER,PARABOLIC_SAR,2.4000000000000004,42,35,11,0.028,65,24,20,0.034,81,16,10,0.016,FIXED,2.3,26,5.0,5m,SMA,False,True,False,True,False,True,False,0.33999999999999997,40,1.6,BOLLINGER,2.4000000000000004,0.0,0.0,0.0,0.0,5m,0,0.0,SMA,0.0,0.0,COMPLETE
685,-2300.0,2026-01-16 12:48:50.885431,2026-01-16 12:48:59.430686,0 days 00:00:08.545255,14,2.3,2.8,1.5,12,BOLLINGER,PARABOLIC_SAR,2.4000000000000004,43,35,11,0.028,65,21,20,0.035,77,16,10,0.017,FIXED,2.4000000000000004,24,5.0,5m,SMA,False,True,False,True,False,True,False,0.33999999999999997,35,1.6,BOLLINGER,2.4000000000000004,0.0,0.0,0.0,0.0,5m,0,0.0,SMA,0.0,0.0,COMPLETE
686,-22.449866198227937,2026-01-16 12:48:52.765441,2026-01-16 12:49:01.222053,0 days 00:00:08.456612,14,2.3,2.8,1.5,91,BOLLINGER,PARABOLIC_SAR,2.4000000000000004,29,35,10,0.028,69,21,20,0.035,77,17,10,0.017,ATR,2.4000000000000004,24,5.0,5m,SMA,False,True,False,False,False,True,False,0.33999999999999997,35,2.6,BOLLINGER,2.4000000000000004,-22.35578096164193,-22.35578096164193,54.795055168485916,54.795055168485916,5m,58,58.0,SMA,53.44827586206896,53.44827586206896,COMPLETE
687,-37.76746166703833,2026-01-16 12:48:54.823584,2026-01-16 12:49:02.031850,0 days 00:00:07.208266,30,2.3,2.8,1.6,91,BOLLINGER,PARABOLIC_SAR,2.2,31,34,11,0.0275,65,21,20,0.036000000000000004,77,17,10,0.017,ATR,2.3,24,5.0,5m,SMA,False,True,False,False,False,True,False,0.33999999999999997,35,1.6,BOLLINGER,2.2,-23.513532572667923,-23.513532572667923,49.80247719298494,49.80247719298494,5m,57,57.0,SMA,50.877192982456144,50.877192982456144,COMPLETE
688,-1917.9828440201513,2026-01-16 12:48:55.521141,2026-01-16 12:49:03.129020,0 days 00:00:07.607879,15,2.3,2.8,1.6,87,BOLLINGER,PARABOLIC_SAR,2.4000000000000004,30,34,11,0.028,69,21,20,0.04,76,17,10,0.017,ATR,2.4000000000000004,27,6.0,5m,SMA,False,True,False,True,False,True,False,0.36,35,1.6,BOLLINGER,2.4000000000000004,-13.031067122518253,-13.031067122518253,25.058772757440618,25.058772757440618,5m,28,28.0,SMA,53.57142857142857,53.57142857142857,COMPLETE
689,-2227.8552263311362,2026-01-16 12:48:55.837449,2026-01-16 12:49:05.487632,0 days 00:00:09.650183,15,2.3,2.8,1.6,86,CCI,PARABOLIC_SAR,2.4000000000000004,37,34,11,0.0285,69,21,20,0.04,82,17,10,0.017,ATR,2.4000000000000004,27,5.0,5m,SMA,False,True,False,True,False,True,False,0.33999999999999997,35,1.6,CCI,2.4000000000000004,-22.711501057452764,-22.711501057452764,-12.088341731785192,-12.088341731785192,5m,29,29.0,SMA,44.827586206896555,44.827586206896555,COMPLETE
690,33.86418812984266,2026-01-16 12:48:57.308202,2026-01-16 12:49:06.340134,0 days 00:00:09.031932,15,2.1,2.6,1.6,87,BOLLINGER,PARABOLIC_SAR,2.4000000000000004,36,34,12,0.034,69,21,20,0.04,82,17,11,0.017,ATR,2.4000000000000004,27,6.0,5m,SMA,False,True,False,False,False,True,False,0.36,35,2.4000000000000004,BOLLINGER,2.4000000000000004,-21.47017081923177,-21.47017081923177,76.96544467062915,76.96544467062915,5m,60,60.0,SMA,50.0,50.0,COMPLETE
691,48.18687187840169,2026-01-16 12:48:59.910679,2026-01-16 12:49:07.837959,0 days 00:00:07.927280,11,2.1,2.4000000000000004,1.6,87,BOLLINGER,PARABOLIC_SAR,2.3000000000000003,30,34,12,0.031,69,21,20,0.04,76,17,10,0.017,ATR,2.4000000000000004,27,6.0,5m,EMA,False,True,False,False,False,True,False,0.35,35,1.8,BOLLINGER,2.3000000000000003,-20.43684702755242,-20.43684702755242,80.37907939016856,80.37907939016856,5m,61,61.0,EMA,50.81967213114754,50.81967213114754,COMPLETE
692,-2211.3517491152834,2026-01-16 12:49:02.313873,2026-01-16 12:49:11.437974,0 days 00:00:09.124101,12,2.1,2.4000000000000004,1.6,86,CCI,PARABOLIC_SAR,2.3000000000000003,53,34,12,0.031,69,20,20,0.04,76,17,12,0.017,ATR,2.2,27,6.0,5m,EMA,False,True,False,False,False,True,False,0.47,35,1.8,CCI,2.3000000000000003,-22.964112526658013,-22.964112526658013,-4.9614158745960335,-4.9614158745960335,5m,29,29.0,EMA,44.827586206896555,44.827586206896555,COMPLETE
693,-609.1679879476324,2026-01-16 12:49:02.644505,2026-01-16 12:49:10.360209,0 days 00:00:07.715704,12,2.1,2.4000000000000004,1.6,86,CCI,PARABOLIC_SAR,2.3000000000000003,53,34,12,0.034,69,20,20,0.04,76,17,12,0.017,ATR,2.0,30,6.0,5m,EMA,False,True,False,False,False,True,False,0.35,35,3.0,CCI,2.3000000000000003,-23.3801937186231,-23.3801937186231,40.15931154533788,40.15931154533788,5m,49,49.0,EMA,51.02040816326531,51.02040816326531,COMPLETE
694,-1985.5955729526227,2026-01-16 12:49:04.299151,2026-01-16 12:49:11.413165,0 days 00:00:07.114014,11,2.1,2.7,1.7,98,CCI,PARABOLIC_SAR,2.3000000000000003,52,34,12,0.031,67,20,20,0.04,76,16,11,0.019000000000000003,ATR,1.9,27,6.0,5m,EMA,False,True,False,False,False,True,False,0.6,35,1.8,CCI,2.3000000000000003,-13.125842801966343,-13.125842801966343,4.420580190075189,4.420580190075189,5m,14,14.0,EMA,50.0,50.0,COMPLETE
695,-1983.910369574542,2026-01-16 12:49:06.231853,2026-01-16 12:49:18.877135,0 days 00:00:12.645282,12,2.1,2.7,1.7,95,CCI,PARABOLIC_SAR,2.3000000000000003,56,34,12,0.031,67,20,20,0.038,76,16,12,0.018000000000000002,ATR,2.2,30,6.0,5m,EMA,False,True,False,False,False,True,False,0.6,50,1.8,CCI,2.3000000000000003,-12.76589570879737,-12.76589570879737,4.854490247984812,4.854490247984812,5m,14,14.0,EMA,50.0,50.0,COMPLETE
696,76.12824180610187,2026-01-16 12:49:06.552715,2026-01-16 12:49:16.656934,0 days 00:00:10.104219,11,1.9,2.7,1.7,98,CCI,PARABOLIC_SAR,2.3000000000000003,56,34,12,0.0335,67,20,19,0.041,76,16,12,0.019000000000000003,ATR,2.2,30,6.0,5m,EMA,False,True,False,False,False,True,False,0.35,35,3.0,CCI,2.3000000000000003,-18.15648702430908,-18.15648702430908,9.825520473502577,9.825520473502577,5m,59,59.0,EMA,44.06779661016949,44.06779661016949,COMPLETE
697,69.96326010271787,2026-01-16 12:49:08.000016,2026-01-16 12:49:16.905645,0 days 00:00:08.905629,12,1.9,2.7,1.7,98,CCI,PARABOLIC_SAR,2.3000000000000003,52,35,12,0.031,67,20,19,0.041,78,16,11,0.019000000000000003,ATR,2.2,30,6.0,5m,EMA,False,True,False,False,False,True,False,0.32999999999999996,50,3.0,CCI,2.3000000000000003,-17.96251544502859,-17.96251544502859,7.456039212970017,7.456039212970017,5m,62,62.0,EMA,43.54838709677419,43.54838709677419,COMPLETE
698,-2300.0,2026-01-16 12:49:11.361962,2026-01-16 12:49:18.930233,0 days 00:00:07.568271,13,1.9,2.7,1.7,98,KELTNER,PARABOLIC_SAR,2.5000000000000004,18,35,12,0.0305,67,20,19,0.041,78,16,10,0.019000000000000003,ATR,2.2,29,5.5,5m,EMA,False,True,False,False,False,True,False,0.32999999999999996,35,1.8,KELTNER,2.5000000000000004,0.0,0.0,0.0,0.0,5m,0,0.0,EMA,0.0,0.0,COMPLETE
699,12.107385405875903,2026-01-16 12:49:11.523006,2026-01-16 12:49:20.872307,0 days 00:00:09.349301,13,1.9,2.7,1.7,95,KELTNER,PARABOLIC_SAR,2.2,56,35,12,0.026500000000000003,66,20,19,0.041,77,16,10,0.012,ATR,2.2,29,5.5,5m,HMA,False,True,False,False,False,True,False,0.32999999999999996,35,1.8,KELTNER,2.2,-24.703035196805978,-24.703035196805978,51.34698057728443,51.34698057728443,5m,94,94.0,HMA,45.744680851063826,45.744680851063826,COMPLETE
700,-406.53727717476886,2026-01-16 12:49:11.539542,2026-01-16 12:49:19.096956,0 days 00:00:07.557414,13,1.9,2.7,1.7,94,CCI,PARABOLIC_SAR,2.2,18,35,12,0.0385,66,20,19,0.041,77,16,10,0.012,ATR,2.2,29,5.5,5m,HMA,False,True,False,False,False,True,False,0.32999999999999996,45,1.8,CCI,2.2,-19.619021447173814,-19.619021447173814,36.92792241545571,36.92792241545571,5m,47,47.0,HMA,46.808510638297875,46.808510638297875,COMPLETE
701,-439.7124168294886,2026-01-16 12:49:16.935334,2026-01-16 12:49:25.246373,0 days 00:00:08.311039,13,2.0,2.6,1.7,94,CCI,PARABOLIC_SAR,2.5000000000000004,18,35,11,0.048,66,20,19,0.038,77,16,10,0.018000000000000002,ATR,2.6,29,4.5,5m,HMA,False,True,False,False,False,True,False,0.32999999999999996,30,1.8,CCI,2.5000000000000004,-23.61619023752363,-23.61619023752363,115.82428281722687,115.82428281722687,5m,42,42.0,HMA,52.38095238095239,52.38095238095239,COMPLETE
702,194.35693520318182,2026-01-16 12:49:17.643516,2026-01-16 12:49:23.054679,0 days 00:00:05.411163,13,2.0,2.6,1.7,94,CCI,PARABOLIC_SAR,2.5000000000000004,38,35,11,0.029,66,29,19,0.038,77,16,10,0.018000000000000002,ATR,2.6,29,4.5,5m,EMA,False,True,False,False,False,True,False,0.32999999999999996,30,1.8,CCI,2.5000000000000004,-18.228994240118613,-18.228994240118613,54.42333497945834,54.42333497945834,5m,54,54.0,EMA,53.70370370370371,53.70370370370371,COMPLETE
703,-535.1982987749361,2026-01-16 12:49:19.019697,2026-01-16 12:49:25.979174,0 days 00:00:06.959477,14,2.0,2.6,1.7,94,CCI,PARABOLIC_SAR,2.2,35,33,10,0.026500000000000003,66,20,19,0.039,77,16,10,0.018000000000000002,ATR,2.6,29,4.5,30m,HMA,False,True,False,False,False,True,False,0.32999999999999996,30,1.4,CCI,2.2,-14.523061228852704,-14.523061228852704,-11.498677076531353,-11.498677076531353,30m,38,38.0,HMA,44.73684210526316,44.73684210526316,COMPLETE
704,-124.52331989315371,2026-01-16 12:49:19.054759,2026-01-16 12:49:23.901063,0 days 00:00:04.846304,14,2.0,2.6,1.7,94,CCI,PARABOLIC_SAR,2.2,37,33,10,0.048,68,20,19,0.038,77,16,10,0.014,ATR,2.6,26,4.5,30m,EMA,False,True,False,False,False,True,False,0.32999999999999996,25,2.2,CCI,2.2,-27.70961545502861,-27.70961545502861,12.558734444500086,12.558734444500086,30m,53,53.0,EMA,49.056603773584904,49.056603773584904,COMPLETE
705,70.54917597310668,2026-01-16 12:49:19.833832,2026-01-16 12:49:25.287537,0 days 00:00:05.453705,14,2.0,2.6,1.7,94,CCI,PARABOLIC_SAR,2.2,39,33,10,0.029,68,29,19,0.038,77,16,10,0.014,ATR,2.6,26,4.5,30m,EMA,False,True,False,False,False,True,False,0.32999999999999996,30,1.4,CCI,2.2,-17.605903052826505,-17.605903052826505,7.577656023028097,7.577656023028097,30m,54,54.0,EMA,48.148148148148145,48.148148148148145,COMPLETE
706,172.75220424638428,2026-01-16 12:49:21.155062,2026-01-16 12:49:27.066842,0 days 00:00:05.911780,14,2.0,2.6,1.6,94,CCI,PARABOLIC_SAR,2.1,39,33,11,0.029,68,29,19,0.039,77,16,10,0.014,ATR,2.6,26,4.5,5m,EMA,False,True,False,False,False,True,False,0.32999999999999996,30,1.4,CCI,2.1,-15.397098221533243,-15.397098221533243,41.59217794960758,41.59217794960758,5m,55,55.0,EMA,52.72727272727272,52.72727272727272,COMPLETE
707,55.56387847300903,2026-01-16 12:49:23.866599,2026-01-16 12:49:27.658251,0 days 00:00:03.791652,13,2.0,2.6,1.7,94,CCI,PARABOLIC_SAR,2.5000000000000004,34,35,10,0.029,66,29,19,0.037,77,15,10,0.014,ATR,2.6,25,4.5,30m,EMA,False,True,False,False,False,True,False,0.32999999999999996,30,2.4000000000000004,CCI,2.5000000000000004,-19.79976261963553,-19.79976261963553,2.2112680742138067,2.2112680742138067,30m,51,51.0,EMA,47.05882352941176,47.05882352941176,COMPLETE
708,205.1005282317883,2026-01-16 12:49:24.403904,2026-01-16 12:49:31.098998,0 days 00:00:06.695094,13,2.0,2.6,1.7,94,CCI,PARABOLIC_SAR,2.5000000000000004,33,35,11,0.029,66,27,19,0.037,77,15,10,0.016,ATR,2.5,25,4.5,5m,EMA,False,True,False,False,False,True,False,0.32,30,1.6,CCI,2.5000000000000004,-18.23378503298847,-18.23378503298847,58.48351295021379,58.48351295021379,5m,53,53.0,EMA,52.83018867924528,52.83018867924528,COMPLETE
709,-2990.2110457587223,2026-01-16 12:49:25.314112,2026-01-16 12:49:32.789258,0 days 00:00:07.475146,12,4.9,2.6,1.8,97,CCI,PARABOLIC_SAR,2.5000000000000004,8,35,11,0.029,66,21,20,0.036000000000000004,77,15,10,0.013000000000000001,ATR,2.0,25,4.0,5m,EMA,False,True,False,False,False,False,False,0.32,30,2.8,CCI,2.5000000000000004,-40.45715216172217,-40.45715216172217,6.11833761127328,6.11833761127328,5m,22,22.0,EMA,36.36363636363637,36.36363636363637,COMPLETE
710,-137.98631632931665,2026-01-16 12:49:25.363195,2026-01-16 12:49:31.397010,0 days 00:00:06.033815,12,2.2,2.6,1.8,101,CCI,PARABOLIC_SAR,2.5000000000000004,34,35,11,0.029,66,27,20,0.037,77,15,10,0.013000000000000001,ATR,2.0,25,4.5,5m,EMA,False,True,False,False,False,False,False,0.32,30,2.8,CCI,2.5000000000000004,-24.504828613592665,-24.504828613592665,5.474107514230953,5.474107514230953,5m,57,57.0,EMA,49.122807017543856,49.122807017543856,COMPLETE
711,-944.9707815394468,2026-01-16 12:49:26.362155,2026-01-16 12:49:34.338972,0 days 00:00:07.976817,12,2.2,2.5,1.8,100,CCI,PARABOLIC_SAR,2.5000000000000004,33,35,11,0.029,66,30,20,0.037,77,15,10,0.015,ATR,1.9,25,4.0,5m,EMA,False,True,False,False,False,False,False,0.32,30,1.6,CCI,2.5000000000000004,-30.254177182960984,-30.254177182960984,2.6217446646444964,2.6217446646444964,5m,55,55.0,EMA,47.27272727272727,47.27272727272727,COMPLETE
712,-185.457406626806,2026-01-16 12:49:27.413766,2026-01-16 12:49:36.279078,0 days 00:00:08.865312,12,2.2,2.5,1.8,100,CCI,PARABOLIC_SAR,2.5000000000000004,165,35,11,0.029,66,28,20,0.037,78,15,11,0.013000000000000001,ATR,1.9,28,4.5,5m,EMA,False,True,False,False,False,False,False,0.32,30,1.6,CCI,2.5000000000000004,-29.938982500884247,-29.938982500884247,-18.36156886172765,-18.36156886172765,5m,60,60.0,EMA,48.333333333333336,48.333333333333336,COMPLETE
713,-927.2238968326146,2026-01-16 12:49:27.692754,2026-01-16 12:49:37.533175,0 days 00:00:09.840421,12,2.2,2.5,1.8,100,CCI,PARABOLIC_SAR,2.6,27,35,11,0.030000000000000002,66,30,20,0.036000000000000004,78,15,11,0.016,ATR,2.1,28,4.0,5m,EMA,False,True,False,False,False,False,False,0.32,30,1.6,CCI,2.6,-32.23261468265369,-32.23261468265369,12.358780384162115,12.358780384162115,5m,53,53.0,EMA,47.16981132075472,47.16981132075472,COMPLETE
714,-655.0771144715927,2026-01-16 12:49:31.211333,2026-01-16 12:49:40.628485,0 days 00:00:09.417152,13,2.6,2.5,1.7,98,CCI,PARABOLIC_SAR,2.6,28,35,11,0.030000000000000002,66,25,20,0.036000000000000004,78,16,10,0.016,ATR,2.5,22,4.5,5m,EMA,False,True,False,False,False,True,False,0.32,30,1.6,CCI,2.6,-21.513830435708616,-21.513830435708616,18.829210458349205,18.829210458349205,5m,40,40.0,EMA,50.0,50.0,COMPLETE
715,-642.4530587417285,2026-01-16 12:49:32.395035,2026-01-16 12:49:41.166717,0 days 00:00:08.771682,13,2.2,2.5,1.7,97,CCI,PARABOLIC_SAR,2.6,27,35,11,0.0305,66,30,20,0.036000000000000004,78,16,10,0.016,ATR,2.5,25,4.0,5m,EMA,False,True,False,False,False,True,False,0.32,30,1.6,CCI,2.6,-21.984206652131082,-21.984206652131082,24.45750689871614,24.45750689871614,5m,47,47.0,EMA,53.191489361702125,53.191489361702125,COMPLETE
716,243.48684523035263,2026-01-16 12:49:33.510919,2026-01-16 12:49:43.203043,0 days 00:00:09.692124,13,2.2,2.5,1.7,91,CCI,PARABOLIC_SAR,2.6,39,35,11,0.032,66,30,20,0.038,78,20,11,0.016,ATR,2.5,28,4.5,5m,EMA,False,True,False,False,False,True,False,0.32,30,1.6,CCI,2.6,-17.444435881826976,-17.444435881826976,52.6031464715377,52.6031464715377,5m,50,50.0,EMA,56.00000000000001,56.00000000000001,COMPLETE
717,-34.542160677548054,2026-01-16 12:49:35.053911,2026-01-16 12:49:43.887577,0 days 00:00:08.833666,13,1.9,2.5,1.7,90,CCI,PARABOLIC_SAR,2.6,29,35,11,0.032,66,25,15,0.036000000000000004,78,16,11,0.016,ATR,2.5,28,4.5,5m,EMA,False,True,False,False,False,True,False,0.32,30,1.6,CCI,2.6,-23.197192302835475,-23.197192302835475,50.79029953408817,50.79029953408817,5m,59,59.0,EMA,49.152542372881356,49.152542372881356,COMPLETE
718,-34.542160677548054,2026-01-16 12:49:37.215503,2026-01-16 12:49:46.482579,0 days 00:00:09.267076,13,1.9,2.5,1.7,90,CCI,PARABOLIC_SAR,2.6,28,35,11,0.032,66,24,20,0.036000000000000004,78,16,10,0.016,ATR,2.5,28,4.5,5m,EMA,False,True,False,False,False,True,False,0.32,30,1.6,CCI,2.6,-23.197192302835475,-23.197192302835475,50.79029953408817,50.79029953408817,5m,59,59.0,EMA,49.152542372881356,49.152542372881356,COMPLETE
719,-136.91258172135622,2026-01-16 12:49:37.639055,2026-01-16 12:49:46.627498,0 days 00:00:08.988443,13,1.9,2.5,1.7,97,CCI,PARABOLIC_SAR,2.4000000000000004,39,35,11,0.032,66,22,20,0.036000000000000004,76,16,10,0.016,ATR,2.5,21,4.5,5m,EMA,False,True,False,False,False,True,False,0.33999999999999997,30,1.6,CCI,2.4000000000000004,-25.346415902279105,-25.346415902279105,6.093857440139702,6.093857440139702,5m,61,61.0,EMA,44.26229508196721,44.26229508196721,COMPLETE
720,-544.6846538868976,2026-01-16 12:49:41.337101,2026-01-16 12:49:50.080029,0 days 00:00:08.742928,13,3.3,2.3,1.7,90,CCI,PARABOLIC_SAR,2.4000000000000004,46,35,11,0.032,65,25,19,0.03,76,16,10,0.015,ATR,2.5,27,4.5,5m,EMA,False,True,False,False,False,True,False,0.33999999999999997,30,1.6,CCI,2.4000000000000004,-23.186189749472874,-23.186189749472874,68.3029556476375,68.3029556476375,5m,31,31.0,EMA,48.38709677419355,48.38709677419355,COMPLETE
721,-10.566386637465257,2026-01-16 12:49:41.562116,2026-01-16 12:49:49.872798,0 days 00:00:08.310682,13,1.9,2.3,3.0,90,CCI,PARABOLIC_SAR,2.4000000000000004,40,35,11,0.032,65,22,19,0.038,76,16,10,0.015,ATR,2.5,27,5.0,5m,EMA,False,True,False,False,False,True,False,0.33999999999999997,30,1.6,CCI,2.4000000000000004,-23.2619354416857,-23.2619354416857,61.44712795238535,61.44712795238535,5m,60,60.0,EMA,50.0,50.0,COMPLETE
722,-253.25440541236821,2026-01-16 12:49:43.809630,2026-01-16 12:49:51.782475,0 days 00:00:07.972845,13,2.1,2.3,1.7,91,CCI,PARABOLIC_SAR,2.6,39,35,11,0.032,65,28,20,0.037,78,16,11,0.015,ATR,2.5,27,4.5,5m,SUPERTREND,False,True,False,False,False,True,False,0.32,30,1.6,CCI,2.6,-18.141211611729613,-18.141211611729613,73.9465103264304,73.9465103264304,5m,40,40.0,SUPERTREND,57.49999999999999,57.49999999999999,COMPLETE
723,-1868.4676573142533,2026-01-16 12:49:44.811999,2026-01-16 12:49:52.389971,0 days 00:00:07.577972,13,2.1,2.4000000000000004,1.7,90,CCI,PARABOLIC_SAR,2.5000000000000004,46,35,11,0.0345,65,29,20,0.037,78,21,11,0.015,ATR,2.4000000000000004,27,5.0,5m,SUPERTREND,False,True,False,False,False,True,True,0.32,30,1.6,CCI,2.5000000000000004,-14.049877794334858,-14.049877794334858,26.09294848890991,26.09294848890991,5m,21,21.0,SUPERTREND,66.66666666666666,66.66666666666666,COMPLETE
724,-2121.9718830208667,2026-01-16 12:49:46.555049,2026-01-16 12:49:54.800013,0 days 00:00:08.244964,13,2.1,2.4000000000000004,1.7,91,CCI,PARABOLIC_SAR,2.8000000000000003,44,35,11,0.0345,65,29,20,0.038,78,17,11,0.015,ATR,2.4000000000000004,26,5.0,5m,SUPERTREND,False,True,False,False,False,True,True,0.32999999999999996,35,1.6,CCI,2.8000000000000003,-20.096393774848107,-20.096393774848107,11.245802364884224,11.245802364884224,5m,23,23.0,SUPERTREND,60.86956521739131,60.86956521739131,COMPLETE
725,266.2447129264938,2026-01-16 12:49:47.845901,2026-01-16 12:49:56.900895,0 days 00:00:09.054994,13,2.1,2.6,1.7,90,CCI,PARABOLIC_SAR,2.5000000000000004,47,35,11,0.0335,65,29,20,0.011,78,23,11,0.015,ATR,2.4000000000000004,26,5.0,5m,EMA,False,True,False,False,False,True,False,0.32999999999999996,35,1.4,CCI,2.5000000000000004,-15.758459652415583,-15.758459652415583,74.34522038875679,74.34522038875679,5m,51,51.0,EMA,54.90196078431373,54.90196078431373,COMPLETE
726,-2957.768813791271,2026-01-16 12:49:51.324967,2026-01-16 12:49:57.994364,0 days 00:00:06.669397,11,2.5,2.4000000000000004,1.7,92,CCI,PARABOLIC_SAR,2.7,45,35,11,0.035,66,30,20,0.038,78,21,11,0.015,ATR,2.4000000000000004,26,5.0,5m,SUPERTREND,False,True,False,False,False,True,True,0.32999999999999996,35,1.4,CCI,2.7,-31.540926027746035,-31.540926027746035,-4.158162073874893,-4.158162073874893,5m,26,26.0,SUPERTREND,57.692307692307686,57.692307692307686,COMPLETE
727,-711.5763498260194,2026-01-16 12:49:51.323967,2026-01-16 12:50:00.775336,0 days 00:00:09.451369,11,2.1,2.6,1.7,90,CCI,PARABOLIC_SAR,2.7,47,35,11,0.0335,65,30,20,0.038,78,17,11,0.018000000000000002,ATR,2.4000000000000004,26,5.0,5m,SUPERTREND,False,True,False,False,False,True,True,0.32999999999999996,35,1.4,CCI,2.7,-29.475624018919515,-29.475624018919515,-5.935676253968035,-5.935676253968035,5m,31,31.0,SUPERTREND,48.38709677419355,48.38709677419355,COMPLETE
728,-659.1862584216915,2026-01-16 12:49:52.261915,2026-01-16 12:50:00.798655,0 days 00:00:08.536740,12,2.1,2.4000000000000004,1.7,93,CCI,PARABOLIC_SAR,2.7,47,35,11,0.0345,66,30,20,0.038,78,17,11,0.018000000000000002,ATR,2.4000000000000004,26,5.0,5m,EMA,False,True,False,False,False,True,True,0.32999999999999996,35,1.4,CCI,2.7,-26.119383920463623,-26.119383920463623,19.37316139582235,19.37316139582235,5m,38,38.0,EMA,52.63157894736842,52.63157894736842,COMPLETE
729,-605.0791408760433,2026-01-16 12:49:52.418235,2026-01-16 12:50:01.027301,0 days 00:00:08.609066,12,2.5,2.6,1.7,92,CCI,PARABOLIC_SAR,2.7,49,35,11,0.0335,66,30,20,0.038,77,22,11,0.018000000000000002,ATR,2.4000000000000004,26,5.0,5m,EMA,False,True,False,False,False,True,False,0.32999999999999996,35,1.4,CCI,2.7,-21.815636992252376,-21.815636992252376,40.14273573244382,40.14273573244382,5m,41,41.0,EMA,51.21951219512195,51.21951219512195,COMPLETE
730,-586.1882730715706,2026-01-16 12:49:56.348817,2026-01-16 12:50:03.748847,0 days 00:00:07.400030,11,2.5,2.6,1.6,93,CCI,PARABOLIC_SAR,2.5000000000000004,47,35,10,0.033,66,31,20,0.038,77,17,11,0.018000000000000002,ATR,2.3,26,6.5,5m,EMA,False,True,False,False,False,True,False,0.32999999999999996,35,1.4,CCI,2.5000000000000004,-20.156022319900956,-20.156022319900956,45.75169919606484,45.75169919606484,5m,40,40.0,EMA,52.5,52.5,COMPLETE
731,298.8013046574897,2026-01-16 12:49:58.025834,2026-01-16 12:50:04.654932,0 days 00:00:06.629098,12,2.1,2.6,1.7,89,CCI,PARABOLIC_SAR,2.7,48,34,10,0.033,65,28,20,0.038,77,24,11,0.014,ATR,2.3,24,6.5,5m,EMA,False,True,False,False,False,True,False,0.32999999999999996,35,1.4,CCI,2.7,-17.329681374968068,-17.329681374968068,72.57714955248908,72.57714955248908,5m,50,50.0,EMA,57.99999999999999,57.99999999999999,COMPLETE
732,-690.4604736131978,2026-01-16 12:49:58.239510,2026-01-16 12:50:05.923556,0 days 00:00:07.684046,12,2.1,2.6,1.7,89,CCI,PARABOLIC_SAR,2.5000000000000004,38,34,10,0.0335,65,28,20,0.024,77,21,11,0.014,ATR,2.3,24,6.5,1h,EMA,False,True,False,False,False,True,False,0.32999999999999996,35,1.4,CCI,2.5000000000000004,-21.56365430660584,-21.56365430660584,4.004383131572418,4.004383131572418,1h,49,49.0,EMA,44.89795918367347,44.89795918367347,COMPLETE
733,-184.43343992203518,2026-01-16 12:50:00.898776,2026-01-16 12:50:05.919405,0 days 00:00:05.020629,12,2.0,2.6,1.7,87,CCI,PARABOLIC_SAR,2.5000000000000004,38,34,10,0.0335,65,29,20,0.037,77,20,11,0.014,ATR,2.3,19,6.5,1h,EMA,False,True,False,False,False,True,False,0.32,35,1.4,CCI,2.5000000000000004,-29.224873766831678,-29.224873766831678,-17.5597875657032,-17.5597875657032,1h,54,54.0,EMA,46.2962962962963,46.2962962962963,COMPLETE
734,24.85272387781879,2026-01-16 12:50:00.921192,2026-01-16 12:50:07.375325,0 days 00:00:06.454133,12,2.0,2.6,1.7,89,CCI,PARABOLIC_SAR,2.5000000000000004,36,34,10,0.036500000000000005,65,29,20,0.019000000000000003,77,22,11,0.014,ATR,2.3,24,6.5,5m,EMA,False,True,False,False,False,True,False,0.32,35,1.4,CCI,2.5000000000000004,-22.330817097249753,-22.330817097249753,53.59781768763647,53.59781768763647,5m,54,54.0,EMA,55.55555555555556,55.55555555555556,COMPLETE
735,-186.34913098054858,2026-01-16 12:50:01.142365,2026-01-16 12:50:05.996638,0 days 00:00:04.854273,12,2.0,2.6,1.7,88,CCI,PARABOLIC_SAR,2.5000000000000004,38,34,10,0.033,65,29,20,0.011,77,20,11,0.014,ATR,2.8,18,6.5,1h,EMA,False,True,False,False,False,True,False,0.32,35,1.4,CCI,2.5000000000000004,-28.828388243722674,-28.828388243722674,-18.376258300183423,-18.376258300183423,1h,54,54.0,EMA,46.2962962962963,46.2962962962963,COMPLETE
736,-980.0855701460177,2026-01-16 12:50:04.319536,2026-01-16 12:50:10.305204,0 days 00:00:05.985668,12,2.0,2.5,1.7,87,CCI,PARABOLIC_SAR,2.5000000000000004,37,34,11,0.033,65,28,20,0.037,77,20,11,0.014,ATR,2.8,28,5.5,1h,EMA,False,True,False,False,False,True,False,0.32,35,1.8,CCI,2.5000000000000004,-30.651055626536248,-30.651055626536248,-15.813844276813976,-15.813844276813976,1h,55,55.0,EMA,45.45454545454545,45.45454545454545,COMPLETE
737,-2998.085096934827,2026-01-16 12:50:04.860877,2026-01-16 12:50:09.161175,0 days 00:00:04.300298,12,3.8000000000000003,2.5,1.7,85,CCI,PARABOLIC_SAR,2.9000000000000004,51,34,10,0.0325,65,30,20,0.018000000000000002,77,24,11,0.014,ATR,2.3,24,6.5,1h,EMA,False,True,False,False,False,True,False,0.32,35,1.4,CCI,2.9000000000000004,-46.617075879471955,-46.617075879471955,1.3038333082671045,1.3038333082671045,1h,26,26.0,EMA,46.15384615384615,46.15384615384615,COMPLETE
738,-548.9896575566809,2026-01-16 12:50:06.035022,2026-01-16 12:50:14.529832,0 days 00:00:08.494810,11,2.2,2.5,1.7,88,CCI,PARABOLIC_SAR,2.7,49,34,10,0.035500000000000004,65,29,20,0.039,76,23,11,0.013000000000000001,ATR,2.1,22,7.0,5m,EMA,False,True,False,False,False,True,False,0.32,35,1.4,CCI,2.7,-24.94690643976995,-24.94690643976995,46.55666467906667,46.55666467906667,5m,49,49.0,EMA,57.14285714285714,57.14285714285714,COMPLETE
739,-627.9679368464949,2026-01-16 12:50:06.074506,2026-01-16 12:50:10.691512,0 days 00:00:04.617006,11,2.3,2.5,1.7,86,CCI,PARABOLIC_SAR,2.7,50,34,11,0.036500000000000005,65,28,20,0.020999999999999998,76,23,11,0.013000000000000001,ATR,2.1,23,7.0,5m,EMA,False,True,False,False,False,True,False,0.32,35,1.4,CCI,2.7,-29.626092900177326,-29.626092900177326,37.053573446480506,37.053573446480506,5m,45,45.0,EMA,53.333333333333336,53.333333333333336,COMPLETE
740,-620.8201131688456,2026-01-16 12:50:06.097401,2026-01-16 12:50:12.682783,0 days 00:00:06.585382,11,2.3,2.5,1.7,85,CCI,PARABOLIC_SAR,2.6,52,34,10,0.0345,65,28,20,0.014,76,24,11,0.013000000000000001,ATR,2.1,24,6.0,5m,EMA,False,True,False,False,False,True,False,0.32,35,1.4,CCI,2.6,-25.548785384971005,-25.548785384971005,37.05663537930853,37.05663537930853,5m,44,44.0,EMA,54.54545454545454,54.54545454545454,COMPLETE
741,-619.1755822712203,2026-01-16 12:50:07.448430,2026-01-16 12:50:15.752354,0 days 00:00:08.303924,11,2.3,2.5,1.7,85,CCI,PARABOLIC_SAR,2.9000000000000004,50,34,10,0.0345,65,28,20,0.023,76,24,11,0.013000000000000001,ATR,2.1,24,6.5,5m,EMA,False,True,False,False,False,True,False,0.32,35,1.4,CCI,2.9000000000000004,-28.09390426398358,-28.09390426398358,40.19411042602141,40.19411042602141,5m,44,44.0,EMA,54.54545454545454,54.54545454545454,COMPLETE
742,-1436.4092615983172,2026-01-16 12:50:10.294624,2026-01-16 12:50:17.718003,0 days 00:00:07.423379,11,2.3,2.5,1.6,75,CCI,PARABOLIC_SAR,2.8000000000000003,43,34,10,0.035500000000000004,65,29,20,0.02,76,24,12,0.012,ATR,2.1,25,7.0,5m,EMA,False,True,False,False,False,True,False,0.33999999999999997,40,1.4,CCI,2.8000000000000003,-30.2416438282981,-30.2416438282981,33.14130307933518,33.14130307933518,5m,46,46.0,EMA,54.347826086956516,54.347826086956516,COMPLETE
743,-490.07491805354493,2026-01-16 12:50:10.669274,2026-01-16 12:50:18.114741,0 days 00:00:07.445467,27,2.3,2.5,1.6,91,CCI,PARABOLIC_SAR,2.8000000000000003,50,34,10,0.036000000000000004,65,28,20,0.039,76,23,12,0.013000000000000001,ATR,2.1,23,6.5,5m,EMA,False,True,False,False,False,True,False,0.33999999999999997,40,1.4,CCI,2.8000000000000003,-22.151047082101254,-22.151047082101254,68.29882300117282,68.29882300117282,5m,45,45.0,EMA,57.77777777777777,57.77777777777777,COMPLETE
744,-658.2965544595309,2026-01-16 12:50:11.214341,2026-01-16 12:50:20.706760,0 days 00:00:09.492419,11,2.2,2.7,1.6,73,CCI,PARABOLIC_SAR,2.6,42,34,10,0.0345,65,31,20,0.011,75,24,12,0.015,ATR,2.3,23,6.0,5m,EMA,False,True,False,False,False,True,False,0.33999999999999997,40,1.4,CCI,2.6,-27.79561882344671,-27.79561882344671,20.59842509394772,20.59842509394772,5m,49,49.0,EMA,53.06122448979592,53.06122448979592,COMPLETE
745,-45.53452442361231,2026-01-16 12:50:13.095714,2026-01-16 12:50:20.512778,0 days 00:00:07.417064,11,2.2,2.7,1.6,92,CCI,PARABOLIC_SAR,2.8000000000000003,43,26,10,0.034,65,23,20,0.011,75,23,11,0.015,ATR,2.3,23,5.5,5m,EMA,False,True,False,False,False,True,False,0.33999999999999997,40,2.8,CCI,2.8000000000000003,-20.586709679775332,-20.586709679775332,42.5670487259073,42.5670487259073,5m,53,53.0,EMA,54.71698113207547,54.71698113207547,COMPLETE
746,-178.29699739816624,2026-01-16 12:50:14.969287,2026-01-16 12:50:24.358722,0 days 00:00:09.389435,13,2.2,2.7,1.6,91,CCI,PARABOLIC_SAR,2.8000000000000003,14,34,10,0.0315,65,28,11,0.034,75,23,12,0.012,ATR,2.3,25,5.5,5m,EMA,False,True,False,False,False,True,False,0.33999999999999997,35,1.6,CCI,2.8000000000000003,-11.654762930016101,-11.654762930016101,77.58190033649697,77.58190033649697,5m,43,43.0,EMA,60.46511627906976,60.46511627906976,COMPLETE
747,-89.61913592318979,2026-01-16 12:50:16.269020,2026-01-16 12:50:23.915166,0 days 00:00:07.646146,12,2.2,2.7,1.6,76,CCI,PARABOLIC_SAR,2.8000000000000003,43,34,10,0.0315,68,27,21,0.033,77,19,12,0.015,ATR,2.3,25,5.5,5m,EMA,False,True,False,False,False,True,False,0.33999999999999997,40,1.6,CCI,2.8000000000000003,-26.639926691180744,-26.639926691180744,29.025329335258622,29.025329335258622,5m,50,50.0,EMA,54.0,54.0,COMPLETE
748,-1373.666472763367,2026-01-16 12:50:18.434854,2026-01-16 12:50:24.299420,0 days 00:00:05.864566,12,2.2,2.7,1.6,95,CCI,PARABOLIC_SAR,2.6,42,35,11,0.0315,68,20,21,0.016,75,23,11,0.015,ATR,2.3,25,5.5,1d,MACD,False,True,False,False,False,True,False,0.32999999999999996,35,1.6,CCI,2.6,-59.42691626108931,-59.42691626108931,-57.72903585248794,-57.72903585248794,1d,39,39.0,MACD,17.94871794871795,17.94871794871795,COMPLETE
749,-1373.666472763367,2026-01-16 12:50:19.144723,2026-01-16 12:50:25.444548,0 days 00:00:06.299825,12,2.2,2.7,1.6,95,CCI,PARABOLIC_SAR,2.6,42,35,11,0.0315,68,27,21,0.039,75,23,11,0.015,ATR,2.9000000000000004,25,5.5,1d,MACD,False,True,False,False,False,True,False,0.32999999999999996,35,1.6,CCI,2.6,-59.42691626108931,-59.42691626108931,-57.72903585248794,-57.72903585248794,1d,39,39.0,MACD,17.94871794871795,17.94871794871795,COMPLETE
750,161.81970898522923,2026-01-16 12:50:20.672746,2026-01-16 12:50:27.030244,0 days 00:00:06.357498,12,2.2,2.7,1.8,95,CCI,PARABOLIC_SAR,2.6,74,35,11,0.0315,68,27,21,0.033,77,25,11,0.016,ATR,2.5,25,6.0,5m,EMA,False,True,False,False,False,True,False,0.32999999999999996,35,1.6,CCI,2.6,-16.00895434284822,-16.00895434284822,38.82712933863322,38.82712933863322,5m,51,51.0,EMA,54.90196078431373,54.90196078431373,COMPLETE
751,-2945.2649280816236,2026-01-16 12:50:20.955403,2026-01-16 12:50:27.139289,0 days 00:00:06.183886,13,3.5,2.7,1.8,96,CCI,PARABOLIC_SAR,2.4000000000000004,74,35,11,0.0325,68,27,21,0.035,77,19,11,0.016,ATR,2.5,25,6.0,5m,MACD,False,True,False,False,False,True,False,0.32999999999999996,35,1.6,CCI,2.4000000000000004,-33.326868632361126,-33.326868632361126,30.331401726066066,30.331401726066066,5m,26,26.0,MACD,42.30769230769231,42.30769230769231,COMPLETE
752,-1373.7638248240091,2026-01-16 12:50:23.964243,2026-01-16 12:50:30.560402,0 days 00:00:06.596159,13,2.2,2.6,1.8,95,CCI,PARABOLIC_SAR,2.4000000000000004,31,35,11,0.033,68,27,21,0.013000000000000001,77,25,11,0.016,ATR,2.6,28,6.0,1d,MACD,False,True,False,False,False,True,False,0.32999999999999996,35,1.6,CCI,2.4000000000000004,-59.58527186313526,-59.58527186313526,-57.89165246675276,-57.89165246675276,1d,39,39.0,MACD,17.94871794871795,17.94871794871795,COMPLETE
753,-604.8428820671961,2026-01-16 12:50:24.954118,2026-01-16 12:50:33.919054,0 days 00:00:08.964936,13,2.1,2.6,1.8,89,CCI,PARABOLIC_SAR,2.4000000000000004,33,35,11,0.0325,68,20,20,0.035,77,21,11,0.02,ATR,2.5,28,7.5,5m,EMA,False,True,False,False,False,True,False,0.35,35,2.6,CCI,2.4000000000000004,-22.056504765713658,-22.056504765713658,40.527150020189374,40.527150020189374,5m,49,49.0,EMA,51.02040816326531,51.02040816326531,COMPLETE
754,-606.3820117556088,2026-01-16 12:50:25.475704,2026-01-16 12:50:32.166559,0 days 00:00:06.690855,13,2.1,2.6,1.8,93,CCI,PARABOLIC_SAR,2.4000000000000004,73,35,11,0.033,68,20,20,0.013000000000000001,77,21,11,0.02,ATR,2.5,28,6.0,5m,EMA,False,True,False,False,False,True,False,0.35,35,2.6,CCI,2.4000000000000004,-22.356905513388025,-22.356905513388025,40.2192319047207,40.2192319047207,5m,49,49.0,EMA,51.02040816326531,51.02040816326531,COMPLETE
755,-606.3820117556088,2026-01-16 12:50:25.768692,2026-01-16 12:50:32.210626,0 days 00:00:06.441934,13,2.1,2.6,1.8,93,CCI,PARABOLIC_SAR,2.4000000000000004,32,35,11,0.033,68,20,20,0.035,77,25,11,0.02,ATR,2.5,28,7.5,5m,EMA,False,True,False,False,False,True,False,0.35,35,1.8,CCI,2.4000000000000004,-22.356905513388025,-22.356905513388025,40.2192319047207,40.2192319047207,5m,49,49.0,EMA,51.02040816326531,51.02040816326531,COMPLETE
756,-603.9427672421189,2026-01-16 12:50:27.082009,2026-01-16 12:50:34.881723,0 days 00:00:07.799714,13,2.1,2.6,1.8,89,CCI,PARABOLIC_SAR,2.4000000000000004,32,33,11,0.033,68,20,20,0.039,77,18,11,0.016,ATR,2.6,28,6.0,5m,EMA,False,True,False,False,False,True,False,0.35,25,1.8,CCI,2.4000000000000004,-22.252935590954994,-22.252935590954994,41.14390862951491,41.14390862951491,5m,49,49.0,EMA,53.06122448979592,53.06122448979592,COMPLETE
757,-1496.8334054660545,2026-01-16 12:50:27.382445,2026-01-16 12:50:34.810561,0 days 00:00:07.428116,13,2.1,1.3,1.7,89,CCI,PARABOLIC_SAR,2.4000000000000004,33,33,11,0.033,66,20,20,0.012,77,10,11,0.02,ATR,2.6,28,6.0,5m,EMA,False,True,False,True,False,True,False,0.35,25,2.4000000000000004,CCI,2.4000000000000004,-46.19899284627807,-46.19899284627807,2.144544058641442,2.144544058641442,5m,32,32.0,EMA,43.75,43.75,COMPLETE
758,-2300.0,2026-01-16 12:50:31.844324,2026-01-16 12:50:41.431626,0 days 00:00:09.587302,14,2.1,2.6,1.7,80,KELTNER,PARABOLIC_SAR,2.4000000000000004,25,33,11,0.0305,66,21,20,0.039,76,18,10,0.014,ATR,2.6,27,4.0,5m,EMA,False,True,False,True,False,True,False,0.32,25,2.2,KELTNER,2.4000000000000004,0.0,0.0,0.0,0.0,5m,0,0.0,EMA,0.0,0.0,COMPLETE
759,-104.45308550996742,2026-01-16 12:50:32.515264,2026-01-16 12:50:43.124612,0 days 00:00:10.609348,14,2.1,2.6,1.7,79,CCI,PARABOLIC_SAR,2.4000000000000004,25,33,11,0.0305,66,21,20,0.039,76,15,10,0.019000000000000003,ATR,2.2,27,4.0,5m,EMA,False,True,False,False,False,True,False,0.32,25,2.2,CCI,2.4000000000000004,-21.288934388400154,-21.288934388400154,18.962545727720205,18.962545727720205,5m,50,50.0,EMA,48.0,48.0,COMPLETE
760,-2300.0,2026-01-16 12:50:32.953008,2026-01-16 12:50:39.626020,0 days 00:00:06.673012,14,2.1,2.6,1.7,89,KELTNER,PARABOLIC_SAR,2.4000000000000004,25,33,11,0.0305,66,21,20,0.039,76,22,10,0.034,ATR,2.2,27,4.0,5m,EMA,False,True,False,True,False,True,False,0.45999999999999996,25,2.2,KELTNER,2.4000000000000004,0.0,0.0,0.0,0.0,5m,0,0.0,EMA,0.0,0.0,COMPLETE
761,-2300.0,2026-01-16 12:50:34.739664,2026-01-16 12:50:44.497176,0 days 00:00:09.757512,14,2.4,2.6,1.7,89,KELTNER,PARABOLIC_SAR,2.4000000000000004,57,33,11,0.0305,66,21,20,0.025,76,24,10,0.014,ATR,2.2,27,6.5,5m,EMA,False,True,False,False,False,True,False,0.32,25,2.2,KELTNER,2.4000000000000004,0.0,0.0,0.0,0.0,5m,0,0.0,EMA,0.0,0.0,COMPLETE
762,-2940.094231012462,2026-01-16 12:50:34.979523,2026-01-16 12:50:44.679701,0 days 00:00:09.700178,14,4.300000000000001,2.4000000000000004,1.7,99,CCI,PARABOLIC_SAR,2.3000000000000003,26,34,11,0.0305,66,21,20,0.039,76,22,10,0.014,ATR,2.0,27,5.5,5m,EMA,False,True,False,False,False,True,False,0.32,25,2.0,CCI,2.3000000000000003,-32.488215450299506,-32.488215450299506,32.66840531990917,32.66840531990917,5m,24,24.0,EMA,45.83333333333333,45.83333333333333,COMPLETE
763,-2016.9887220555834,2026-01-16 12:50:35.010794,2026-01-16 12:50:43.364014,0 days 00:00:08.353220,14,1.9,2.4000000000000004,1.7,99,CCI,PARABOLIC_SAR,2.3000000000000003,22,34,11,0.0305,66,21,20,0.037,76,22,10,0.014,ATR,2.0,27,4.0,5m,EMA,False,True,True,False,False,True,False,0.32,25,2.0,CCI,2.3000000000000003,-17.205619546857534,-17.205619546857534,-6.173940281182051,-6.173940281182051,5m,27,27.0,EMA,40.74074074074074,40.74074074074074,COMPLETE
764,-2196.0032716990795,2026-01-16 12:50:40.465807,2026-01-16 12:50:47.223558,0 days 00:00:06.757751,12,1.9,2.4000000000000004,1.7,80,CCI,PARABOLIC_SAR,2.7,21,34,11,0.0305,66,20,19,0.026000000000000002,76,24,10,0.014,ATR,2.0,27,6.5,5m,EMA,False,True,True,False,False,True,False,0.32,45,1.8,CCI,2.7,-24.543771782364633,-24.543771782364633,1.822988896708726,1.822988896708726,5m,27,27.0,EMA,48.148148148148145,48.148148148148145,COMPLETE
765,-2323.296498495351,2026-01-16 12:50:42.749203,2026-01-16 12:50:47.459067,0 days 00:00:04.709864,12,1.9,2.7,1.7,98,CCI,PARABOLIC_SAR,2.3000000000000003,56,34,10,0.0305,66,20,19,0.037,78,24,14,0.019000000000000003,ATR,2.0,27,6.5,2h,EMA,False,True,True,False,False,True,False,0.54,45,2.0,CCI,2.3000000000000003,-3.6120231287235045,-3.6120231287235045,-3.6944341534353797,-3.6944341534353797,2h,2,2.0,EMA,0.0,0.0,COMPLETE
766,-1521.6426094852768,2026-01-16 12:50:43.854259,2026-01-16 12:50:47.091256,0 days 00:00:03.236997,12,3.1,2.7,1.7,92,CCI,PARABOLIC_SAR,2.5000000000000004,46,34,10,0.032,67,20,19,0.025,77,24,14,0.017,ATR,2.8,29,6.5,2h,EMA,False,True,False,False,False,True,False,0.32999999999999996,35,2.8,CCI,2.5000000000000004,-32.106533233220226,-32.106533233220226,-11.714718316930776,-11.714718316930776,2h,32,32.0,EMA,43.75,43.75,COMPLETE
767,-975.1287785952445,2026-01-16 12:50:44.172626,2026-01-16 12:50:48.595555,0 days 00:00:04.422929,12,2.0,1.6,1.7,92,CCI,PARABOLIC_SAR,2.5000000000000004,57,34,10,0.031,67,20,19,0.026000000000000002,77,24,14,0.017,ATR,2.8,26,6.5,2h,EMA,False,True,False,False,False,True,False,0.32999999999999996,35,2.8,CCI,2.5000000000000004,-40.63948037019815,-40.63948037019815,-15.74936129282459,-15.74936129282459,2h,51,51.0,EMA,45.09803921568628,45.09803921568628,COMPLETE
768,-1540.7420145799397,2026-01-16 12:50:44.645545,2026-01-16 12:50:47.761000,0 days 00:00:03.115455,12,3.1,2.7,1.6,84,CCI,PARABOLIC_SAR,2.5000000000000004,54,35,10,0.034,68,20,19,0.04,77,24,14,0.012,ATR,2.7,29,6.5,2h,ICHIMOKU,False,True,False,False,False,True,False,0.32999999999999996,45,2.8,CCI,2.5000000000000004,-44.507093560187286,-44.507093560187286,-26.982247860066742,-26.982247860066742,2h,33,33.0,ICHIMOKU,39.39393939393939,39.39393939393939,COMPLETE
769,-1525.1067508679034,2026-01-16 12:50:44.694736,2026-01-16 12:50:47.960907,0 days 00:00:03.266171,12,2.9000000000000004,2.7,1.6,92,CCI,PARABOLIC_SAR,2.5000000000000004,47,35,10,0.034,68,20,19,0.04,77,24,14,0.012,ATR,2.9000000000000004,29,6.5,2h,ICHIMOKU,False,True,False,False,False,True,False,0.32999999999999996,35,2.8,CCI,2.5000000000000004,-35.72701595990454,-35.72701595990454,-14.532007750235964,-14.532007750235964,2h,33,33.0,ICHIMOKU,48.484848484848484,48.484848484848484,COMPLETE
770,-85.6588904659011,2026-01-16 12:50:47.187710,2026-01-16 12:50:52.651762,0 days 00:00:05.464052,12,1.9,2.7,1.6,84,CCI,PARABOLIC_SAR,2.3000000000000003,57,35,12,0.034,68,20,19,0.037,77,25,14,0.019000000000000003,ATR,2.4000000000000004,29,5.0,5m,ICHIMOKU,False,True,False,False,False,True,False,0.33999999999999997,35,1.8,CCI,2.3000000000000003,-25.1422241854576,-25.1422241854576,29.804072583763464,29.804072583763464,5m,63,63.0,ICHIMOKU,46.03174603174603,46.03174603174603,COMPLETE
771,114.11365413126168,2026-01-16 12:50:47.411943,2026-01-16 12:50:55.407270,0 days 00:00:07.995327,12,2.0,2.7,1.6,97,CCI,PARABOLIC_SAR,2.3000000000000003,54,35,12,0.0345,68,30,19,0.04,78,19,14,0.019000000000000003,ATR,2.9000000000000004,29,5.0,5m,ICHIMOKU,False,True,False,False,False,True,False,0.32999999999999996,35,1.8,CCI,2.3000000000000003,-16.142572270682486,-16.142572270682486,22.379045460235748,22.379045460235748,5m,55,55.0,ICHIMOKU,50.90909090909091,50.90909090909091,COMPLETE
772,-3247.3002374066023,2026-01-16 12:50:47.594774,2026-01-16 12:50:51.856870,0 days 00:00:04.262096,12,5.9,2.7,1.6,84,CCI,PARABOLIC_SAR,2.5000000000000004,50,35,12,0.034,68,29,19,0.04,77,15,12,0.016,ATR,2.4000000000000004,29,5.0,5m,EMA,False,True,False,False,False,True,False,0.33999999999999997,35,1.8,CCI,2.5000000000000004,-43.46782409356148,-43.46782409356148,34.40803202638188,34.40803202638188,5m,20,20.0,EMA,30.0,30.0,COMPLETE
773,-2300.0,2026-01-16 12:50:47.871661,2026-01-16 12:50:56.012746,0 days 00:00:08.141085,13,2.0,2.5,1.6,102,CCI,PARABOLIC_SAR,2.3000000000000003,50,35,12,0.034,67,20,19,0.04,77,15,12,0.016,FIXED,2.9000000000000004,26,5.0,5m,EMA,False,True,False,False,False,True,False,0.33999999999999997,35,1.8,CCI,2.3000000000000003,0.0,0.0,0.0,0.0,5m,0,0.0,EMA,0.0,0.0,COMPLETE
774,127.53184603210047,2026-01-16 12:50:48.013507,2026-01-16 12:50:54.820840,0 days 00:00:06.807333,13,2.0,2.5,1.6,102,CCI,PARABOLIC_SAR,2.3000000000000003,51,35,12,0.032,67,30,20,0.017,77,22,11,0.016,ATR,2.4000000000000004,26,5.5,5m,EMA,False,True,False,False,False,True,False,0.33999999999999997,35,1.8,CCI,2.3000000000000003,-16.411868435122937,-16.411868435122937,27.346612949270803,27.346612949270803,5m,54,54.0,EMA,50.0,50.0,COMPLETE
775,127.53184603210047,2026-01-16 12:50:48.700277,2026-01-16 12:50:58.689068,0 days 00:00:09.988791,13,2.0,2.5,1.6,102,CCI,PARABOLIC_SAR,2.3000000000000003,52,35,12,0.032,65,29,20,0.037,77,25,12,0.016,ATR,2.4000000000000004,24,5.0,5m,EMA,False,True,False,False,False,True,False,0.33999999999999997,35,1.8,CCI,2.3000000000000003,-16.411868435122937,-16.411868435122937,27.346612949270803,27.346612949270803,5m,54,54.0,EMA,50.0,50.0,COMPLETE
776,-2300.0,2026-01-16 12:50:52.900204,2026-01-16 12:51:00.734063,0 days 00:00:07.833859,13,2.0,2.5,1.8,96,CCI,PARABOLIC_SAR,2.3000000000000003,53,35,12,0.0315,65,20,20,0.038,78,20,11,0.016,FIXED,2.7,24,8.0,5m,EMA,False,True,False,False,False,True,False,0.33999999999999997,35,1.6,CCI,2.3000000000000003,0.0,0.0,0.0,0.0,5m,0,0.0,EMA,0.0,0.0,COMPLETE
777,-2300.0,2026-01-16 12:50:53.720741,2026-01-16 12:50:59.996337,0 days 00:00:06.275596,13,2.0,2.5,1.8,102,CCI,PARABOLIC_SAR,2.3000000000000003,46,35,12,0.032,67,30,20,0.017,78,17,11,0.016,FIXED,2.7,25,6.0,5m,EMA,False,True,False,False,False,True,False,0.33999999999999997,35,1.6,CCI,2.3000000000000003,0.0,0.0,0.0,0.0,5m,0,0.0,EMA,0.0,0.0,COMPLETE
778,283.8285312838125,2026-01-16 12:50:55.989153,2026-01-16 12:51:05.123771,0 days 00:00:09.134618,11,2.1,2.6,1.8,96,CCI,PARABOLIC_SAR,2.6,46,35,11,0.038,65,20,20,0.036000000000000004,78,16,10,0.017,ATR,2.7,24,4.5,5m,EMA,True,True,False,False,False,True,False,0.32999999999999996,40,1.6,CCI,2.6,-15.298201671166495,-15.298201671166495,78.90888838796491,78.90888838796491,5m,50,50.0,EMA,54.0,54.0,COMPLETE
779,-517.6732741474652,2026-01-16 12:50:56.037951,2026-01-16 12:51:05.231040,0 days 00:00:09.193089,11,2.4,1.8,1.8,95,CCI,PARABOLIC_SAR,2.6,40,35,11,0.029500000000000002,65,24,20,0.038,78,16,10,0.015,ATR,2.7,24,4.5,5m,EMA,True,True,False,False,False,True,False,0.32999999999999996,40,1.6,CCI,2.6,-21.900436227745875,-21.900436227745875,77.2994736221001,77.2994736221001,5m,43,43.0,EMA,51.162790697674424,51.162790697674424,COMPLETE
780,-401.746164049925,2026-01-16 12:50:56.307827,2026-01-16 12:51:03.516412,0 days 00:00:07.208585,11,2.4,2.6,1.8,95,CCI,PARABOLIC_SAR,2.6,40,35,11,0.029500000000000002,65,20,20,0.022,78,16,10,0.015,ATR,2.7,21,4.5,5m,EMA,True,True,False,False,False,True,False,0.32999999999999996,40,1.6,CCI,2.6,-17.757566796250057,-17.757566796250057,36.429823317252726,36.429823317252726,5m,42,42.0,EMA,50.0,50.0,COMPLETE
781,-337.2252891014159,2026-01-16 12:50:59.859898,2026-01-16 12:51:06.412732,0 days 00:00:06.552834,14,2.3,2.6,1.8,96,CCI,PARABOLIC_SAR,2.7,41,34,11,0.029500000000000002,69,31,20,0.038,78,17,10,0.015,ATR,1.9,22,6.0,5m,EMA,True,True,False,False,False,True,False,0.32999999999999996,30,1.6,CCI,2.7,-15.821173235209308,-15.821173235209308,38.86904470955396,38.86904470955396,5m,45,45.0,EMA,55.55555555555556,55.55555555555556,COMPLETE
782,-702.7014785598622,2026-01-16 12:51:00.706528,2026-01-16 12:51:07.494884,0 days 00:00:06.788356,11,2.4,2.6,1.5,96,CCI,PARABOLIC_SAR,2.6,40,34,11,0.027,69,31,20,0.038,78,16,10,0.015,ATR,2.6,21,4.5,4h,EMA,True,True,False,False,False,True,False,0.32999999999999996,20,1.6,CCI,2.6,-23.83407742718123,-23.83407742718123,-1.2092241977976168,-1.2092241977976168,4h,38,38.0,EMA,47.368421052631575,47.368421052631575,COMPLETE
783,-694.0041518519047,2026-01-16 12:51:02.128521,2026-01-16 12:51:09.444437,0 days 00:00:07.315916,28,2.4,2.6,1.7,93,CCI,PARABOLIC_SAR,2.6,40,34,16,0.029500000000000002,69,22,20,0.038,77,16,10,0.020999999999999998,ATR,1.9,22,4.5,5m,EMA,True,True,False,False,False,True,False,0.32999999999999996,30,1.6,CCI,2.6,-22.217635405657575,-22.217635405657575,2.5655689688329932,2.5655689688329932,5m,37,37.0,EMA,48.64864864864865,48.64864864864865,COMPLETE
784,-501.3091434222015,2026-01-16 12:51:04.468507,2026-01-16 12:51:09.466382,0 days 00:00:04.997875,14,2.3,2.6,1.7,92,CCI,PARABOLIC_SAR,2.1,35,34,11,0.0275,66,31,20,0.039,77,19,10,0.020999999999999998,ATR,1.9,28,6.0,4h,EMA,False,True,False,False,False,True,False,0.39,40,2.4000000000000004,CCI,2.1,-18.554853295354512,-18.554853295354512,-0.49915774945421143,-0.49915774945421143,4h,37,37.0,EMA,48.64864864864865,48.64864864864865,COMPLETE
785,-517.8955965711921,2026-01-16 12:51:05.628637,2026-01-16 12:51:12.123471,0 days 00:00:06.494834,11,2.3,2.6,1.7,92,CCI,PARABOLIC_SAR,2.6,46,34,11,0.0425,65,22,20,0.036000000000000004,84,20,10,0.017,ATR,1.9,16,4.5,5m,EMA,True,True,False,False,False,True,False,0.32999999999999996,40,1.6,CCI,2.6,-22.987031851752107,-22.987031851752107,57.77476191183561,57.77476191183561,5m,46,46.0,EMA,56.52173913043478,56.52173913043478,COMPLETE
786,24.497146170158885,2026-01-16 12:51:05.624578,2026-01-16 12:51:13.371757,0 days 00:00:07.747179,11,2.3,2.6,1.7,36,CCI,PARABOLIC_SAR,2.5000000000000004,45,34,11,0.037,65,31,20,0.036000000000000004,79,20,10,0.017,ATR,1.9,22,4.5,5m,EMA,True,True,False,False,False,True,False,0.32999999999999996,40,1.6,CCI,2.5000000000000004,-22.408344038839694,-22.408344038839694,75.07636728359705,75.07636728359705,5m,60,60.0,EMA,53.333333333333336,53.333333333333336,COMPLETE
787,-1525.6510431214037,2026-01-16 12:51:06.610060,2026-01-16 12:51:12.266824,0 days 00:00:05.656764,11,2.2,2.6,1.7,92,CCI,PARABOLIC_SAR,2.7,44,34,11,0.043000000000000003,65,22,20,0.036000000000000004,79,23,10,0.017,ATR,2.8,16,4.5,4h,EMA,True,True,False,False,False,True,False,0.39,40,1.6,CCI,2.7,-37.422800708030564,-37.422800708030564,-15.281107868721383,-15.281107868721383,4h,39,39.0,EMA,46.15384615384615,46.15384615384615,COMPLETE
788,-1918.8194036216528,2026-01-16 12:51:07.646178,2026-01-16 12:51:15.795513,0 days 00:00:08.149335,11,2.2,2.6,1.7,92,CCI,PARABOLIC_SAR,2.7,44,34,11,0.038,65,21,20,0.036000000000000004,78,16,10,0.017,ATR,2.8,23,4.5,5m,EMA,True,True,False,False,False,True,False,0.51,40,2.4000000000000004,CCI,2.7,-16.90999412817326,-16.90999412817326,11.207722360223626,11.207722360223626,5m,23,23.0,EMA,56.52173913043478,56.52173913043478,COMPLETE
789,-588.4391742165899,2026-01-16 12:51:09.574784,2026-01-16 12:51:17.092722,0 days 00:00:07.517938,11,2.1,2.5,1.7,99,CCI,PARABOLIC_SAR,2.7,48,27,11,0.0375,65,21,20,0.036000000000000004,79,15,10,0.017,ATR,2.8,23,4.5,5m,EMA,True,True,False,False,False,True,False,0.35,40,1.6,CCI,2.7,-20.967207262368273,-20.967207262368273,45.994876737164795,45.994876737164795,5m,48,48.0,EMA,54.166666666666664,54.166666666666664,COMPLETE
790,-616.4008787227949,2026-01-16 12:51:09.606340,2026-01-16 12:51:19.424253,0 days 00:00:09.817913,11,2.1,2.5,1.7,99,CCI,PARABOLIC_SAR,2.7,46,34,11,0.0395,65,21,20,0.036000000000000004,78,15,10,0.017,ATR,2.8,23,4.5,5m,EMA,True,True,False,False,False,True,False,0.35,40,1.6,CCI,2.7,-26.807518104091972,-26.807518104091972,40.34793465135931,40.34793465135931,5m,47,47.0,EMA,53.191489361702125,53.191489361702125,COMPLETE
791,-2202.7003730885253,2026-01-16 12:51:12.952600,2026-01-16 12:51:21.638460,0 days 00:00:08.685860,11,2.1,2.5,1.7,99,CCI,PARABOLIC_SAR,2.7,179,35,11,0.039,65,20,20,0.035,79,15,10,0.013000000000000001,ATR,2.1,23,4.5,5m,EMA,True,True,False,False,False,True,False,0.53,40,1.4,CCI,2.7,-23.97111040860854,-23.97111040860854,-1.2131834275791886,-1.2131834275791886,5m,23,23.0,EMA,47.82608695652174,47.82608695652174,COMPLETE
792,13.667051150317093,2026-01-16 12:51:12.957511,2026-01-16 12:51:21.542609,0 days 00:00:08.585098,11,2.1,2.5,1.7,87,CCI,PARABOLIC_SAR,2.7,46,35,11,0.0385,65,20,20,0.036000000000000004,79,15,10,0.013000000000000001,ATR,2.1,23,4.5,5m,EMA,True,True,False,False,False,True,False,0.33999999999999997,40,1.4,CCI,2.7,-29.887220107207867,-29.887220107207867,84.66166673522618,84.66166673522618,5m,51,51.0,EMA,52.94117647058824,52.94117647058824,COMPLETE
793,-789.6605048928814,2026-01-16 12:51:13.669772,2026-01-16 12:51:21.983847,0 days 00:00:08.314075,10,2.1,2.5,1.7,87,CCI,PARABOLIC_SAR,2.7,48,27,11,0.0395,65,20,20,0.037,78,16,10,0.013000000000000001,ATR,2.2,23,5.5,5m,EMA,True,True,False,False,False,True,False,0.33999999999999997,40,1.6,CCI,2.7,-30.411729159071953,-30.411729159071953,83.86125499609618,83.86125499609618,5m,51,51.0,EMA,54.90196078431373,54.90196078431373,COMPLETE
794,-2196.737160910107,2026-01-16 12:51:16.109239,2026-01-16 12:51:24.143280,0 days 00:00:08.034041,11,2.1,2.5,1.6,99,CCI,PARABOLIC_SAR,2.5000000000000004,48,27,11,0.036500000000000005,65,20,20,0.035,78,15,10,0.013000000000000001,ATR,2.2,23,7.0,5m,EMA,True,True,False,False,False,True,False,0.48,40,1.4,CCI,2.5000000000000004,-25.69102523044385,-25.69102523044385,1.5324675379078603,1.5324675379078603,5m,29,29.0,EMA,48.275862068965516,48.275862068965516,COMPLETE
795,-87.88049794970811,2026-01-16 12:51:17.684174,2026-01-16 12:51:26.904569,0 days 00:00:09.220395,10,1.9,2.5,1.6,88,CCI,PARABOLIC_SAR,2.5000000000000004,35,35,11,0.0325,65,20,20,0.034,78,16,11,0.018000000000000002,ATR,2.2,25,5.5,5m,EMA,True,True,False,False,False,True,False,0.36,40,1.4,CCI,2.5000000000000004,-27.480256571552907,-27.480256571552907,30.459744220088375,30.459744220088375,5m,56,56.0,EMA,46.42857142857143,46.42857142857143,COMPLETE
796,-862.884513773035,2026-01-16 12:51:19.826955,2026-01-16 12:51:26.831401,0 days 00:00:07.004446,10,1.9,2.4000000000000004,1.5,88,CCI,PARABOLIC_SAR,2.4000000000000004,31,35,11,0.0395,65,20,20,0.035,78,16,11,0.013000000000000001,ATR,2.1,25,5.5,5m,EMA,True,True,False,False,False,True,False,0.33999999999999997,40,1.4,CCI,2.4000000000000004,-33.7561180222281,-33.7561180222281,48.66463711870615,48.66463711870615,5m,59,59.0,EMA,47.45762711864407,47.45762711864407,COMPLETE
797,-65.39195843793732,2026-01-16 12:51:21.618029,2026-01-16 12:51:28.313895,0 days 00:00:06.695866,10,1.9,2.7,1.6,49,CCI,PARABOLIC_SAR,2.5000000000000004,31,35,11,0.035,65,20,21,0.034,78,17,11,0.013000000000000001,ATR,2.2,24,7.0,5m,EMA,True,True,False,False,False,True,False,0.36,40,1.4,CCI,2.5000000000000004,-23.47938575800858,-23.47938575800858,37.50928664017832,37.50928664017832,5m,66,66.0,EMA,48.484848484848484,48.484848484848484,COMPLETE
798,-54.051663671829374,2026-01-16 12:51:21.795025,2026-01-16 12:51:30.059878,0 days 00:00:08.264853,12,1.9,2.4000000000000004,1.6,89,CCI,PARABOLIC_SAR,2.4000000000000004,30,35,10,0.035500000000000004,66,20,21,0.035,78,16,11,0.018000000000000002,ATR,2.2,25,5.5,5m,EMA,True,True,False,False,False,True,False,0.33999999999999997,40,3.0,CCI,2.4000000000000004,-24.792995294758626,-24.792995294758626,44.04842227846391,44.04842227846391,5m,57,57.0,EMA,49.122807017543856,49.122807017543856,COMPLETE
799,-112.09861517751415,2026-01-16 12:51:22.947101,2026-01-16 12:51:31.529700,0 days 00:00:08.582599,12,1.9,2.7,1.5,89,CCI,PARABOLIC_SAR,2.5000000000000004,34,35,10,0.036500000000000005,66,20,21,0.035,78,16,11,0.015,ATR,2.5,25,5.5,5m,EMA,True,True,False,False,False,True,False,0.36,30,1.4,CCI,2.5000000000000004,-28.825466787670013,-28.825466787670013,19.159761804586626,19.159761804586626,5m,54,54.0,EMA,46.2962962962963,46.2962962962963,COMPLETE
800,-911.4569966778054,2026-01-16 12:51:24.792355,2026-01-16 12:51:34.604886,0 days 00:00:09.812531,12,1.9,1.5,1.5,89,CCI,PARABOLIC_SAR,2.4000000000000004,31,35,10,0.033,66,20,21,0.037,76,17,11,0.018000000000000002,ATR,2.6,25,5.5,5m,EMA,True,True,False,False,False,True,False,0.36,30,2.6,CCI,2.4000000000000004,-41.325974410311275,-41.325974410311275,24.404992931654235,24.404992931654235,5m,54,54.0,EMA,46.2962962962963,46.2962962962963,COMPLETE
801,189.45903348584216,2026-01-16 12:51:27.118993,2026-01-16 12:51:36.761291,0 days 00:00:09.642298,12,2.2,2.7,1.8,90,CCI,PARABOLIC_SAR,2.4000000000000004,27,35,15,0.033,66,21,21,0.037,76,17,11,0.015,ATR,2.6,26,6.0,5m,EMA,False,True,False,False,False,True,False,0.32,30,1.6,CCI,2.4000000000000004,-16.23756960546736,-16.23756960546736,48.858962455367674,48.858962455367674,5m,50,50.0,EMA,54.0,54.0,COMPLETE
802,146.70272652558833,2026-01-16 12:51:28.220413,2026-01-16 12:51:36.842004,0 days 00:00:08.621591,12,2.2,2.7,1.8,90,CCI,PARABOLIC_SAR,2.4000000000000004,28,35,15,0.0325,66,21,20,0.037,76,17,11,0.015,ATR,2.6,26,4.0,5m,EMA,False,True,False,False,False,False,False,0.32,30,1.6,CCI,2.4000000000000004,-19.763943906699854,-19.763943906699854,38.38834875395465,38.38834875395465,5m,56,56.0,EMA,48.214285714285715,48.214285714285715,COMPLETE
803,-2022.322957863786,2026-01-16 12:51:28.645166,2026-01-16 12:51:36.896386,0 days 00:00:08.251220,12,4.4,2.1,1.8,90,CCI,PARABOLIC_SAR,2.4000000000000004,28,35,10,0.033,66,20,21,0.037,76,17,10,0.015,ATR,1.7000000000000002,26,4.0,5m,EMA,False,True,False,False,False,True,False,0.32,30,1.6,CCI,2.4000000000000004,-26.452350849884798,-26.452350849884798,85.02488743803059,85.02488743803059,5m,24,24.0,EMA,50.0,50.0,COMPLETE
804,-471.29038862372363,2026-01-16 12:51:30.537545,2026-01-16 12:51:43.490909,0 days 00:00:12.953364,12,2.2,1.9,1.8,94,CCI,PARABOLIC_SAR,2.4000000000000004,36,35,10,0.0325,66,21,20,0.037,76,17,10,0.015,ATR,1.7000000000000002,26,4.0,5m,EMA,False,True,False,False,False,True,False,0.32,30,1.6,CCI,2.4000000000000004,-20.272359404738694,-20.272359404738694,72.10550753962411,72.10550753962411,5m,48,48.0,EMA,58.333333333333336,58.333333333333336,COMPLETE
805,-131.13462937137592,2026-01-16 12:51:31.568019,2026-01-16 12:51:39.938644,0 days 00:00:08.370625,12,2.2,2.3,1.8,94,CCI,PARABOLIC_SAR,2.4000000000000004,53,35,11,0.033,68,21,20,0.037,76,17,10,0.016,ATR,2.6,26,6.0,5m,EMA,False,True,False,False,True,False,False,0.32,25,1.6,CCI,2.4000000000000004,-24.54611414644032,-24.54611414644032,8.60540507418306,8.60540507418306,5m,62,62.0,EMA,46.774193548387096,46.774193548387096,COMPLETE
806,121.79541159707878,2026-01-16 12:51:34.844340,2026-01-16 12:51:42.070409,0 days 00:00:07.226069,13,2.2,2.8,1.8,95,CCI,PARABOLIC_SAR,2.6,21,34,11,0.0325,69,21,20,0.037,77,17,10,0.016,ATR,2.5,26,4.0,5m,EMA,False,True,False,False,True,False,False,0.32,25,1.6,CCI,2.6,-18.7331818952963,-18.7331818952963,27.54206327811114,27.54206327811114,5m,64,64.0,EMA,43.75,43.75,COMPLETE
807,7.068821392323116,2026-01-16 12:51:36.863527,2026-01-16 12:51:46.981759,0 days 00:00:10.118232,13,2.0,2.8,1.8,94,CCI,PARABOLIC_SAR,2.6,54,34,11,0.0405,68,23,20,0.039,77,16,10,0.016,ATR,2.4000000000000004,27,4.0,5m,EMA,False,True,False,False,True,True,False,0.32999999999999996,45,2.0,CCI,2.6,-23.76694414869531,-23.76694414869531,70.17934676273276,70.17934676273276,5m,64,64.0,EMA,45.3125,45.3125,COMPLETE
808,191.01851431305204,2026-01-16 12:51:36.950018,2026-01-16 12:51:45.300958,0 days 00:00:08.350940,13,2.0,2.8,1.8,94,CCI,PARABOLIC_SAR,2.6,19,34,11,0.0315,68,20,20,0.01,83,16,10,0.016,ATR,1.7000000000000002,27,4.0,5m,EMA,False,True,False,False,True,True,False,0.32999999999999996,25,2.0,CCI,2.6,-18.987129391621828,-18.987129391621828,54.564201397988555,54.564201397988555,5m,60,60.0,EMA,45.0,45.0,COMPLETE
809,-765.4223597117252,2026-01-16 12:51:37.129597,2026-01-16 12:51:47.069355,0 days 00:00:09.939758,13,2.0,1.7000000000000002,1.6,94,CCI,PARABOLIC_SAR,3.0,56,34,11,0.0415,68,26,20,0.038,77,16,10,0.036000000000000004,ATR,2.5,28,6.0,5m,EMA,False,True,False,False,True,True,False,0.32999999999999996,45,2.0,CCI,3.0,-41.64417596825114,-41.64417596825114,117.41989583377428,117.41989583377428,5m,59,59.0,EMA,49.152542372881356,49.152542372881356,COMPLETE
810,176.30446428549658,2026-01-16 12:51:41.174884,2026-01-16 12:51:50.134319,0 days 00:00:08.959435,13,2.0,2.8,1.7,96,CCI,PARABOLIC_SAR,2.6,197,34,11,0.0315,69,20,20,0.039,77,16,10,0.014,ATR,2.5,28,2.0,5m,EMA,False,True,False,False,False,True,False,0.32999999999999996,25,2.0,CCI,2.6,-16.204289980313217,-16.204289980313217,44.19309724025096,44.19309724025096,5m,54,54.0,EMA,51.85185185185185,51.85185185185185,COMPLETE
811,140.36849271576557,2026-01-16 12:51:42.695008,2026-01-16 12:51:50.471328,0 days 00:00:07.776320,13,2.0,2.8,1.7,97,CCI,PARABOLIC_SAR,2.6,37,34,11,0.031,68,23,19,0.039,77,16,10,0.018000000000000002,ATR,2.4000000000000004,28,6.0,5m,EMA,False,True,False,False,False,True,False,0.32999999999999996,45,2.0,CCI,2.6,-15.948154513470286,-15.948154513470286,31.303547477418558,31.303547477418558,5m,52,52.0,EMA,51.92307692307693,51.92307692307693,COMPLETE
812,-592.0210025130136,2026-01-16 12:51:44.959008,2026-01-16 12:51:54.681045,0 days 00:00:09.722037,13,2.0,2.8,1.7,96,CCI,PARABOLIC_SAR,2.6,58,34,11,0.0405,68,20,19,0.039,83,16,10,0.014,ATR,2.4000000000000004,28,6.0,5m,HMA,False,True,False,False,False,True,False,0.32999999999999996,20,2.0,CCI,2.6,-24.896836866515148,-24.896836866515148,49.704527850754,49.704527850754,5m,43,43.0,HMA,53.48837209302325,53.48837209302325,COMPLETE
813,-632.5164635699366,2026-01-16 12:51:45.741466,2026-01-16 12:51:52.831204,0 days 00:00:07.089738,13,2.0,2.6,1.7,97,CCI,PARABOLIC_SAR,2.5000000000000004,58,34,12,0.041,68,20,19,0.039,77,16,10,0.014,ATR,2.4000000000000004,28,6.0,5m,HMA,False,True,False,False,False,True,False,0.32999999999999996,45,2.0,CCI,2.5000000000000004,-27.710698136583762,-27.710698136583762,33.26685218822539,33.26685218822539,5m,44,44.0,HMA,52.27272727272727,52.27272727272727,COMPLETE
814,-2031.1003612599197,2026-01-16 12:51:47.050393,2026-01-16 12:51:55.326473,0 days 00:00:08.276080,13,2.0,2.6,1.6,98,CCI,PARABOLIC_SAR,2.3000000000000003,58,34,12,0.0415,68,20,19,0.039,81,16,10,0.019000000000000003,ATR,2.0,28,6.0,5m,HMA,False,True,False,True,False,True,True,0.33999999999999997,20,1.8,CCI,2.3000000000000003,-7.223102782510013,-7.223102782510013,-6.774771020008391,-6.774771020008391,5m,2,2.0,HMA,50.0,50.0,COMPLETE
815,-2243.218478659213,2026-01-16 12:51:47.199234,2026-01-16 12:51:55.250846,0 days 00:00:08.051612,13,2.1,2.6,1.7,97,CCI,PARABOLIC_SAR,2.5000000000000004,41,34,12,0.031,69,20,19,0.039,77,16,10,0.017,ATR,2.7,30,6.0,15m,HMA,False,True,False,True,False,True,False,0.33999999999999997,20,1.8,CCI,2.5000000000000004,-24.133661787915894,-24.133661787915894,-19.50091901387734,-19.50091901387734,15m,16,16.0,HMA,37.5,37.5,COMPLETE
816,-2032.392206861547,2026-01-16 12:51:50.413902,2026-01-16 12:51:56.627891,0 days 00:00:06.213989,13,2.3,2.6,1.7,98,CCI,PARABOLIC_SAR,2.5000000000000004,43,33,12,0.028,68,20,15,0.039,77,16,10,0.019000000000000003,ATR,2.7,30,5.0,15m,EMA,False,True,False,True,False,True,True,0.33999999999999997,20,1.8,CCI,2.5000000000000004,-8.797222540294076,-8.797222540294076,-7.854716954655817,-7.854716954655817,15m,4,4.0,EMA,50.0,50.0,COMPLETE
817,-2313.1277833234185,2026-01-16 12:51:52.627797,2026-01-16 12:51:59.135900,0 days 00:00:06.508103,12,2.3,2.6,1.6,103,CCI,PARABOLIC_SAR,2.0,41,33,12,0.0285,69,29,19,0.04,77,16,10,0.017,ATR,2.0,30,5.0,15m,HMA,False,True,True,True,False,True,True,0.33999999999999997,35,1.8,CCI,2.0,-1.6011705871141984,-1.6011705871141984,-1.6258496350701435,-1.6258496350701435,15m,1,1.0,HMA,0.0,0.0,COMPLETE
818,68.2092278567452,2026-01-16 12:51:54.162676,2026-01-16 12:51:57.765871,0 days 00:00:03.603195,12,2.1,2.6,1.6,102,CCI,PARABOLIC_SAR,2.3000000000000003,42,33,12,0.028,69,28,19,0.031,77,16,11,0.019000000000000003,ATR,2.7,24,6.5,15m,EMA,False,True,False,False,False,True,False,0.33999999999999997,35,1.8,CCI,2.3000000000000003,-15.461325112083324,-15.461325112083324,6.18596766838138,6.18596766838138,15m,51,51.0,EMA,49.01960784313725,49.01960784313725,COMPLETE
819,-2239.5618326053404,2026-01-16 12:51:55.231152,2026-01-16 12:51:58.082142,0 days 00:00:02.850990,15,2.1,2.6,1.6,103,CCI,PARABOLIC_SAR,2.3000000000000003,42,33,12,0.0285,69,29,19,0.041,77,16,14,0.019000000000000003,ATR,2.0,24,6.5,30m,EMA,False,True,True,True,False,True,False,0.35,35,1.8,CCI,2.3000000000000003,-23.741813126319034,-23.741813126319034,-17.66448323299169,-17.66448323299169,30m,23,23.0,EMA,47.82608695652174,47.82608695652174,COMPLETE
820,-1932.9280656362644,2026-01-16 12:51:55.450357,2026-01-16 12:52:00.370723,0 days 00:00:04.920366,15,2.3,2.7,1.6,101,CCI,PARABOLIC_SAR,2.0,15,15,12,0.0285,67,28,20,0.041,77,16,14,0.017,ATR,3.0,24,6.5,5m,EMA,False,True,True,False,False,True,False,0.35,35,1.8,CCI,2.0,-11.916755106570303,-11.916755106570303,4.940296753249946,4.940296753249946,5m,20,20.0,EMA,60.0,60.0,COMPLETE
821,-2039.303194750862,2026-01-16 12:51:55.508236,2026-01-16 12:52:00.480920,0 days 00:00:04.972684,12,2.3,2.7,1.6,101,CCI,PARABOLIC_SAR,2.0,52,33,12,0.028,67,28,20,0.033,77,16,14,0.02,ATR,3.0,24,6.5,30m,EMA,False,True,True,False,False,True,False,0.35,35,1.8,CCI,2.0,-19.63054735961537,-19.63054735961537,-15.534862362467381,-15.534862362467381,30m,24,24.0,EMA,50.0,50.0,COMPLETE
822,-704.6898309453263,2026-01-16 12:51:56.915376,2026-01-16 12:52:00.967935,0 days 00:00:04.052559,15,2.2,2.7,1.6,85,CCI,PARABOLIC_SAR,2.3000000000000003,49,33,12,0.0285,67,28,20,0.042,85,15,11,0.02,ATR,2.3,24,6.5,30m,EMA,False,True,False,False,False,True,False,0.35,35,1.8,CCI,2.3000000000000003,-20.47586291570213,-20.47586291570213,-1.9043900154918432,-1.9043900154918432,30m,48,48.0,EMA,47.91666666666667,47.91666666666667,COMPLETE
823,-2300.0,2026-01-16 12:51:57.840985,2026-01-16 12:52:03.706704,0 days 00:00:05.865719,12,2.3,2.7,1.6,85,KELTNER,PARABOLIC_SAR,2.0,50,35,11,0.030000000000000002,66,21,20,0.02,76,15,14,0.017,ATR,2.3,30,4.5,5m,EMA,False,True,False,False,False,True,False,0.32,35,1.6,KELTNER,2.0,0.0,0.0,0.0,0.0,5m,0,0.0,EMA,0.0,0.0,COMPLETE
824,-319.94389692213554,2026-01-16 12:51:58.185842,2026-01-16 12:52:06.105598,0 days 00:00:07.919756,12,2.3,2.7,1.6,91,CCI,PARABOLIC_SAR,2.0,52,35,11,0.030000000000000002,79,21,20,0.042,76,15,14,0.017,ATR,2.3,30,4.5,5m,EMA,False,True,False,False,False,True,False,0.32,35,1.6,CCI,2.0,-12.665446717816838,-12.665446717816838,39.05138208940341,39.05138208940341,5m,44,44.0,EMA,56.81818181818182,56.81818181818182,COMPLETE
825,-487.67231339739647,2026-01-16 12:51:59.228801,2026-01-16 12:52:07.998179,0 days 00:00:08.769378,14,2.2,2.7,1.7,86,CCI,PARABOLIC_SAR,2.1,50,35,11,0.002,66,20,20,0.038,76,15,14,0.02,ATR,2.3,27,8.0,5m,EMA,False,True,False,False,False,True,False,0.35,25,1.6,CCI,2.1,-1.3510895200631448,-1.3510895200631448,1.4723730907081394,1.4723730907081394,5m,48,48.0,EMA,50.0,50.0,COMPLETE
826,-2300.0,2026-01-16 12:52:00.773366,2026-01-16 12:52:08.579936,0 days 00:00:07.806570,11,2.2,2.7,1.7,84,KELTNER,PARABOLIC_SAR,2.1,49,35,11,0.030000000000000002,66,20,20,0.038,76,15,12,0.018000000000000002,ATR,2.5,27,4.5,5m,EMA,False,True,False,False,False,True,False,0.32,35,1.6,KELTNER,2.1,0.0,0.0,0.0,0.0,5m,0,0.0,EMA,0.0,0.0,COMPLETE
827,-2300.0,2026-01-16 12:52:00.902479,2026-01-16 12:52:10.160203,0 days 00:00:09.257724,11,2.2,2.7,1.7,91,KELTNER,PARABOLIC_SAR,2.1,50,35,11,0.030000000000000002,66,21,14,0.038,76,15,14,0.018000000000000002,ATR,2.3,27,4.5,5m,EMA,False,True,False,False,False,True,False,0.32,25,1.6,KELTNER,2.1,0.0,0.0,0.0,0.0,5m,0,0.0,EMA,0.0,0.0,COMPLETE
828,-2300.0,2026-01-16 12:52:01.116833,2026-01-16 12:52:11.608735,0 days 00:00:10.491902,11,2.2,2.4000000000000004,1.7,92,KELTNER,PARABOLIC_SAR,2.1,51,35,11,0.030000000000000002,66,21,20,0.038,76,15,14,0.018000000000000002,ATR,2.3,27,4.5,5m,EMA,False,True,False,False,False,True,False,0.32,25,1.6,KELTNER,2.1,0.0,0.0,0.0,0.0,5m,0,0.0,EMA,0.0,0.0,COMPLETE
829,-2300.0,2026-01-16 12:52:04.970941,2026-01-16 12:52:12.843942,0 days 00:00:07.873001,11,2.1,2.4000000000000004,1.7,91,CCI,PARABOLIC_SAR,2.4000000000000004,25,25,10,0.0335,79,20,20,0.038,76,15,12,0.018000000000000002,FIXED,2.5,27,4.5,5m,EMA,False,True,False,False,False,True,False,0.32,25,2.4000000000000004,CCI,2.4000000000000004,0.0,0.0,0.0,0.0,5m,0,0.0,EMA,0.0,0.0,COMPLETE
830,-2300.0,2026-01-16 12:52:06.299952,2026-01-16 12:52:12.772593,0 days 00:00:06.472641,11,2.1,2.4000000000000004,1.7,92,CCI,PARABOLIC_SAR,2.1,36,35,10,0.0335,65,20,19,0.038,78,19,12,0.011,FIXED,2.9000000000000004,27,4.5,1d,EMA,False,True,False,False,False,True,False,0.32999999999999996,25,3.0,CCI,2.1,0.0,0.0,0.0,0.0,1d,0,0.0,EMA,0.0,0.0,COMPLETE
831,-2300.0,2026-01-16 12:52:08.324161,2026-01-16 12:52:13.124696,0 days 00:00:04.800535,11,2.1,2.4000000000000004,1.7,93,CCI,PARABOLIC_SAR,2.2,24,35,10,0.0335,65,20,19,0.04,78,16,11,0.018000000000000002,FIXED,2.6,27,5.5,1d,EMA,False,True,False,False,False,True,False,0.32999999999999996,25,3.0,CCI,2.2,0.0,0.0,0.0,0.0,1d,0,0.0,EMA,0.0,0.0,COMPLETE
832,-2300.0,2026-01-16 12:52:09.756918,2026-01-16 12:52:15.897478,0 days 00:00:06.140560,11,2.1,2.5,1.7,92,CCI,PARABOLIC_SAR,2.2,36,35,10,0.035,65,20,19,0.04,78,16,11,0.014,FIXED,2.6,29,5.5,5m,EMA,False,True,False,False,False,True,False,0.32999999999999996,25,2.4000000000000004,CCI,2.2,0.0,0.0,0.0,0.0,5m,0,0.0,EMA,0.0,0.0,COMPLETE
833,-2300.0,2026-01-16 12:52:10.273773,2026-01-16 12:52:14.392143,0 days 00:00:04.118370,14,2.6,2.5,1.7,92,CCI,PARABOLIC_SAR,2.2,23,35,10,0.0335,65,20,19,0.04,78,23,11,0.012,FIXED,2.8,29,5.5,1d,EMA,False,True,False,False,False,True,False,0.32999999999999996,30,2.4000000000000004,CCI,2.2,0.0,0.0,0.0,0.0,1d,0,0.0,EMA,0.0,0.0,COMPLETE
834,-2300.0,2026-01-16 12:52:11.724242,2026-01-16 12:52:21.842153,0 days 00:00:10.117911,14,2.1,2.5,1.7,93,CCI,PARABOLIC_SAR,2.4000000000000004,23,35,10,0.0335,65,20,19,0.04,78,25,11,0.011,FIXED,2.7,29,5.5,5m,EMA,False,True,False,False,False,True,False,0.32999999999999996,30,1.4,CCI,2.4000000000000004,0.0,0.0,0.0,0.0,5m,0,0.0,EMA,0.0,0.0,COMPLETE
835,126.16832200582394,2026-01-16 12:52:12.802895,2026-01-16 12:52:18.009105,0 days 00:00:05.206210,14,1.9,2.5,1.5,93,CCI,PARABOLIC_SAR,2.2,64,35,12,0.0315,67,20,19,0.04,78,16,11,0.012,ATR,2.7,29,5.5,5m,EMA,False,True,False,False,False,True,False,0.33999999999999997,30,1.6,CCI,2.2,-19.89430338765771,-19.89430338765771,30.364192202687402,30.364192202687402,5m,63,63.0,EMA,46.03174603174603,46.03174603174603,COMPLETE
836,-98.75363145519532,2026-01-16 12:52:12.944477,2026-01-16 12:52:19.884628,0 days 00:00:06.940151,14,1.9,2.5,1.8,82,CCI,PARABOLIC_SAR,2.2,68,35,12,0.0315,67,20,19,0.04,78,16,11,0.012,ATR,2.7,29,5.5,5m,EMA,False,True,False,False,False,True,False,0.33999999999999997,30,1.4,CCI,2.2,-25.690678436564983,-25.690678436564983,24.068829343688535,24.068829343688535,5m,62,62.0,EMA,45.16129032258064,45.16129032258064,COMPLETE
837,-50.72449541437709,2026-01-16 12:52:13.210370,2026-01-16 12:52:23.574011,0 days 00:00:10.363641,14,1.9,2.5,1.8,87,CCI,PARABOLIC_SAR,2.4000000000000004,68,35,12,0.0315,67,20,19,0.041,77,23,13,0.012,ATR,2.1,29,5.0,5m,EMA,False,True,False,False,False,True,False,0.33999999999999997,30,2.6,CCI,2.4000000000000004,-26.177278660489694,-26.177278660489694,47.190185712534124,47.190185712534124,5m,62,62.0,EMA,48.38709677419355,48.38709677419355,COMPLETE
838,-127.7395285865623,2026-01-16 12:52:14.509320,2026-01-16 12:52:22.571024,0 days 00:00:08.061704,13,1.9,2.6,1.5,100,CCI,PARABOLIC_SAR,2.4000000000000004,68,34,12,0.035,67,20,20,0.041,77,16,13,0.014,ATR,1.6,6,5.0,5m,EMA,False,True,False,False,False,True,False,0.33999999999999997,30,2.2,CCI,2.4000000000000004,-23.295167434633036,-23.295167434633036,9.818978819104982,9.818978819104982,5m,61,61.0,EMA,45.90163934426229,45.90163934426229,COMPLETE
839,-2010.7054853904751,2026-01-16 12:52:16.000302,2026-01-16 12:52:25.530908,0 days 00:00:09.530606,13,1.9,2.6,1.5,99,CCI,PARABOLIC_SAR,2.3000000000000003,70,34,11,0.027,67,30,20,0.041,77,16,10,0.016,ATR,2.1,26,5.0,5m,EMA,False,True,False,False,False,True,False,0.5700000000000001,35,1.4,CCI,2.3000000000000003,-10.870523123349336,-10.870523123349336,-2.9326121753218817,-2.9326121753218817,5m,20,20.0,EMA,45.0,45.0,COMPLETE
840,74.62731064313539,2026-01-16 12:52:19.144865,2026-01-16 12:52:24.542349,0 days 00:00:05.397484,13,1.9,2.6,1.8,100,CCI,PARABOLIC_SAR,2.3000000000000003,44,34,11,0.027,68,30,20,0.041,77,16,10,0.020999999999999998,ATR,2.1,25,5.0,5m,EMA,False,True,False,False,False,True,False,0.33999999999999997,35,1.4,CCI,2.3000000000000003,-17.53397310973559,-17.53397310973559,9.057914988205535,9.057914988205535,5m,60,60.0,EMA,45.0,45.0,COMPLETE
841,-942.1809132283888,2026-01-16 12:52:20.559722,2026-01-16 12:52:27.230998,0 days 00:00:06.671276,13,1.9,2.6,1.8,99,CCI,PARABOLIC_SAR,2.4000000000000004,45,34,11,0.0445,68,30,20,0.041,77,17,10,0.022,ATR,2.0,25,5.0,5m,EMA,False,True,False,False,False,True,False,0.33999999999999997,35,1.8,CCI,2.4000000000000004,-31.785053753483293,-31.785053753483293,4.205511045310926,4.205511045310926,5m,60,60.0,EMA,45.0,45.0,COMPLETE
842,-933.759262262849,2026-01-16 12:52:22.401082,2026-01-16 12:52:28.709058,0 days 00:00:06.307976,13,1.9,2.6,1.8,100,CCI,PARABOLIC_SAR,2.5000000000000004,46,34,11,0.0455,68,30,20,0.041,77,17,13,0.016,ATR,2.1,25,5.0,5m,EMA,False,True,False,False,False,True,False,0.33999999999999997,35,2.6,CCI,2.5000000000000004,-30.94362661493172,-30.94362661493172,8.58813359200277,8.58813359200277,5m,60,60.0,EMA,45.0,45.0,COMPLETE
843,-1995.8745287645065,2026-01-16 12:52:22.633331,2026-01-16 12:52:27.503733,0 days 00:00:04.870402,13,2.0,2.6,1.8,88,CCI,PARABOLIC_SAR,2.3000000000000003,152,34,11,0.031,77,30,20,0.043000000000000003,77,17,10,0.015,ATR,2.1,25,5.0,5m,EMA,False,True,False,False,False,True,False,0.59,35,2.8,CCI,2.3000000000000003,-9.962012899325048,-9.962012899325048,1.0738391279787174,1.0738391279787174,5m,15,15.0,EMA,53.333333333333336,53.333333333333336,COMPLETE
844,-3267.2546217422014,2026-01-16 12:52:24.170449,2026-01-16 12:52:28.627409,0 days 00:00:04.456960,13,5.300000000000001,2.6,1.6,96,CCI,PARABOLIC_SAR,2.5000000000000004,46,34,11,0.027,68,30,20,0.043000000000000003,77,17,10,0.020999999999999998,ATR,2.1,25,5.0,5m,EMA,False,True,False,False,False,True,False,0.32,35,1.8,CCI,2.5000000000000004,-41.9729061808306,-41.9729061808306,20.931008588302742,20.931008588302742,5m,20,20.0,EMA,30.0,30.0,COMPLETE
845,145.11075752454053,2026-01-16 12:52:24.560979,2026-01-16 12:52:31.103827,0 days 00:00:06.542848,12,2.0,2.6,1.6,97,CCI,PARABOLIC_SAR,2.5000000000000004,34,29,11,0.031,68,21,20,0.036000000000000004,77,17,10,0.015,ATR,2.5,25,8.5,5m,EMA,False,True,False,False,False,True,False,0.32,40,1.8,CCI,2.5000000000000004,-16.619557490590882,-16.619557490590882,33.81450373118706,33.81450373118706,5m,53,53.0,EMA,50.943396226415096,50.943396226415096,COMPLETE
846,-3304.0525848010384,2026-01-16 12:52:25.566735,2026-01-16 12:52:31.918248,0 days 00:00:06.351513,12,5.2,2.8,1.6,96,CCI,PARABOLIC_SAR,2.5000000000000004,39,34,11,0.045,68,21,20,0.043000000000000003,77,17,10,0.015,ATR,2.5,25,6.0,5m,EMA,False,True,False,False,False,True,False,0.32,35,2.8,CCI,2.5000000000000004,-57.4299020365585,-57.4299020365585,-3.1152203990954326,-3.1152203990954326,5m,21,21.0,EMA,33.33333333333333,33.33333333333333,COMPLETE
847,-3281.470835238473,2026-01-16 12:52:27.280818,2026-01-16 12:52:34.545827,0 days 00:00:07.265009,12,5.4,2.8,2.9000000000000004,96,CCI,PARABOLIC_SAR,2.5000000000000004,39,34,11,0.031,68,21,20,0.036000000000000004,75,17,10,0.016,ATR,2.5,26,6.0,5m,EMA,False,True,False,False,False,True,False,0.32,40,2.8,CCI,2.5000000000000004,-47.96304491076414,-47.96304491076414,12.831347414615449,12.831347414615449,5m,20,20.0,EMA,25.0,25.0,COMPLETE
848,-323.0837457296275,2026-01-16 12:52:28.458154,2026-01-16 12:52:36.560893,0 days 00:00:08.102739,12,2.2,2.8,2.9000000000000004,96,CCI,PARABOLIC_SAR,2.5000000000000004,38,34,11,0.032,68,21,20,0.036000000000000004,75,16,10,0.016,ATR,2.5,28,6.0,5m,MACD,False,True,False,False,False,True,False,0.32,40,1.8,CCI,2.5000000000000004,-15.017370419434847,-15.017370419434847,42.33603294420822,42.33603294420822,5m,41,41.0,MACD,56.09756097560976,56.09756097560976,COMPLETE
849,-624.7064884392248,2026-01-16 12:52:28.947640,2026-01-16 12:52:39.575122,0 days 00:00:10.627482,12,2.1,2.8,1.6,95,CCI,PARABOLIC_SAR,2.3000000000000003,39,35,12,0.0325,66,21,21,0.036000000000000004,75,16,10,0.015,ATR,2.9000000000000004,28,6.0,5m,MACD,False,True,False,False,False,True,False,0.32999999999999996,40,1.6,CCI,2.3000000000000003,-20.724982355519543,-20.724982355519543,30.81208237371456,30.81208237371456,5m,45,45.0,MACD,51.11111111111111,51.11111111111111,COMPLETE
850,-251.44392761212748,2026-01-16 12:52:28.953342,2026-01-16 12:52:39.621504,0 days 00:00:10.668162,12,2.1,2.8,1.6,96,CCI,PARABOLIC_SAR,2.3000000000000003,32,35,12,0.032,66,22,21,0.036000000000000004,75,16,10,0.015,ATR,2.9000000000000004,28,6.0,5m,EMA,False,True,False,False,False,True,False,0.32999999999999996,35,1.6,CCI,2.3000000000000003,-10.778047903680298,-10.778047903680298,54.11781038679755,54.11781038679755,5m,48,48.0,EMA,56.25,56.25,COMPLETE
851,-343.0526108703134,2026-01-16 12:52:31.335676,2026-01-16 12:52:41.220878,0 days 00:00:09.885202,12,2.2,2.8,1.7,90,CCI,PARABOLIC_SAR,2.3000000000000003,40,35,12,0.032,66,21,21,0.034,75,16,10,0.016,ATR,2.4000000000000004,28,6.0,5m,MACD,False,True,False,False,False,True,False,0.32999999999999996,40,1.6,CCI,2.3000000000000003,-18.93810194705981,-18.93810194705981,41.312840260404606,41.312840260404606,5m,42,42.0,MACD,57.14285714285714,57.14285714285714,COMPLETE
852,-328.99482136091865,2026-01-16 12:52:32.596964,2026-01-16 12:52:41.281995,0 days 00:00:08.685031,12,2.2,2.8,1.7,89,CCI,PARABOLIC_SAR,2.3000000000000003,30,35,12,0.032,66,20,19,0.042,77,16,14,0.016,ATR,2.4000000000000004,28,7.0,5m,EMA,False,True,False,False,False,True,False,0.32999999999999996,40,1.6,CCI,2.3000000000000003,-14.569480457104126,-14.569480457104126,39.60891139667423,39.60891139667423,5m,49,49.0,EMA,57.14285714285714,57.14285714285714,COMPLETE
853,-622.6244092601364,2026-01-16 12:52:34.727040,2026-01-16 12:52:48.856593,0 days 00:00:14.129553,12,2.2,2.7,1.7,88,CCI,PARABOLIC_SAR,2.3000000000000003,30,35,12,0.032,66,29,19,0.042,77,16,14,0.017,ATR,2.4000000000000004,28,4.5,5m,MACD,False,True,False,False,False,True,False,0.32999999999999996,40,1.6,CCI,2.3000000000000003,-26.873249026335976,-26.873249026335976,37.40275591024558,37.40275591024558,5m,42,42.0,MACD,54.761904761904766,54.761904761904766,COMPLETE
854,287.8281779998315,2026-01-16 12:52:36.785362,2026-01-16 12:52:47.710094,0 days 00:00:10.924732,15,2.1,2.7,1.7,89,CCI,PARABOLIC_SAR,2.3000000000000003,31,35,12,0.035500000000000004,66,20,21,0.042,77,16,14,0.017,ATR,2.9000000000000004,28,7.0,5m,EMA,False,True,False,False,False,True,False,0.32999999999999996,25,1.6,CCI,2.3000000000000003,-15.711652029950566,-15.711652029950566,64.45495192439064,64.45495192439064,5m,50,50.0,EMA,56.00000000000001,56.00000000000001,COMPLETE
855,-473.4945318344735,2026-01-16 12:52:39.907730,2026-01-16 12:52:50.598573,0 days 00:00:10.690843,10,2.4,2.7,1.7,89,CCI,PARABOLIC_SAR,2.3000000000000003,28,35,12,0.0035,69,20,19,0.042,77,16,14,0.014,ATR,2.4000000000000004,30,7.0,5m,SUPERTREND,False,True,False,False,False,False,False,0.32999999999999996,25,1.6,CCI,2.3000000000000003,-1.9135669727653708,-1.9135669727653708,3.427952775227302,3.427952775227302,5m,40,40.0,SUPERTREND,47.5,47.5,COMPLETE
856,-1380.6633173225036,2026-01-16 12:52:39.910231,2026-01-16 12:52:47.632039,0 days 00:00:07.721808,10,2.4,1.4,1.7,88,CCI,PARABOLIC_SAR,2.3000000000000003,30,35,12,0.036000000000000004,69,20,19,0.042,77,16,14,0.014,ATR,2.4000000000000004,30,4.5,5m,EMA,False,True,False,False,False,False,False,0.32999999999999996,25,1.6,CCI,2.3000000000000003,-46.35357321539541,-46.35357321539541,80.98077819992778,80.98077819992778,5m,49,49.0,EMA,40.816326530612244,40.816326530612244,COMPLETE
857,-943.7220064709727,2026-01-16 12:52:41.334503,2026-01-16 12:52:47.930094,0 days 00:00:06.595591,14,2.4,2.7,1.7,87,CCI,PARABOLIC_SAR,2.2,54,35,12,0.0375,69,20,19,0.037,76,15,14,0.014,ATR,1.9,30,4.5,5m,EMA,False,True,False,False,False,False,False,0.35,25,1.8,CCI,2.2,-40.446078680086,-40.446078680086,3.9232434516273793,3.9232434516273793,5m,51,51.0,EMA,41.17647058823529,41.17647058823529,COMPLETE
858,-485.3080807580536,2026-01-16 12:52:41.386745,2026-01-16 12:52:48.806801,0 days 00:00:07.420056,10,2.4,2.7,1.7,86,CCI,PARABOLIC_SAR,2.2,54,35,12,0.0035,69,20,19,0.037,76,15,14,0.014,ATR,2.6,30,4.5,5m,SUPERTREND,False,True,False,False,False,True,False,0.35,25,1.8,CCI,2.2,-2.9384741934091534,-2.9384741934091534,2.1610722705762133,2.1610722705762133,5m,34,34.0,SUPERTREND,50.0,50.0,COMPLETE
859,-1543.5267408391355,2026-01-16 12:52:48.140894,2026-01-16 12:52:52.488074,0 days 00:00:04.347180,15,2.1,2.7,1.7,81,CCI,PARABOLIC_SAR,2.4000000000000004,26,34,11,0.035,66,20,21,0.039,77,16,11,0.017,ATR,3.0,26,6.5,4h,SUPERTREND,False,True,False,False,False,True,False,0.33999999999999997,25,1.4,CCI,2.4000000000000004,-42.45913800229403,-42.45913800229403,-28.01781738670559,-28.01781738670559,4h,38,38.0,SUPERTREND,39.473684210526315,39.473684210526315,COMPLETE
860,-1439.4779110918307,2026-01-16 12:52:48.728108,2026-01-16 12:52:52.004946,0 days 00:00:03.276838,15,3.7,2.7,1.7,23,CCI,PARABOLIC_SAR,2.4000000000000004,26,34,11,0.037,66,20,21,0.014,77,16,11,0.017,ATR,3.0,26,6.5,4h,EMA,False,True,False,False,False,True,False,0.33999999999999997,25,1.4,CCI,2.4000000000000004,-34.73256184943235,-34.73256184943235,34.41857229228854,34.41857229228854,4h,33,33.0,EMA,45.45454545454545,45.45454545454545,COMPLETE
861,180.937884292538,2026-01-16 12:52:48.772570,2026-01-16 12:52:53.423682,0 days 00:00:04.651112,14,2.1,2.7,1.7,90,CCI,PARABOLIC_SAR,2.4000000000000004,27,16,11,0.035500000000000004,66,22,21,0.022,77,16,11,0.017,ATR,3.0,26,6.5,5m,EMA,False,True,False,False,False,True,False,0.33999999999999997,25,1.4,CCI,2.4000000000000004,-17.952572993726903,-17.952572993726903,48.886514103645176,48.886514103645176,5m,55,55.0,EMA,52.72727272727272,52.72727272727272,COMPLETE
862,-1539.1210717610265,2026-01-16 12:52:49.494897,2026-01-16 12:52:53.028457,0 days 00:00:03.533560,14,2.1,2.7,1.7,84,CCI,PARABOLIC_SAR,2.4000000000000004,27,34,10,0.035500000000000004,66,22,21,0.039,77,16,11,0.017,ATR,3.1,26,7.0,4h,EMA,False,True,False,False,False,True,False,0.33999999999999997,25,1.4,CCI,2.4000000000000004,-45.76411941860994,-45.76411941860994,-26.34508484272149,-26.34508484272149,4h,47,47.0,EMA,42.5531914893617,42.5531914893617,COMPLETE
863,-1540.679660160391,2026-01-16 12:52:49.524760,2026-01-16 12:52:52.407302,0 days 00:00:02.882542,15,2.1,2.7,1.7,82,CCI,PARABOLIC_SAR,2.4000000000000004,26,34,10,0.036000000000000004,66,20,21,0.039,77,16,11,0.017,ATR,3.0,26,6.5,4h,EMA,False,True,False,False,False,True,False,0.33999999999999997,25,1.4,CCI,2.4000000000000004,-40.306481164644715,-40.306481164644715,-25.367791471773188,-25.367791471773188,4h,46,46.0,EMA,43.47826086956522,43.47826086956522,COMPLETE
864,-1546.0005239899456,2026-01-16 12:52:50.674113,2026-01-16 12:52:53.597976,0 days 00:00:02.923863,15,2.1,2.6,1.7,84,CCI,PARABOLIC_SAR,2.8000000000000003,34,34,10,0.0375,66,20,21,0.039,77,18,10,0.017,ATR,2.9000000000000004,26,6.5,4h,EMA,False,True,False,False,False,True,False,0.33999999999999997,25,1.4,CCI,2.8000000000000003,-54.762164538515776,-54.762164538515776,-34.41479265739788,-34.41479265739788,4h,47,47.0,EMA,42.5531914893617,42.5531914893617,COMPLETE
865,-3364.274230474479,2026-01-16 12:52:52.136868,2026-01-16 12:52:57.390210,0 days 00:00:05.253342,15,2.1,2.5,1.6,83,CCI,PARABOLIC_SAR,2.4000000000000004,35,34,11,0.035500000000000004,66,20,21,0.039,79,16,10,0.018000000000000002,ATR,3.1,26,6.5,1h,EMA,True,True,False,False,False,True,False,0.47,25,1.6,CCI,2.4000000000000004,-43.38071861760543,-43.38071861760543,-41.9142525783659,-41.9142525783659,1h,29,29.0,EMA,34.48275862068966,34.48275862068966,COMPLETE
866,-1525.6647573943983,2026-01-16 12:52:53.004062,2026-01-16 12:52:55.036203,0 days 00:00:02.032141,14,2.2,2.6,1.6,92,CCI,PARABOLIC_SAR,2.6,34,35,11,0.038,65,20,21,0.04,76,15,13,0.018000000000000002,ATR,2.9000000000000004,22,6.5,1h,EMA,True,True,False,False,False,True,False,0.32999999999999996,25,2.2,CCI,2.6,-30.553066764412385,-30.553066764412385,-13.462784058162732,-13.462784058162732,1h,48,48.0,EMA,43.75,43.75,COMPLETE
867,-316.2959829633546,2026-01-16 12:52:53.034477,2026-01-16 12:52:56.775835,0 days 00:00:03.741358,14,2.2,2.6,1.6,91,CCI,PARABOLIC_SAR,2.6,34,35,11,0.035,65,20,20,0.024,76,15,13,0.019000000000000003,ATR,2.9000000000000004,24,7.5,5m,EMA,True,True,False,False,False,True,False,0.32999999999999996,25,2.2,CCI,2.6,-18.268895251512962,-18.268895251512962,50.47736918197149,50.47736918197149,5m,49,49.0,EMA,55.10204081632652,55.10204081632652,COMPLETE
868,244.95493224707207,2026-01-16 12:52:53.089423,2026-01-16 12:52:57.673887,0 days 00:00:04.584464,14,2.2,2.6,1.6,91,CCI,PARABOLIC_SAR,2.6,36,35,11,0.0345,65,20,20,0.04,76,15,13,0.019000000000000003,ATR,2.9000000000000004,32,6.5,5m,EMA,True,True,False,False,False,True,False,0.32999999999999996,25,1.6,CCI,2.6,-18.027949637833537,-18.027949637833537,54.264334069900656,54.264334069900656,5m,50,50.0,EMA,56.00000000000001,56.00000000000001,COMPLETE
869,-3035.0141545109364,2026-01-16 12:52:53.684547,2026-01-16 12:52:57.918110,0 days 00:00:04.233563,14,2.3,2.5,1.6,93,CCI,PARABOLIC_SAR,2.6,20,26,11,0.0345,65,26,21,0.04,76,22,10,0.018000000000000002,ATR,2.0,22,6.0,1h,SMA,True,True,False,False,False,True,True,0.32999999999999996,20,1.6,CCI,2.6,-39.09408620567961,-39.09408620567961,-21.429292319747457,-21.429292319747457,1h,27,27.0,SMA,48.148148148148145,48.148148148148145,COMPLETE
870,-2161.772058903396,2026-01-16 12:52:53.536903,2026-01-16 12:52:58.506472,0 days 00:00:04.969569,14,2.2,2.5,1.6,93,CCI,PARABOLIC_SAR,2.6,21,35,11,0.0345,65,26,21,0.032,76,15,10,0.018000000000000002,ATR,2.8,24,6.0,1h,SMA,True,True,False,False,False,True,True,0.32999999999999996,30,1.6,CCI,2.6,-20.472386588882415,-20.472386588882415,-4.779735900249146,-4.779735900249146,1h,24,24.0,SMA,62.5,62.5,COMPLETE
871,-1819.0912490656347,2026-01-16 12:52:55.128468,2026-01-16 12:53:02.129465,0 days 00:00:07.000997,14,2.3,2.5,1.6,93,CCI,PARABOLIC_SAR,2.4000000000000004,21,33,12,0.034,67,20,21,0.038,76,16,10,0.019000000000000003,ATR,2.8,24,6.0,5m,SMA,False,True,False,False,False,True,True,0.32999999999999996,25,1.6,CCI,2.4000000000000004,-17.114244549715394,-17.114244549715394,47.413766387945714,47.413766387945714,5m,25,25.0,SMA,72.0,72.0,COMPLETE
872,-1864.809932912939,2026-01-16 12:52:57.359614,2026-01-16 12:53:01.421321,0 days 00:00:04.061707,13,2.0,2.5,1.6,93,CCI,PARABOLIC_SAR,2.4000000000000004,43,33,12,0.0345,67,29,21,0.038,78,16,10,0.019000000000000003,ATR,1.8,29,6.0,5m,SMA,False,True,False,False,False,True,True,0.35,30,1.6,CCI,2.4000000000000004,-13.255892203492012,-13.255892203492012,26.302633256928203,26.302633256928203,5m,26,26.0,SMA,69.23076923076923,69.23076923076923,COMPLETE
873,-685.1397739240865,2026-01-16 12:52:57.487717,2026-01-16 12:53:04.426704,0 days 00:00:06.938987,13,2.0,2.6,1.6,63,CCI,PARABOLIC_SAR,2.3000000000000003,18,26,12,0.034,67,21,21,0.031,78,16,10,0.019000000000000003,ATR,2.0,29,6.0,5m,SMA,False,True,False,False,False,True,True,0.32999999999999996,20,1.6,CCI,2.3000000000000003,-27.353322062216762,-27.353322062216762,7.265064037083602,7.265064037083602,5m,34,34.0,SMA,50.0,50.0,COMPLETE
874,-2108.620165388763,2026-01-16 12:52:57.859748,2026-01-16 12:53:07.092424,0 days 00:00:09.232676,15,2.0,2.5,1.6,86,CCI,PARABOLIC_SAR,2.7,20,33,11,0.036000000000000004,65,21,20,0.041,78,25,12,0.019000000000000003,ATR,2.8,9,6.5,5m,SMA,True,True,False,False,False,True,True,0.32999999999999996,20,1.6,CCI,2.7,-22.388950072630774,-22.388950072630774,17.793540547036564,17.793540547036564,5m,27,27.0,SMA,59.25925925925925,59.25925925925925,COMPLETE
875,-73.80818171135343,2026-01-16 12:52:58.051870,2026-01-16 12:53:07.030177,0 days 00:00:08.978307,15,2.0,2.3,1.7,88,CCI,PARABOLIC_SAR,2.6,32,28,11,0.036500000000000005,65,21,20,0.041,78,15,12,0.02,ATR,2.8,32,7.0,5m,ICHIMOKU,True,True,False,False,False,True,False,0.32,30,1.6,CCI,2.6,-29.070040795096276,-29.070040795096276,38.7239138878775,38.7239138878775,5m,58,58.0,ICHIMOKU,51.724137931034484,51.724137931034484,COMPLETE
876,-29.60544272824791,2026-01-16 12:52:58.579775,2026-01-16 12:53:08.720278,0 days 00:00:10.140503,15,2.0,2.6,1.7,90,CCI,PARABOLIC_SAR,2.7,33,33,11,0.034,65,21,20,0.041,78,15,12,0.02,ATR,2.8,31,7.0,5m,ICHIMOKU,True,True,False,False,False,True,False,0.32,30,1.6,CCI,2.7,-22.42517958908163,-22.42517958908163,51.82401728407978,51.82401728407978,5m,56,56.0,ICHIMOKU,53.57142857142857,53.57142857142857,COMPLETE
877,-87.94573222644885,2026-01-16 12:53:02.032065,2026-01-16 12:53:10.567752,0 days 00:00:08.535687,15,2.0,2.3,1.7,86,CCI,PARABOLIC_SAR,2.6,32,35,11,0.034,65,21,20,0.041,78,15,12,0.02,ATR,2.8,27,6.5,5m,ICHIMOKU,True,True,False,False,False,True,False,0.32,35,1.6,CCI,2.6,-28.472036720924223,-28.472036720924223,31.123863554271242,31.123863554271242,5m,56,56.0,ICHIMOKU,50.0,50.0,COMPLETE
878,-1897.4411243153818,2026-01-16 12:53:02.431124,2026-01-16 12:53:12.290028,0 days 00:00:09.858904,15,4.1,2.6,1.7,89,CCI,PARABOLIC_SAR,2.7,34,35,11,0.034,65,21,20,0.041,78,15,12,0.02,ATR,2.8,32,7.0,5m,EMA,True,True,False,False,False,True,False,0.32,35,1.6,CCI,2.7,-22.38344554877359,-22.38344554877359,108.58447407157294,108.58447407157294,5m,23,23.0,EMA,56.52173913043478,56.52173913043478,COMPLETE
879,-77.43383256740253,2026-01-16 12:53:04.866846,2026-01-16 12:53:16.304047,0 days 00:00:11.437201,15,2.0,2.6,1.7,86,CCI,PARABOLIC_SAR,2.6,36,35,11,0.036500000000000005,65,24,20,0.041,78,15,12,0.02,ATR,2.9000000000000004,32,7.0,5m,EMA,True,True,False,False,False,True,False,0.32,35,1.6,CCI,2.6,-27.248674927788635,-27.248674927788635,35.39033938248705,35.39033938248705,5m,55,55.0,EMA,50.90909090909091,50.90909090909091,COMPLETE
880,-16.637071833618393,2026-01-16 12:53:07.144616,2026-01-16 12:53:18.475787,0 days 00:00:11.331171,15,2.0,2.6,1.7,89,CCI,PARABOLIC_SAR,2.7,36,35,11,0.0335,65,20,20,0.042,77,15,13,0.02,ATR,2.9000000000000004,31,7.0,5m,EMA,True,True,False,False,False,True,False,0.32,35,2.6,CCI,2.7,-22.277790747393155,-22.277790747393155,57.16387794948729,57.16387794948729,5m,55,55.0,EMA,54.54545454545454,54.54545454545454,COMPLETE
881,-18.065968414283816,2026-01-16 12:53:07.213978,2026-01-16 12:53:16.412767,0 days 00:00:09.198789,15,2.0,2.6,1.7,91,CCI,PARABOLIC_SAR,2.7,35,35,11,0.0335,65,20,20,0.042,77,15,13,0.02,ATR,2.9000000000000004,32,7.0,5m,EMA,True,True,False,False,False,True,False,0.32,35,2.6,CCI,2.7,-22.277247833690257,-22.277247833690257,56.55052004210437,56.55052004210437,5m,55,55.0,EMA,54.54545454545454,54.54545454545454,COMPLETE
882,272.352610978116,2026-01-16 12:53:08.861920,2026-01-16 12:53:18.881435,0 days 00:00:10.019515,14,2.1,2.6,1.7,90,CCI,PARABOLIC_SAR,2.5000000000000004,37,35,11,0.036500000000000005,66,27,20,0.04,77,15,13,0.013000000000000001,ATR,2.9000000000000004,31,6.5,5m,EMA,True,True,False,False,False,True,False,0.32,35,1.6,CCI,2.5000000000000004,-17.06309980678686,-17.06309980678686,80.3811775397345,80.3811775397345,5m,51,51.0,EMA,54.90196078431373,54.90196078431373,COMPLETE
883,-64.85709661793408,2026-01-16 12:53:10.912688,2026-01-16 12:53:20.204529,0 days 00:00:09.291841,14,2.3,2.6,1.7,53,CCI,PARABOLIC_SAR,2.5000000000000004,38,35,11,0.033,65,20,20,0.042,77,15,13,0.013000000000000001,ATR,3.0,23,6.5,5m,EMA,True,True,False,False,False,True,False,0.32,35,1.6,CCI,2.5000000000000004,-27.668632185011273,-27.668632185011273,41.93157263992564,41.93157263992564,5m,57,57.0,EMA,50.877192982456144,50.877192982456144,COMPLETE
884,245.0225027648694,2026-01-16 12:53:12.410225,2026-01-16 12:53:21.015940,0 days 00:00:08.605715,14,2.2,2.7,1.7,91,CCI,PARABOLIC_SAR,2.5000000000000004,60,35,11,0.037,65,24,20,0.04,77,15,13,0.013000000000000001,ATR,3.1,31,6.5,5m,EMA,True,True,False,False,False,True,False,0.32,50,1.6,CCI,2.5000000000000004,-17.91490355585939,-17.91490355585939,54.07280269761742,54.07280269761742,5m,50,50.0,EMA,56.00000000000001,56.00000000000001,COMPLETE
885,-298.1578622241359,2026-01-16 12:53:16.490107,2026-01-16 12:53:25.329411,0 days 00:00:08.839304,14,2.2,2.1,1.5,91,CCI,PARABOLIC_SAR,2.5000000000000004,38,34,10,0.035,65,20,20,0.04,77,21,13,0.013000000000000001,ATR,2.2,31,6.5,5m,EMA,True,True,False,False,False,True,False,0.43,35,1.4,CCI,2.5000000000000004,-16.680149198214753,-16.680149198214753,54.10841823006097,54.10841823006097,5m,35,35.0,EMA,62.857142857142854,62.857142857142854,COMPLETE
886,-322.2170423958896,2026-01-16 12:53:16.590064,2026-01-16 12:53:24.387851,0 days 00:00:07.797787,14,2.2,2.7,1.5,90,CCI,PARABOLIC_SAR,2.5000000000000004,59,34,10,0.033,65,20,20,0.034,77,15,13,0.013000000000000001,ATR,2.2,31,6.5,5m,EMA,True,True,False,False,False,True,False,0.32999999999999996,35,1.4,CCI,2.5000000000000004,-16.46980638717342,-16.46980638717342,45.171313611813495,45.171313611813495,5m,49,49.0,EMA,59.183673469387756,59.183673469387756,COMPLETE
887,-370.47098545652443,2026-01-16 12:53:18.868875,2026-01-16 12:53:27.408298,0 days 00:00:08.539423,14,2.3,2.7,1.7,94,CCI,PARABOLIC_SAR,2.5000000000000004,40,34,11,0.035,65,20,20,0.04,77,15,13,0.013000000000000001,ATR,2.2,31,6.5,5m,EMA,True,True,False,False,False,True,False,0.43,30,1.6,CCI,2.5000000000000004,-14.598228514244802,-14.598228514244802,26.064396101821703,26.064396101821703,5m,35,35.0,EMA,62.857142857142854,62.857142857142854,COMPLETE
888,-654.9980632537754,2026-01-16 12:53:19.902526,2026-01-16 12:53:26.672106,0 days 00:00:06.769580,14,2.5,2.8,1.8,86,CCI,PARABOLIC_SAR,2.5000000000000004,41,34,11,0.037,65,20,20,0.04,77,15,13,0.013000000000000001,ATR,3.0,31,6.5,5m,EMA,True,True,False,False,False,True,False,0.32999999999999996,35,1.4,CCI,2.5000000000000004,-25.767854013760598,-25.767854013760598,21.17665737633996,21.17665737633996,5m,41,41.0,EMA,46.34146341463415,46.34146341463415,COMPLETE
889,-628.4445104714978,2026-01-16 12:53:20.786537,2026-01-16 12:53:28.886333,0 days 00:00:08.099796,14,2.3,2.7,1.5,86,CCI,PARABOLIC_SAR,2.5000000000000004,41,34,10,0.038,65,20,20,0.04,77,21,13,0.013000000000000001,ATR,3.0,32,6.5,5m,EMA,True,True,False,False,False,True,False,0.32999999999999996,35,1.4,CCI,2.5000000000000004,-25.096028601226084,-25.096028601226084,33.106868558234254,33.106868558234254,5m,45,45.0,EMA,53.333333333333336,53.333333333333336,COMPLETE
890,-349.3651535478921,2026-01-16 12:53:21.533033,2026-01-16 12:53:29.977657,0 days 00:00:08.444624,14,2.3,2.8,1.6,90,CCI,PARABOLIC_SAR,2.5000000000000004,61,35,10,0.0345,65,23,20,0.04,79,15,13,0.012,ATR,3.0,32,6.5,5m,EMA,True,True,False,False,False,True,False,0.43,50,1.4,CCI,2.5000000000000004,-13.911901895740254,-13.911901895740254,32.01019095740044,32.01019095740044,5m,34,34.0,EMA,64.70588235294117,64.70588235294117,COMPLETE
891,-657.0008457457934,2026-01-16 12:53:25.310737,2026-01-16 12:53:35.629135,0 days 00:00:10.318398,14,2.5,2.8,1.6,86,CCI,PARABOLIC_SAR,2.5000000000000004,59,35,11,0.0375,65,24,20,0.04,76,15,13,0.011,ATR,3.0,30,6.5,5m,EMA,True,True,False,False,False,True,False,0.32999999999999996,50,1.4,CCI,2.5000000000000004,-27.168031150187566,-27.168031150187566,20.930903206226137,20.930903206226137,5m,41,41.0,EMA,46.34146341463415,46.34146341463415,COMPLETE
892,-1980.4870200928349,2026-01-16 12:53:25.700307,2026-01-16 12:53:32.138085,0 days 00:00:06.437778,14,2.3,2.8,1.6,86,CCI,PARABOLIC_SAR,2.5000000000000004,62,35,11,0.037,65,23,20,0.04,76,15,13,0.011,ATR,3.4000000000000004,32,6.5,5m,EMA,True,True,True,False,False,True,False,0.44999999999999996,35,1.6,CCI,2.5000000000000004,-10.748898697707146,-10.748898697707146,5.309907002241141,5.309907002241141,5m,12,12.0,EMA,50.0,50.0,COMPLETE
893,-2212.825016513464,2026-01-16 12:53:27.303892,2026-01-16 12:53:37.239122,0 days 00:00:09.935230,14,2.5,2.7,1.6,87,CCI,PARABOLIC_SAR,2.6,61,35,11,0.0385,65,23,20,0.04,76,15,13,0.013000000000000001,ATR,3.4000000000000004,32,6.5,5m,EMA,True,True,True,False,False,True,False,0.32999999999999996,55,1.6,CCI,2.6,-29.38496418216795,-29.38496418216795,-6.5630516945836135,-6.5630516945836135,5m,22,22.0,EMA,40.909090909090914,40.909090909090914,COMPLETE
894,-1857.4343708562437,2026-01-16 12:53:27.686630,2026-01-16 12:53:36.622681,0 days 00:00:08.936051,14,2.3,2.8,1.6,70,CCI,PARABOLIC_SAR,2.6,65,35,11,0.038,65,23,20,0.04,76,15,13,0.011,ATR,3.0,31,6.5,5m,EMA,True,True,True,False,False,True,False,0.32999999999999996,50,1.6,CCI,2.6,-17.82011129838752,-17.82011129838752,34.39759070619755,34.39759070619755,5m,25,25.0,EMA,56.00000000000001,56.00000000000001,COMPLETE
895,-1482.3125537962642,2026-01-16 12:53:29.005533,2026-01-16 12:53:38.387719,0 days 00:00:09.382186,14,2.5,2.7,1.6,82,CCI,PARABOLIC_SAR,2.6,62,35,11,0.0395,65,29,20,0.04,76,15,13,0.012,ATR,3.2,32,6.5,5m,EMA,True,True,False,False,False,True,False,0.33999999999999997,35,1.6,CCI,2.6,-32.786490537382726,-32.786490537382726,9.701190820686776,9.701190820686776,5m,42,42.0,EMA,45.23809523809524,45.23809523809524,COMPLETE
896,-3014.668526584814,2026-01-16 12:53:30.021246,2026-01-16 12:53:40.203103,0 days 00:00:10.181857,14,2.4,2.4000000000000004,1.6,83,CCI,PARABOLIC_SAR,2.6,64,35,11,0.036500000000000005,65,23,20,0.04,76,15,13,0.013000000000000001,ATR,3.2,31,6.5,5m,EMA,True,True,True,False,True,True,False,0.33999999999999997,35,1.6,CCI,2.6,-33.559779407043564,-33.559779407043564,-8.164203952363284,-8.164203952363284,5m,23,23.0,EMA,39.130434782608695,39.130434782608695,COMPLETE
897,-912.5025791686821,2026-01-16 12:53:32.839417,2026-01-16 12:53:42.254996,0 days 00:00:09.415579,14,2.2,2.4000000000000004,1.6,83,CCI,PARABOLIC_SAR,2.6,59,35,11,0.038,65,29,20,0.041,76,15,13,0.011,ATR,3.3000000000000003,32,6.5,5m,EMA,True,True,False,False,True,True,False,0.33999999999999997,50,1.6,CCI,2.6,-32.93296064200177,-32.93296064200177,20.62434072248619,20.62434072248619,5m,52,52.0,EMA,46.15384615384615,46.15384615384615,COMPLETE
898,-1516.9285651324608,2026-01-16 12:53:36.175018,2026-01-16 12:53:44.377963,0 days 00:00:08.202945,14,2.6,2.4000000000000004,1.8,82,CCI,PARABOLIC_SAR,2.6,65,35,11,0.0385,66,22,20,0.041,76,15,13,0.012,ATR,3.1,31,6.5,5m,EMA,True,True,False,False,True,True,False,0.33999999999999997,55,1.6,CCI,2.6,-43.91860910096854,-43.91860910096854,-11.121804928941513,-11.121804928941513,5m,46,46.0,EMA,41.30434782608695,41.30434782608695,COMPLETE
899,-1548.7083828676077,2026-01-16 12:53:36.752747,2026-01-16 12:53:43.216085,0 days 00:00:06.463338,14,2.2,2.5,1.7,83,CCI,PARABOLIC_SAR,2.6,57,35,11,0.0385,66,25,20,0.041,76,15,13,0.012,ATR,3.2,32,6.5,2h,EMA,True,True,False,False,False,True,False,0.33999999999999997,55,1.6,CCI,2.6,-48.13366988818893,-48.13366988818893,-33.801255308053854,-33.801255308053854,2h,47,47.0,EMA,38.297872340425535,38.297872340425535,COMPLETE
900,-903.1665209644898,2026-01-16 12:53:38.278074,2026-01-16 12:53:44.474692,0 days 00:00:06.196618,14,2.2,2.4000000000000004,1.8,82,CCI,PARABOLIC_SAR,2.8000000000000003,58,35,11,0.036500000000000005,66,27,20,0.042,77,24,13,0.012,ATR,1.9,32,7.0,5m,EMA,True,True,False,False,False,True,False,0.33999999999999997,55,1.6,CCI,2.8000000000000003,-35.73333628965764,-35.73333628965764,27.11061787438423,27.11061787438423,5m,50,50.0,EMA,50.0,50.0,COMPLETE
901,253.4077343052213,2026-01-16 12:53:38.485420,2026-01-16 12:53:45.031890,0 days 00:00:06.546470,14,2.2,2.4000000000000004,2.8,90,CCI,PARABOLIC_SAR,2.4000000000000004,56,35,11,0.036500000000000005,66,22,20,0.042,77,15,13,0.012,ATR,2.9000000000000004,31,7.0,5m,EMA,True,True,False,False,False,True,False,0.33999999999999997,55,1.6,CCI,2.4000000000000004,-18.979493367887173,-18.979493367887173,59.3427130152717,59.3427130152717,5m,50,50.0,EMA,56.00000000000001,56.00000000000001,COMPLETE
902,224.849393752771,2026-01-16 12:53:40.287552,2026-01-16 12:53:46.340177,0 days 00:00:06.052625,11,2.2,2.5,1.8,92,CCI,PARABOLIC_SAR,2.4000000000000004,56,35,11,0.036500000000000005,76,24,20,0.042,77,15,13,0.014,ATR,3.1,31,7.0,5m,EMA,True,True,False,False,False,True,False,0.33999999999999997,55,1.6,CCI,2.4000000000000004,-18.279426038229616,-18.279426038229616,47.15178065290703,47.15178065290703,5m,50,50.0,EMA,56.00000000000001,56.00000000000001,COMPLETE
903,275.5763705790505,2026-01-16 12:53:42.601939,2026-01-16 12:53:47.313542,0 days 00:00:04.711603,11,2.1,2.5,1.8,90,CCI,PARABOLIC_SAR,2.4000000000000004,55,35,11,0.036500000000000005,66,22,20,0.018000000000000002,77,19,13,0.014,ATR,2.9000000000000004,30,6.5,5m,EMA,True,True,False,False,False,True,False,0.32999999999999996,55,1.6,CCI,2.4000000000000004,-17.036591051226743,-17.036591051226743,81.46629115826215,81.46629115826215,5m,51,51.0,EMA,54.90196078431373,54.90196078431373,COMPLETE
904,-80.02599855205608,2026-01-16 12:53:43.740344,2026-01-16 12:53:47.961538,0 days 00:00:04.221194,11,2.1,2.5,1.8,90,CCI,PARABOLIC_SAR,2.8000000000000003,53,35,11,0.037,66,22,20,0.042,77,16,13,0.012,ATR,3.1,30,7.5,30m,EMA,True,True,False,False,False,True,False,0.32,50,1.6,CCI,2.8000000000000003,-20.568797756646322,-20.568797756646322,28.49674637664603,28.49674637664603,30m,51,51.0,EMA,49.01960784313725,49.01960784313725,COMPLETE
905,287.2513910734706,2026-01-16 12:53:44.429927,2026-01-16 12:53:48.156222,0 days 00:00:03.726295,11,2.1,2.6,1.7,90,CCI,PARABOLIC_SAR,2.8000000000000003,55,35,11,0.036000000000000004,80,22,20,0.042,77,18,13,0.014,ATR,3.1,31,7.0,5m,EMA,True,True,False,False,False,True,False,0.32999999999999996,50,1.6,CCI,2.8000000000000003,-18.697803646136478,-18.697803646136478,90.9043930402474,90.9043930402474,5m,51,51.0,EMA,54.90196078431373,54.90196078431373,COMPLETE
906,-3036.154005196936,2026-01-16 12:53:44.625380,2026-01-16 12:53:49.464526,0 days 00:00:04.839146,11,2.1,2.6,1.7,90,CCI,PARABOLIC_SAR,2.4000000000000004,54,35,10,0.036500000000000005,76,22,20,0.042,77,17,13,0.014,ATR,3.3000000000000003,30,6.0,30m,EMA,True,True,False,True,False,True,False,0.35,50,2.8,CCI,2.4000000000000004,-33.54575134939315,-33.54575134939315,-20.117301050846603,-20.117301050846603,30m,26,26.0,EMA,42.30769230769231,42.30769230769231,COMPLETE
907,-3351.6110989611366,2026-01-16 12:53:45.439041,2026-01-16 12:53:48.281718,0 days 00:00:02.842677,15,2.4,2.6,1.8,89,CCI,PARABOLIC_SAR,2.4000000000000004,54,35,11,0.036500000000000005,66,22,20,0.043000000000000003,77,15,13,0.014,ATR,3.1,30,7.0,30m,EMA,True,True,False,True,False,True,False,0.32,55,1.6,CCI,2.4000000000000004,-40.014782671876716,-40.014782671876716,-32.04173202740447,-32.04173202740447,30m,27,27.0,EMA,33.33333333333333,33.33333333333333,COMPLETE
908,-3037.984227638046,2026-01-16 12:53:46.486642,2026-01-16 12:53:52.453728,0 days 00:00:05.967086,11,2.2,2.3,2.8,90,CCI,PARABOLIC_SAR,2.4000000000000004,55,35,11,0.036000000000000004,75,25,21,0.043000000000000003,77,15,13,0.014,ATR,3.3000000000000003,30,7.5,5m,EMA,True,True,False,True,False,True,False,0.35,55,1.6,CCI,2.4000000000000004,-36.31107857831487,-36.31107857831487,-22.208724588033977,-22.208724588033977,5m,27,27.0,EMA,37.03703703703704,37.03703703703704,COMPLETE
909,335.03180313586927,2026-01-16 12:53:47.725030,2026-01-16 12:53:50.755052,0 days 00:00:03.030022,11,2.1,2.3,1.7,89,CCI,PARABOLIC_SAR,2.4000000000000004,54,34,11,0.0375,66,22,21,0.012,77,19,13,0.011,ATR,3.1,30,7.5,5m,EMA,True,True,False,False,False,True,False,0.32999999999999996,60,1.6,CCI,2.4000000000000004,-18.86270001369074,-18.86270001369074,90.55984426769547,90.55984426769547,5m,51,51.0,EMA,56.86274509803921,56.86274509803921,COMPLETE
910,-3015.0440491903732,2026-01-16 12:53:48.150174,2026-01-16 12:53:52.542673,0 days 00:00:04.392499,11,2.1,1.9,1.5,77,CCI,PARABOLIC_SAR,2.4000000000000004,54,34,11,0.036000000000000004,66,22,21,0.020999999999999998,77,20,13,0.013000000000000001,ATR,2.9000000000000004,30,7.0,5m,EMA,True,True,False,True,False,True,False,0.32999999999999996,55,1.4,CCI,2.4000000000000004,-31.267465079644495,-31.267465079644495,-8.007920721933537,-8.007920721933537,5m,27,27.0,EMA,40.74074074074074,40.74074074074074,COMPLETE
911,-789.7727899328311,2026-01-16 12:53:48.300400,2026-01-16 12:53:51.904701,0 days 00:00:03.604301,10,2.2,2.4000000000000004,2.7,88,CCI,PARABOLIC_SAR,2.9000000000000004,54,34,11,0.037,77,22,21,0.018000000000000002,78,19,13,0.013000000000000001,ATR,3.3000000000000003,33,7.5,5m,EMA,True,True,False,False,False,True,False,0.32999999999999996,55,1.4,CCI,2.9000000000000004,-30.653156593165352,-30.653156593165352,57.94112101849199,57.94112101849199,5m,50,50.0,EMA,56.00000000000001,56.00000000000001,COMPLETE
912,-2300.0,2026-01-16 12:53:48.269660,2026-01-16 12:53:52.427660,0 days 00:00:04.158000,10,2.2,2.3,1.7,88,KELTNER,PARABOLIC_SAR,2.5000000000000004,54,34,11,0.036000000000000004,77,22,21,0.011,78,21,13,0.013000000000000001,ATR,3.1,32,7.5,5m,EMA,True,True,False,False,False,True,False,0.32999999999999996,60,1.4,KELTNER,2.5000000000000004,0.0,0.0,0.0,0.0,5m,0,0.0,EMA,0.0,0.0,COMPLETE
913,-2300.0,2026-01-16 12:53:50.729550,2026-01-16 12:53:54.091038,0 days 00:00:03.361488,11,2.2,2.4000000000000004,1.7,88,KELTNER,PARABOLIC_SAR,2.8000000000000003,56,34,11,0.036000000000000004,66,22,21,0.013000000000000001,78,25,13,0.013000000000000001,ATR,3.1,33,7.5,5m,EMA,True,True,False,False,False,True,False,0.32999999999999996,55,1.4,KELTNER,2.8000000000000003,0.0,0.0,0.0,0.0,5m,0,0.0,EMA,0.0,0.0,COMPLETE
914,-2300.0,2026-01-16 12:53:50.973357,2026-01-16 12:53:54.972591,0 days 00:00:03.999234,10,2.2,2.3,2.8,86,KELTNER,PARABOLIC_SAR,2.7,56,34,11,0.0375,66,22,21,0.015,78,19,13,0.012,ATR,3.3000000000000003,31,7.0,5m,EMA,True,True,False,False,False,True,False,0.55,60,1.6,KELTNER,2.7,0.0,0.0,0.0,0.0,5m,0,0.0,EMA,0.0,0.0,COMPLETE
915,-980.5687154890802,2026-01-16 12:53:52.056627,2026-01-16 12:53:57.027978,0 days 00:00:04.971351,10,2.3,2.3,1.7,87,CCI,PARABOLIC_SAR,3.0,54,34,11,0.039,66,22,21,0.020999999999999998,77,19,13,0.011,ATR,3.2,31,7.0,5m,EMA,True,True,False,False,False,False,False,0.32999999999999996,60,1.6,CCI,3.0,-50.881745669814336,-50.881745669814336,-21.917039446453447,-21.917039446453447,5m,54,54.0,EMA,48.148148148148145,48.148148148148145,COMPLETE
916,-832.5487741939423,2026-01-16 12:53:52.522479,2026-01-16 12:53:58.050133,0 days 00:00:05.527654,11,2.1,2.4000000000000004,1.7,85,CCI,PARABOLIC_SAR,2.8000000000000003,57,34,11,0.0395,66,22,21,0.011,77,19,13,0.011,ATR,3.2,31,7.0,5m,EMA,True,True,False,False,False,True,False,0.32999999999999996,60,1.6,CCI,2.8000000000000003,-32.40640188688611,-32.40640188688611,63.94793392851506,63.94793392851506,5m,51,51.0,EMA,52.94117647058824,52.94117647058824,COMPLETE
917,-494.6595888505244,2026-01-16 12:53:52.623597,2026-01-16 12:53:57.088039,0 days 00:00:04.464442,11,2.3,2.3,2.8,85,CCI,PARABOLIC_SAR,2.9000000000000004,47,34,11,0.039,66,22,21,0.01,77,19,13,0.01,ATR,3.2,31,7.0,5m,EMA,True,True,False,False,False,True,False,0.41,60,3.2,CCI,2.9000000000000004,-21.576026821451546,-21.576026821451546,65.2308503724361,65.2308503724361,5m,34,34.0,EMA,61.76470588235294,61.76470588235294,COMPLETE
918,-1437.5059916001555,2026-01-16 12:53:52.531078,2026-01-16 12:53:58.004583,0 days 00:00:05.473505,10,2.3,2.2,1.7,85,CCI,PARABOLIC_SAR,2.8000000000000003,50,34,11,0.0375,66,22,21,0.01,77,18,13,0.011,ATR,3.0,31,7.0,5m,EMA,True,True,False,False,False,True,False,0.32999999999999996,60,1.6,CCI,2.8000000000000003,-34.68617217206141,-34.68617217206141,35.510286215352735,35.510286215352735,5m,46,46.0,EMA,52.17391304347826,52.17391304347826,COMPLETE
919,-944.7260432834619,2026-01-16 12:53:54.132027,2026-01-16 12:53:59.044847,0 days 00:00:04.912820,11,2.3,2.4000000000000004,1.7,85,CCI,PARABOLIC_SAR,2.7,50,34,11,0.038,66,22,21,0.012,77,19,13,0.012,ATR,3.2,31,7.0,5m,EMA,True,True,False,False,False,False,False,0.32999999999999996,60,3.2,CCI,2.7,-43.04347000446494,-43.04347000446494,3.4230375890026568,3.4230375890026568,5m,54,54.0,EMA,46.2962962962963,46.2962962962963,COMPLETE
920,-951.3152094178067,2026-01-16 12:53:55.478228,2026-01-16 12:54:01.199075,0 days 00:00:05.720847,11,2.3,2.3,1.7,85,CCI,PARABOLIC_SAR,2.9000000000000004,50,33,11,0.0395,66,22,21,0.011,77,19,13,0.01,ATR,3.1,31,7.5,5m,EMA,True,True,False,False,False,False,False,0.32999999999999996,60,1.6,CCI,2.9000000000000004,-48.9332759836225,-48.9332759836225,-0.9216142780509776,-0.9216142780509776,5m,54,54.0,EMA,46.2962962962963,46.2962962962963,COMPLETE
921,131.22231695032315,2026-01-16 12:53:57.865774,2026-01-16 12:54:02.771307,0 days 00:00:04.905533,11,2.1,2.4000000000000004,2.9000000000000004,90,CCI,PARABOLIC_SAR,2.7,58,33,11,0.0375,66,22,21,0.018000000000000002,77,19,13,0.01,ATR,3.1,32,7.0,5m,EMA,True,True,False,False,False,True,False,0.32999999999999996,60,1.6,CCI,2.7,-20.951809490558578,-20.951809490558578,95.28465758024929,95.28465758024929,5m,51,51.0,EMA,56.86274509803921,56.86274509803921,COMPLETE
922,144.6276618114298,2026-01-16 12:53:57.878969,2026-01-16 12:54:01.398081,0 days 00:00:03.519112,11,2.1,2.2,3.0,90,CCI,PARABOLIC_SAR,2.8000000000000003,50,33,11,0.0375,79,23,21,0.016,77,18,13,0.01,ATR,3.2,30,7.5,5m,EMA,True,True,False,False,False,True,False,0.32999999999999996,60,1.6,CCI,2.8000000000000003,-23.42113038448072,-23.42113038448072,108.278048186897,108.278048186897,5m,51,51.0,EMA,56.86274509803921,56.86274509803921,COMPLETE
923,-863.3306517064702,2026-01-16 12:53:58.144088,2026-01-16 12:54:04.060957,0 days 00:00:05.916869,11,2.1,2.4000000000000004,1.7,80,CCI,PARABOLIC_SAR,2.7,48,33,11,0.038,79,23,21,0.039,77,18,12,0.011,ATR,3.1,30,7.0,5m,EMA,True,True,False,False,False,True,False,0.32999999999999996,50,1.6,CCI,2.7,-30.388426598277974,-30.388426598277974,45.308036254927075,45.308036254927075,5m,51,51.0,EMA,50.98039215686274,50.98039215686274,COMPLETE
924,146.0617467595057,2026-01-16 12:53:58.498873,2026-01-16 12:54:03.759672,0 days 00:00:05.260799,11,2.1,2.3,1.7,89,CCI,PARABOLIC_SAR,2.9000000000000004,49,33,11,0.0375,79,23,21,0.012,77,24,12,0.01,ATR,3.1,32,7.5,5m,EMA,True,True,False,False,False,True,False,0.32999999999999996,50,1.6,CCI,2.9000000000000004,-23.226071424250687,-23.226071424250687,108.32986399201391,108.32986399201391,5m,51,51.0,EMA,56.86274509803921,56.86274509803921,COMPLETE
925,160.79873835154558,2026-01-16 12:53:59.057918,2026-01-16 12:54:03.922746,0 days 00:00:04.864828,11,2.1,2.0,2.9000000000000004,90,CCI,PARABOLIC_SAR,2.8000000000000003,50,33,11,0.0375,65,22,21,0.014,78,18,12,0.01,ATR,3.0,30,7.5,5m,EMA,True,True,False,False,False,True,False,0.32999999999999996,50,1.6,CCI,2.8000000000000003,-25.503147572687674,-25.503147572687674,121.91556373423207,121.91556373423207,5m,51,51.0,EMA,56.86274509803921,56.86274509803921,COMPLETE
926,-1878.4739677499401,2026-01-16 12:54:01.271292,2026-01-16 12:54:06.466494,0 days 00:00:05.195202,11,2.1,2.1,1.7,79,CCI,PARABOLIC_SAR,2.8000000000000003,59,33,11,0.035500000000000004,65,23,21,0.012,78,18,12,0.01,ATR,3.1,30,8.0,1d,EMA,True,True,False,False,False,True,False,0.5,50,1.6,CCI,2.8000000000000003,-67.18623824569707,-67.18623824569707,-65.79783134583789,-65.79783134583789,1d,22,22.0,EMA,13.636363636363635,13.636363636363635,COMPLETE
927,-1387.1887149749919,2026-01-16 12:54:02.766796,2026-01-16 12:54:04.524793,0 days 00:00:01.757997,10,2.1,2.1,1.7,91,CCI,PARABOLIC_SAR,2.5000000000000004,45,34,11,0.035500000000000004,80,23,20,0.01,80,18,12,0.011,ATR,2.9000000000000004,30,7.0,1d,EMA,True,True,False,False,False,True,False,0.33999999999999997,50,1.6,CCI,2.5000000000000004,-76.49906589130853,-76.49906589130853,-78.30121650301707,-78.30121650301707,1d,47,47.0,EMA,23.404255319148938,23.404255319148938,COMPLETE
928,336.9422813915471,2026-01-16 12:54:03.175405,2026-01-16 12:54:05.892406,0 days 00:00:02.717001,10,2.1,2.5,1.7,91,CCI,PARABOLIC_SAR,2.5000000000000004,60,34,11,0.035500000000000004,65,23,20,0.019000000000000003,78,20,12,0.011,ATR,2.9000000000000004,30,7.0,5m,EMA,True,True,False,False,False,True,False,0.33999999999999997,50,1.6,CCI,2.5000000000000004,-17.25123754117443,-17.25123754117443,86.25285261452514,86.25285261452514,5m,51,51.0,EMA,56.86274509803921,56.86274509803921,COMPLETE
929,-1388.6247761436125,2026-01-16 12:54:03.916717,2026-01-16 12:54:05.518379,0 days 00:00:01.601662,10,2.1,2.0,1.7,92,CCI,PARABOLIC_SAR,2.5000000000000004,60,34,11,0.036500000000000005,65,23,20,0.012,78,18,12,0.012,ATR,3.0,30,7.0,1d,EMA,True,True,False,False,False,True,False,0.33999999999999997,50,1.6,CCI,2.5000000000000004,-79.13004398803292,-79.13004398803292,-80.98630895755677,-80.98630895755677,1d,47,47.0,EMA,23.404255319148938,23.404255319148938,COMPLETE
930,-1383.6900717323879,2026-01-16 12:54:03.990369,2026-01-16 12:54:09.017749,0 days 00:00:05.027380,10,2.1,2.5,1.7,92,CCI,PARABOLIC_SAR,2.5000000000000004,59,34,11,0.035500000000000004,65,23,20,0.019000000000000003,78,18,13,0.012,ATR,2.9000000000000004,30,7.0,1d,EMA,True,True,False,False,False,True,False,0.33999999999999997,55,1.4,CCI,2.5000000000000004,-70.13983897279176,-70.13983897279176,-71.81071480338525,-71.81071480338525,1d,47,47.0,EMA,23.404255319148938,23.404255319148938,COMPLETE
931,-1919.1494221744738,2026-01-16 12:54:04.125769,2026-01-16 12:54:06.563984,0 days 00:00:02.438215,11,2.2,2.5,1.7,92,CCI,PARABOLIC_SAR,2.5000000000000004,58,34,11,0.036000000000000004,78,22,20,0.014,80,20,13,0.012,ATR,3.0,30,8.0,5m,EMA,True,True,False,False,False,True,False,0.5,55,1.4,CCI,2.5000000000000004,-15.486620085456993,-15.486620085456993,10.491190920288162,10.491190920288162,5m,23,23.0,EMA,56.52173913043478,56.52173913043478,COMPLETE
932,231.1502740190117,2026-01-16 12:54:04.546344,2026-01-16 12:54:08.001571,0 days 00:00:03.455227,10,2.2,2.5,1.7,93,CCI,PARABOLIC_SAR,2.5000000000000004,45,34,11,0.036000000000000004,65,22,20,0.011,78,20,13,0.012,ATR,3.0,30,6.5,5m,EMA,True,True,False,False,False,True,False,0.33999999999999997,55,1.4,CCI,2.5000000000000004,-18.73980018171573,-18.73980018171573,50.323037444966914,50.323037444966914,5m,50,50.0,EMA,57.99999999999999,57.99999999999999,COMPLETE
933,-1416.023402962197,2026-01-16 12:54:05.548781,2026-01-16 12:54:09.649420,0 days 00:00:04.100639,11,2.4,2.2,1.7,88,CCI,PARABOLIC_SAR,2.5000000000000004,44,35,11,0.035500000000000004,66,22,20,0.012,79,19,13,0.014,ATR,2.9000000000000004,33,8.0,5m,EMA,True,True,False,False,False,True,False,0.32,55,1.4,CCI,2.5000000000000004,-30.77943752814632,-30.77943752814632,44.25759102025372,44.25759102025372,5m,41,41.0,EMA,48.78048780487805,48.78048780487805,COMPLETE
934,-74.71475344110786,2026-01-16 12:54:05.928869,2026-01-16 12:54:09.673617,0 days 00:00:03.744748,10,2.0,2.2,1.7,88,CCI,PARABOLIC_SAR,2.5000000000000004,62,35,11,0.035500000000000004,66,22,20,0.017,78,20,12,0.012,ATR,3.0,30,7.0,5m,EMA,True,True,False,False,False,True,False,0.35,50,1.4,CCI,2.5000000000000004,-29.181321661799597,-29.181321661799597,38.356295751854844,38.356295751854844,5m,52,52.0,EMA,50.0,50.0,COMPLETE
935,-906.1685322512876,2026-01-16 12:54:06.492321,2026-01-16 12:54:10.532092,0 days 00:00:04.039771,11,2.0,2.5,1.7,88,CCI,PARABOLIC_SAR,2.5000000000000004,56,35,16,0.035500000000000004,66,24,20,0.014,78,20,13,0.011,ATR,2.9000000000000004,32,7.0,5m,EMA,True,True,False,False,False,True,False,0.35,55,1.4,CCI,2.5000000000000004,-33.69051014819843,-33.69051014819843,24.455340829446143,24.455340829446143,5m,56,56.0,EMA,46.42857142857143,46.42857142857143,COMPLETE
936,-67.8232758854083,2026-01-16 12:54:06.613129,2026-01-16 12:54:11.382010,0 days 00:00:04.768881,11,2.0,2.2,1.7,87,CCI,PARABOLIC_SAR,2.4000000000000004,62,35,11,0.035,66,22,20,0.019000000000000003,79,20,12,0.012,ATR,2.9000000000000004,32,7.0,5m,EMA,True,True,False,False,False,True,False,0.35,50,1.4,CCI,2.4000000000000004,-27.844361039417976,-27.844361039417976,40.634649069604414,40.634649069604414,5m,52,52.0,EMA,50.0,50.0,COMPLETE
937,-75.27754517464746,2026-01-16 12:54:08.154753,2026-01-16 12:54:14.240728,0 days 00:00:06.085975,10,2.0,2.4000000000000004,1.7,88,CCI,PARABOLIC_SAR,2.6,62,35,11,0.035,66,23,20,0.01,78,20,12,0.011,ATR,2.9000000000000004,33,7.0,5m,EMA,True,True,False,False,False,True,False,0.35,50,1.4,CCI,2.6,-27.671500254947677,-27.671500254947677,36.80209686610168,36.80209686610168,5m,52,52.0,EMA,50.0,50.0,COMPLETE
938,-76.19526098258666,2026-01-16 12:54:09.697835,2026-01-16 12:54:14.809017,0 days 00:00:05.111182,11,2.0,2.4000000000000004,1.7,88,CCI,PARABOLIC_SAR,2.4000000000000004,63,35,11,0.035,66,24,20,0.022,79,19,13,0.011,ATR,2.9000000000000004,32,7.0,5m,EMA,True,True,False,False,False,True,False,0.35,50,1.6,CCI,2.4000000000000004,-25.81713044574282,-25.81713044574282,34.77297295948512,34.77297295948512,5m,52,52.0,EMA,50.0,50.0,COMPLETE
939,-69.17688495744005,2026-01-16 12:54:09.858309,2026-01-16 12:54:14.940655,0 days 00:00:05.082346,10,2.0,2.4000000000000004,1.7,87,CCI,PARABOLIC_SAR,2.4000000000000004,63,35,11,0.035,66,23,20,0.019000000000000003,79,20,12,0.011,ATR,2.9000000000000004,29,7.0,5m,EMA,True,True,False,False,False,True,False,0.35,50,1.6,CCI,2.4000000000000004,-25.82227261827617,-25.82227261827617,38.084525453383286,38.084525453383286,5m,52,52.0,EMA,50.0,50.0,COMPLETE
940,76.5512005992905,2026-01-16 12:54:10.226086,2026-01-16 12:54:14.324454,0 days 00:00:04.098368,10,2.0,2.5,1.7,87,CCI,PARABOLIC_SAR,0.2,61,35,11,0.037,66,23,20,0.013000000000000001,79,20,12,0.011,ATR,2.9000000000000004,32,7.0,5m,EMA,True,True,False,False,False,True,False,0.35,50,1.6,CCI,0.2,-2.462287537608961,-2.462287537608961,3.687483262838598,3.687483262838598,5m,52,52.0,EMA,50.0,50.0,COMPLETE
941,-2300.0,2026-01-16 12:54:11.051810,2026-01-16 12:54:14.250181,0 days 00:00:03.198371,10,2.0,2.4000000000000004,1.7,87,CCI,PARABOLIC_SAR,2.4000000000000004,63,35,11,0.037,66,24,20,0.016,79,19,12,0.011,FIXED,2.9000000000000004,31,7.0,15m,EMA,True,True,False,False,False,True,False,0.35,50,1.6,CCI,2.4000000000000004,0.0,0.0,0.0,0.0,15m,0,0.0,EMA,0.0,0.0,COMPLETE
942,-2300.0,2026-01-16 12:54:11.454432,2026-01-16 12:54:18.805882,0 days 00:00:07.351450,11,2.0,2.4000000000000004,2.7,91,CCI,PARABOLIC_SAR,2.4000000000000004,55,35,11,0.037,65,22,20,0.016,79,19,12,0.013000000000000001,FIXED,3.0,29,7.0,5m,EMA,True,True,False,False,False,True,False,0.33999999999999997,50,1.6,CCI,2.4000000000000004,0.0,0.0,0.0,0.0,5m,0,0.0,EMA,0.0,0.0,COMPLETE
943,-977.4238152269945,2026-01-16 12:54:14.303139,2026-01-16 12:54:15.515202,0 days 00:00:01.212063,10,2.1,2.5,2.7,91,CCI,PARABOLIC_SAR,2.4000000000000004,54,35,11,0.037,65,23,20,0.013000000000000001,78,20,13,0.013000000000000001,ATR,3.1,29,6.5,2h,EMA,True,True,False,False,False,True,False,0.33999999999999997,50,1.6,CCI,2.4000000000000004,-39.52799303260498,-39.52799303260498,-16.898144473362574,-16.898144473362574,2h,50,50.0,EMA,40.0,40.0,COMPLETE
944,251.78914004720627,2026-01-16 12:54:14.456616,2026-01-16 12:54:18.971165,0 days 00:00:04.514549,10,2.2,2.5,1.7,91,CCI,PARABOLIC_SAR,2.4000000000000004,52,34,11,0.037,65,23,20,0.023,78,19,13,0.013000000000000001,ATR,3.1,29,6.5,5m,EMA,True,True,False,False,False,True,False,0.33999999999999997,50,1.6,CCI,2.4000000000000004,-18.515186946208615,-18.515186946208615,57.7961316800462,57.7961316800462,5m,50,50.0,EMA,57.99999999999999,57.99999999999999,COMPLETE
945,212.33646827371467,2026-01-16 12:54:14.478857,2026-01-16 12:54:17.573387,0 days 00:00:03.094530,10,2.2,2.5,1.7,94,CCI,PARABOLIC_SAR,2.4000000000000004,54,34,11,0.0385,65,23,20,0.027000000000000003,78,19,13,0.013000000000000001,ATR,3.1,29,6.5,5m,EMA,True,True,False,False,False,True,False,0.33999999999999997,45,1.6,CCI,2.4000000000000004,-19.182789879681188,-19.182789879681188,43.75178252511145,43.75178252511145,5m,51,51.0,EMA,56.86274509803921,56.86274509803921,COMPLETE
946,293.43783393641843,2026-01-16 12:54:14.844017,2026-01-16 12:54:16.900052,0 days 00:00:02.056035,10,2.1,2.5,1.7,94,CCI,PARABOLIC_SAR,2.4000000000000004,54,34,11,0.0385,65,22,20,0.023,78,19,13,0.014,ATR,3.0,29,7.5,5m,EMA,True,True,False,False,False,True,False,0.33999999999999997,45,1.6,CCI,2.4000000000000004,-17.891454176747285,-17.891454176747285,72.06478825185259,72.06478825185259,5m,52,52.0,EMA,55.769230769230774,55.769230769230774,COMPLETE
947,-1532.4039331822132,2026-01-16 12:54:15.009886,2026-01-16 12:54:17.583426,0 days 00:00:02.573540,10,2.2,2.5,1.8,94,CCI,PARABOLIC_SAR,2.6,141,34,11,0.0385,65,22,20,0.017,78,19,13,0.013000000000000001,ATR,3.0,29,6.5,2h,EMA,True,True,False,False,False,True,False,0.33999999999999997,55,1.6,CCI,2.6,-43.72181532544212,-43.72181532544212,-21.231296092869226,-21.231296092869226,2h,49,49.0,EMA,42.857142857142854,42.857142857142854,COMPLETE
948,15.002711051277402,2026-01-16 12:54:15.533241,2026-01-16 12:54:20.669396,0 days 00:00:05.136155,10,2.2,2.5,1.8,94,CCI,PARABOLIC_SAR,2.7,52,34,11,0.0385,65,22,20,0.024,78,18,13,0.014,ATR,3.0,29,6.5,5m,EMA,True,True,False,False,False,True,False,0.33999999999999997,55,1.6,CCI,2.7,-21.33725886743252,-21.33725886743252,47.948739723603914,47.948739723603914,5m,51,51.0,EMA,56.86274509803921,56.86274509803921,COMPLETE
949,-540.0063746790765,2026-01-16 12:54:17.547231,2026-01-16 12:54:21.327548,0 days 00:00:03.780317,10,2.3,2.4000000000000004,1.8,95,CCI,PARABOLIC_SAR,2.4000000000000004,58,34,11,0.04,65,22,20,0.015,78,19,13,0.014,ATR,3.0,31,7.5,5m,EMA,True,True,False,False,False,True,False,0.32,50,1.6,CCI,2.4000000000000004,-21.75909769072931,-21.75909769072931,46.439746242140465,46.439746242140465,5m,47,47.0,EMA,55.319148936170215,55.319148936170215,COMPLETE
950,-506.8199434746766,2026-01-16 12:54:18.182071,2026-01-16 12:54:23.877810,0 days 00:00:05.695739,10,2.3,2.5,1.8,94,CCI,PARABOLIC_SAR,2.4000000000000004,57,34,11,0.0395,65,22,20,0.02,78,18,13,0.014,ATR,3.0,20,7.5,5m,EMA,True,True,False,False,False,True,False,0.32,45,1.6,CCI,2.4000000000000004,-20.744279355887123,-20.744279355887123,58.62799313433841,58.62799313433841,5m,47,47.0,EMA,55.319148936170215,55.319148936170215,COMPLETE
951,-169.30250640029044,2026-01-16 12:54:18.310615,2026-01-16 12:54:22.873877,0 days 00:00:04.563262,10,2.3,2.4000000000000004,1.8,94,CCI,PARABOLIC_SAR,2.4000000000000004,11,34,20,0.0395,65,22,20,0.023,78,19,13,0.014,ATR,3.0,31,7.0,5m,EMA,True,True,False,False,False,True,False,0.32,45,1.6,CCI,2.4000000000000004,-15.671927401701527,-15.671927401701527,96.17080516526086,96.17080516526086,5m,41,41.0,EMA,58.536585365853654,58.536585365853654,COMPLETE
952,218.95033510242592,2026-01-16 12:54:18.882735,2026-01-16 12:54:23.658829,0 days 00:00:04.776094,10,2.2,2.5,1.7,95,CCI,PARABOLIC_SAR,2.4000000000000004,52,34,11,0.039,65,22,20,0.023,78,19,13,0.014,ATR,3.2,31,7.5,5m,EMA,True,True,False,False,False,True,False,0.32,45,1.6,CCI,2.4000000000000004,-19.419975022372565,-19.419975022372565,46.69289174156755,46.69289174156755,5m,51,51.0,EMA,56.86274509803921,56.86274509803921,COMPLETE
953,-328.60725848052516,2026-01-16 12:54:19.165359,2026-01-16 12:54:24.324416,0 days 00:00:05.159057,10,2.4,2.5,1.8,95,CCI,PARABOLIC_SAR,2.5000000000000004,14,33,11,0.039,65,22,20,0.023,78,19,13,0.014,ATR,3.2,31,7.5,5m,SUPERTREND,True,True,False,False,True,True,False,0.32,45,1.6,CCI,2.5000000000000004,-18.216846160978996,-18.216846160978996,45.746287017199535,45.746287017199535,5m,34,34.0,SUPERTREND,55.88235294117647,55.88235294117647,COMPLETE
954,-328.2577468829368,2026-01-16 12:54:21.311954,2026-01-16 12:54:29.383396,0 days 00:00:08.071442,10,2.4,2.3,1.7,95,CCI,PARABOLIC_SAR,2.5000000000000004,58,33,11,0.036500000000000005,65,23,20,0.02,78,19,13,0.014,ATR,3.0,31,7.5,5m,SUPERTREND,True,True,False,False,True,True,False,0.32,45,1.6,CCI,2.5000000000000004,-18.544369224373316,-18.544369224373316,46.40186478089635,46.40186478089635,5m,34,34.0,SUPERTREND,55.88235294117647,55.88235294117647,COMPLETE
955,-556.1917876225862,2026-01-16 12:54:22.566444,2026-01-16 12:54:27.567252,0 days 00:00:05.000808,10,2.4,2.5,1.7,91,CCI,PARABOLIC_SAR,2.5000000000000004,50,33,11,0.039,65,23,20,0.02,78,19,13,0.013000000000000001,ATR,3.2,31,7.5,5m,EMA,True,True,False,False,True,True,False,0.32,45,1.6,CCI,2.5000000000000004,-23.839873748618935,-23.839873748618935,64.38085614817139,64.38085614817139,5m,42,42.0,EMA,52.38095238095239,52.38095238095239,COMPLETE
956,-128.5493773719527,2026-01-16 12:54:23.716583,2026-01-16 12:54:28.517868,0 days 00:00:04.801285,10,2.4,2.5,1.7,90,CCI,PARABOLIC_SAR,2.5000000000000004,49,33,11,0.038,65,23,21,0.02,78,19,13,0.013000000000000001,ATR,3.1,30,7.5,5m,HMA,True,True,False,False,True,True,False,0.32999999999999996,45,1.4,CCI,2.5000000000000004,-17.254979813639473,-17.254979813639473,117.03207719757707,117.03207719757707,5m,34,34.0,HMA,55.88235294117647,55.88235294117647,COMPLETE
957,-94.44547276684443,2026-01-16 12:54:23.727613,2026-01-16 12:54:29.305264,0 days 00:00:05.577651,10,2.4,2.5,1.7,91,CCI,PARABOLIC_SAR,2.5000000000000004,48,33,11,0.038,65,22,21,0.022,78,19,13,0.013000000000000001,ATR,3.1,30,7.5,5m,HMA,True,True,False,False,True,True,False,0.32999999999999996,45,1.4,CCI,2.5000000000000004,-17.271883364709662,-17.271883364709662,129.52886211315013,129.52886211315013,5m,33,33.0,HMA,57.57575757575758,57.57575757575758,COMPLETE
958,-107.23844145231033,2026-01-16 12:54:24.248757,2026-01-16 12:54:26.983546,0 days 00:00:02.734789,10,2.4,2.3,1.7,91,CCI,PARABOLIC_SAR,2.5000000000000004,49,33,11,0.038,65,23,21,0.025,79,19,13,0.013000000000000001,ATR,3.2,30,7.5,5m,HMA,True,True,False,False,True,True,False,0.32999999999999996,45,1.4,CCI,2.5000000000000004,-18.644171928476684,-18.644171928476684,131.09090536773905,131.09090536773905,5m,34,34.0,HMA,55.88235294117647,55.88235294117647,COMPLETE
959,-799.5465432627834,2026-01-16 12:54:24.363542,2026-01-16 12:54:29.351929,0 days 00:00:04.988387,10,2.2,2.3,1.7,91,BOLLINGER,PARABOLIC_SAR,2.6,48,33,11,0.038,80,23,21,0.025,79,19,13,0.013000000000000001,ATR,3.1,30,6.5,5m,HMA,True,True,False,False,False,True,False,0.32999999999999996,50,1.4,BOLLINGER,2.6,-39.457458942556066,-39.457458942556066,92.60551064130573,92.60551064130573,5m,55,55.0,HMA,52.72727272727272,52.72727272727272,COMPLETE
960,-867.785126879151,2026-01-16 12:54:27.069234,2026-01-16 12:54:33.915010,0 days 00:00:06.845776,10,2.2,2.4000000000000004,1.7,91,BOLLINGER,PARABOLIC_SAR,2.6,43,34,11,0.036500000000000005,80,24,21,0.022,78,19,13,0.012,ATR,3.1,30,6.5,5m,EMA,True,True,False,False,False,True,False,0.32999999999999996,50,1.6,BOLLINGER,2.6,-41.44055584453742,-41.44055584453742,52.14545088825913,52.14545088825913,5m,62,62.0,EMA,51.61290322580645,51.61290322580645,COMPLETE
961,-891.7458194706232,2026-01-16 12:54:28.506265,2026-01-16 12:54:31.967013,0 days 00:00:03.460748,10,2.2,2.4000000000000004,3.0,84,CCI,PARABOLIC_SAR,2.6,158,33,11,0.037,80,24,21,0.022,78,20,13,0.012,ATR,3.2,33,6.5,5m,EMA,True,True,False,False,False,True,False,0.32999999999999996,50,1.6,CCI,2.6,-32.22788574871651,-32.22788574871651,31.60698666018802,31.60698666018802,5m,51,51.0,EMA,52.94117647058824,52.94117647058824,COMPLETE
962,-27.323176638633413,2026-01-16 12:54:29.326195,2026-01-16 12:54:34.053581,0 days 00:00:04.727386,11,2.1,2.4000000000000004,1.7,85,CCI,PARABOLIC_SAR,2.6,42,34,11,0.036500000000000005,65,24,20,0.018000000000000002,78,19,13,0.014,ATR,3.1,32,6.5,5m,EMA,True,True,False,False,False,True,False,0.33999999999999997,50,1.6,CCI,2.6,-28.480048789492034,-28.480048789492034,61.54067321260664,61.54067321260664,5m,51,51.0,EMA,52.94117647058824,52.94117647058824,COMPLETE
963,-261.96478304365064,2026-01-16 12:54:29.393423,2026-01-16 12:54:32.665392,0 days 00:00:03.271969,11,2.1,2.4000000000000004,1.7,85,CCI,PARABOLIC_SAR,2.6,43,34,11,0.036000000000000004,65,24,20,0.028000000000000004,78,20,13,0.012,ATR,3.1,32,6.5,5m,EMA,True,True,False,False,False,True,False,0.42,50,1.6,CCI,2.6,-15.702455144479105,-15.702455144479105,64.50226120026488,64.50226120026488,5m,37,37.0,EMA,56.75675675675676,56.75675675675676,COMPLETE
964,-64.67453264269352,2026-01-16 12:54:29.398509,2026-01-16 12:54:33.101997,0 days 00:00:03.703488,11,2.1,2.4000000000000004,1.7,83,CCI,PARABOLIC_SAR,2.6,30,34,11,0.036000000000000004,65,22,20,0.027000000000000003,78,20,13,0.012,ATR,3.1,33,6.5,5m,EMA,True,True,False,False,False,True,False,0.33999999999999997,50,1.6,CCI,2.6,-28.832712653083227,-28.832712653083227,43.14030496524172,43.14030496524172,5m,50,50.0,EMA,50.0,50.0,COMPLETE
965,-1488.0769153875171,2026-01-16 12:54:29.566903,2026-01-16 12:54:36.570863,0 days 00:00:07.003960,11,2.8,2.4000000000000004,1.7,84,CCI,PARABOLIC_SAR,2.6,44,34,11,0.036500000000000005,65,22,20,0.027000000000000003,84,18,13,0.012,ATR,3.1,33,6.5,5m,EMA,True,True,False,False,False,True,False,0.33999999999999997,50,1.6,CCI,2.6,-41.54166781047495,-41.54166781047495,7.573548897069646,7.573548897069646,5m,39,39.0,EMA,46.15384615384615,46.15384615384615,COMPLETE
966,-3315.1028892095305,2026-01-16 12:54:32.659888,2026-01-16 12:54:38.070262,0 days 00:00:05.410374,11,5.7,2.4000000000000004,1.7,97,CCI,PARABOLIC_SAR,2.4000000000000004,38,34,11,0.036500000000000005,65,22,20,0.020999999999999998,78,18,13,0.013000000000000001,ATR,3.2,29,6.5,5m,EMA,True,True,False,False,False,True,False,0.33999999999999997,50,1.6,CCI,2.4000000000000004,-53.00568488466142,-53.00568488466142,-11.08888497240427,-11.08888497240427,5m,20,20.0,EMA,25.0,25.0,COMPLETE
967,-688.4289631825532,2026-01-16 12:54:32.687210,2026-01-16 12:54:36.808421,0 days 00:00:04.121211,11,2.1,2.5,1.7,97,CCI,PARABOLIC_SAR,2.4000000000000004,38,34,11,0.037,65,22,20,0.026000000000000002,78,18,13,0.012,ATR,3.0,29,6.5,15m,EMA,True,True,False,False,False,True,False,0.36,50,1.6,CCI,2.4000000000000004,-27.112871608908023,-27.112871608908023,5.625178155245841,5.625178155245841,15m,45,45.0,EMA,51.11111111111111,51.11111111111111,COMPLETE
968,-650.7098944902818,2026-01-16 12:54:33.526554,2026-01-16 12:54:35.871280,0 days 00:00:02.344726,11,2.1,2.5,1.7,97,CCI,PARABOLIC_SAR,2.4000000000000004,41,34,11,0.036500000000000005,65,22,20,0.025,78,19,13,0.012,ATR,3.3000000000000003,29,6.5,5m,ICHIMOKU,True,True,False,False,False,True,False,0.36,50,1.6,CCI,2.4000000000000004,-27.612700178898393,-27.612700178898393,24.243280328447746,24.243280328447746,5m,47,47.0,ICHIMOKU,53.191489361702125,53.191489361702125,COMPLETE
969,-1526.8039728868844,2026-01-16 12:54:33.971306,2026-01-16 12:54:36.038889,0 days 00:00:02.067583,11,2.8,2.5,1.7,97,CCI,PARABOLIC_SAR,2.4000000000000004,39,34,11,0.037,65,22,20,0.024,78,18,12,0.014,ATR,3.3000000000000003,29,8.0,15m,EMA,True,True,False,False,False,True,False,0.33999999999999997,55,1.6,CCI,2.4000000000000004,-36.47689711285819,-36.47689711285819,-15.716285108490592,-15.716285108490592,15m,39,39.0,EMA,43.58974358974359,43.58974358974359,COMPLETE
970,-2241.9334373644956,2026-01-16 12:54:34.167897,2026-01-16 12:54:37.532246,0 days 00:00:03.364349,11,2.2,2.5,1.7,96,CCI,PARABOLIC_SAR,2.4000000000000004,6,34,11,0.035,65,22,20,0.019000000000000003,78,21,12,0.013000000000000001,ATR,3.0,29,8.0,15m,EMA,True,True,True,False,False,True,False,0.33999999999999997,55,1.6,CCI,2.4000000000000004,-25.869193626409565,-25.869193626409565,-19.7823698848606,-19.7823698848606,15m,18,18.0,EMA,44.44444444444444,44.44444444444444,COMPLETE
971,-3351.0325882585626,2026-01-16 12:54:35.917091,2026-01-16 12:54:39.945979,0 days 00:00:04.028888,11,2.8,2.5,1.8,93,CCI,PARABOLIC_SAR,2.4000000000000004,37,34,11,0.0345,65,22,20,0.020999999999999998,78,18,12,0.013000000000000001,ATR,3.3000000000000003,29,8.0,15m,EMA,True,True,True,False,False,True,False,0.32999999999999996,55,1.6,CCI,2.4000000000000004,-33.17649962136682,-33.17649962136682,-28.199376763327898,-28.199376763327898,15m,20,20.0,EMA,30.0,30.0,COMPLETE
972,-1543.9454864640984,2026-01-16 12:54:36.531164,2026-01-16 12:54:39.097358,0 days 00:00:02.566194,10,2.3,2.6,1.8,93,CCI,PARABOLIC_SAR,2.4000000000000004,53,34,10,0.035,65,23,20,0.020999999999999998,78,20,12,0.013000000000000001,ATR,3.2,29,7.0,5m,EMA,True,True,True,False,False,False,False,0.32999999999999996,55,1.4,CCI,2.4000000000000004,-35.85712014878668,-35.85712014878668,-25.49372042483869,-25.49372042483869,5m,35,35.0,EMA,42.857142857142854,42.857142857142854,COMPLETE
973,-1512.3204342400786,2026-01-16 12:54:36.767779,2026-01-16 12:54:40.422567,0 days 00:00:03.654788,10,2.3,2.6,1.8,93,CCI,PARABOLIC_SAR,2.4000000000000004,52,34,10,0.035,65,23,20,0.018000000000000002,79,20,12,0.01,ATR,3.2,29,7.0,5m,EMA,True,True,True,False,False,False,False,0.32999999999999996,55,1.4,CCI,2.4000000000000004,-35.85712014878668,-35.85712014878668,-7.147348483348301,-7.147348483348301,5m,35,35.0,EMA,42.857142857142854,42.857142857142854,COMPLETE
974,-76.0944976945666,2026-01-16 12:54:37.036567,2026-01-16 12:54:43.266004,0 days 00:00:06.229437,10,2.3,2.6,1.8,93,CCI,PARABOLIC_SAR,2.5000000000000004,52,34,10,0.035,65,31,20,0.026000000000000002,79,20,12,0.013000000000000001,ATR,3.2,31,7.0,5m,EMA,True,True,False,False,False,False,False,0.32999999999999996,55,1.4,CCI,2.5000000000000004,-22.59727394491596,-22.59727394491596,31.96918445201502,31.96918445201502,5m,52,52.0,EMA,51.92307692307693,51.92307692307693,COMPLETE
975,34.73809806982172,2026-01-16 12:54:38.017375,2026-01-16 12:54:42.348935,0 days 00:00:04.331560,10,2.3,2.6,1.8,43,CCI,PARABOLIC_SAR,2.7,53,34,10,0.0345,65,23,20,0.032,79,20,12,0.01,ATR,2.9000000000000004,31,7.0,5m,MACD,True,True,False,False,False,False,False,0.32999999999999996,50,1.4,CCI,2.7,-29.570840474932993,-29.570840474932993,69.22761688681487,69.22761688681487,5m,55,55.0,MACD,58.18181818181818,58.18181818181818,COMPLETE
976,-415.7130395398299,2026-01-16 12:54:38.100119,2026-01-16 12:54:42.390075,0 days 00:00:04.289956,10,2.3,2.6,1.8,89,CCI,PARABOLIC_SAR,2.7,52,34,10,0.035,65,31,20,0.024,79,20,12,0.01,ATR,2.9000000000000004,31,7.0,5m,MACD,True,True,False,False,False,False,False,0.32999999999999996,50,1.4,CCI,2.7,-19.36401446004278,-19.36401446004278,33.02512760400534,33.02512760400534,5m,45,45.0,MACD,51.11111111111111,51.11111111111111,COMPLETE
977,-37.89532667967251,2026-01-16 12:54:39.290173,2026-01-16 12:54:43.797651,0 days 00:00:04.507478,10,2.0,2.6,1.8,89,CCI,PARABOLIC_SAR,2.5000000000000004,30,34,10,0.0345,65,25,20,0.023,79,19,12,0.01,ATR,2.9000000000000004,31,7.0,5m,EMA,True,True,False,False,False,True,False,0.32999999999999996,50,1.4,CCI,2.5000000000000004,-21.220567941853076,-21.220567941853076,46.57637422054745,46.57637422054745,5m,53,53.0,EMA,54.71698113207547,54.71698113207547,COMPLETE
978,-16.91113092212163,2026-01-16 12:54:40.317380,2026-01-16 12:54:45.889133,0 days 00:00:05.571753,10,1.9,2.6,1.8,89,CCI,PARABOLIC_SAR,2.9000000000000004,59,34,11,0.0345,65,31,20,0.033,77,20,13,0.015,ATR,2.9000000000000004,31,6.0,5m,EMA,True,True,False,False,False,True,False,0.32999999999999996,50,1.4,CCI,2.9000000000000004,-26.321045288145644,-26.321045288145644,63.48536880116667,63.48536880116667,5m,60,60.0,EMA,50.0,50.0,COMPLETE
979,-2300.0,2026-01-16 12:54:41.086719,2026-01-16 12:54:46.113425,0 days 00:00:05.026706,10,1.9,2.6,1.8,89,KELTNER,PARABOLIC_SAR,2.5000000000000004,59,34,11,0.0345,66,31,20,0.017,79,19,13,0.015,FIXED,2.9000000000000004,31,6.0,5m,MACD,True,True,False,False,False,True,False,0.32,50,1.4,KELTNER,2.5000000000000004,0.0,0.0,0.0,0.0,5m,0,0.0,MACD,0.0,0.0,COMPLETE
980,-12.94205208659605,2026-01-16 12:54:42.526242,2026-01-16 12:54:47.939346,0 days 00:00:05.413104,11,1.9,2.6,1.7,89,CCI,PARABOLIC_SAR,2.5000000000000004,59,35,11,0.0405,66,25,21,0.011,77,19,13,0.015,ATR,3.0,32,6.0,5m,EMA,True,True,False,False,False,True,False,0.32,45,1.6,CCI,2.5000000000000004,-26.596097347031122,-26.596097347031122,65.81496490790761,65.81496490790761,5m,60,60.0,EMA,50.0,50.0,COMPLETE
981,-2300.0,2026-01-16 12:54:42.489027,2026-01-16 12:54:48.933220,0 days 00:00:06.444193,11,1.9,2.6,1.7,89,KELTNER,PARABOLIC_SAR,2.5000000000000004,59,35,11,0.038,66,22,21,0.031,77,19,13,0.015,ATR,3.0,32,6.0,5m,EMA,True,True,False,False,False,True,False,0.32,45,1.6,KELTNER,2.5000000000000004,0.0,0.0,0.0,0.0,5m,0,0.0,EMA,0.0,0.0,COMPLETE
982,-2300.0,2026-01-16 12:54:43.458948,2026-01-16 12:54:48.354714,0 days 00:00:04.895766,11,1.9,2.1,1.7,88,CCI,PARABOLIC_SAR,2.5000000000000004,187,35,11,0.04,66,25,21,0.028000000000000004,77,19,13,0.015,FIXED,3.4000000000000004,23,6.0,5m,EMA,True,True,False,False,False,True,True,0.32,45,1.6,CCI,2.5000000000000004,0.0,0.0,0.0,0.0,5m,0,0.0,EMA,0.0,0.0,COMPLETE
983,-2300.0,2026-01-16 12:54:43.810843,2026-01-16 12:54:47.894613,0 days 00:00:04.083770,11,1.9,2.1,1.7,89,KELTNER,PARABOLIC_SAR,2.3000000000000003,46,35,11,0.038,66,22,21,0.01,77,19,13,0.015,ATR,3.0,23,6.0,5m,EMA,True,True,False,False,False,True,False,0.32,45,1.6,KELTNER,2.3000000000000003,0.0,0.0,0.0,0.0,5m,0,0.0,EMA,0.0,0.0,COMPLETE
984,-2300.0,2026-01-16 12:54:46.065396,2026-01-16 12:54:50.742159,0 days 00:00:04.676763,11,2.1,2.5,1.7,80,KELTNER,PARABOLIC_SAR,2.3000000000000003,58,35,11,0.0405,66,22,21,0.017,78,19,13,0.015,ATR,3.0,23,6.0,5m,EMA,True,True,False,False,False,True,True,0.32,45,1.6,KELTNER,2.3000000000000003,0.0,0.0,0.0,0.0,5m,0,0.0,EMA,0.0,0.0,COMPLETE
985,-2029.9132717530156,2026-01-16 12:54:47.029950,2026-01-16 12:54:51.597016,0 days 00:00:04.567066,11,2.1,2.5,1.7,91,CCI,PARABOLIC_SAR,2.3000000000000003,189,35,11,0.0405,66,22,21,0.013000000000000001,78,19,13,0.014,ATR,3.1,30,6.5,5m,EMA,True,True,False,True,False,True,True,0.32,60,1.6,CCI,2.3000000000000003,-16.062234479364225,-16.062234479364225,-10.408536508787911,-10.408536508787911,5m,13,13.0,EMA,38.46153846153847,38.46153846153847,COMPLETE
986,-362.72975379797117,2026-01-16 12:54:47.931787,2026-01-16 12:54:52.449942,0 days 00:00:04.518155,11,2.1,2.5,1.7,81,CCI,PARABOLIC_SAR,2.3000000000000003,29,35,11,0.036000000000000004,66,21,20,0.03,78,21,11,0.014,ATR,3.1,28,6.5,5m,EMA,True,True,False,False,False,True,True,0.33999999999999997,60,1.6,CCI,2.3000000000000003,-13.556865316108224,-13.556865316108224,27.319585425216637,27.319585425216637,5m,31,31.0,EMA,58.06451612903226,58.06451612903226,COMPLETE
987,-1894.7101063801347,2026-01-16 12:54:47.996193,2026-01-16 12:54:54.083434,0 days 00:00:06.087241,11,2.1,2.5,1.7,79,CCI,PARABOLIC_SAR,2.3000000000000003,33,35,11,0.036000000000000004,66,21,13,0.019000000000000003,78,21,11,0.014,ATR,1.5,28,6.5,5m,EMA,True,True,False,False,False,True,True,0.33999999999999997,45,1.6,CCI,2.3000000000000003,-10.203913380523613,-10.203913380523613,14.59364927366972,14.59364927366972,5m,27,27.0,EMA,59.25925925925925,59.25925925925925,COMPLETE
988,-2210.4019217606915,2026-01-16 12:54:48.497895,2026-01-16 12:54:53.712681,0 days 00:00:05.214786,11,2.1,2.5,1.7,79,CCI,PARABOLIC_SAR,2.3000000000000003,28,33,11,0.036000000000000004,66,23,20,0.016,78,21,11,0.014,ATR,3.1,28,6.5,5m,EMA,True,True,False,True,False,True,False,0.33999999999999997,60,1.6,CCI,2.3000000000000003,-28.97802125065812,-28.97802125065812,-5.276040283819452,-5.276040283819452,5m,28,28.0,EMA,46.42857142857143,46.42857142857143,COMPLETE
989,-699.7188280394648,2026-01-16 12:54:48.986663,2026-01-16 12:54:53.533299,0 days 00:00:04.546636,11,2.1,2.5,1.7,93,CCI,PARABOLIC_SAR,2.3000000000000003,31,33,11,0.035500000000000004,66,21,15,0.019000000000000003,78,18,11,0.014,ATR,3.1,30,8.5,5m,EMA,True,True,False,True,False,True,False,0.33999999999999997,50,1.6,CCI,2.3000000000000003,-28.341166359292814,-28.341166359292814,0.14061075611899143,0.14061075611899143,5m,30,30.0,EMA,50.0,50.0,COMPLETE
990,-1536.0374948622703,2026-01-16 12:54:51.191528,2026-01-16 12:54:54.484149,0 days 00:00:03.292621,11,2.2,2.5,1.7,92,CCI,PARABOLIC_SAR,2.3000000000000003,33,33,11,0.036000000000000004,65,21,20,0.03,78,21,11,0.014,ATR,2.8,30,8.5,1h,EMA,True,True,False,False,False,True,False,0.35,60,1.6,CCI,2.3000000000000003,-33.90724929704989,-33.90724929704989,-20.187856339291844,-20.187856339291844,1h,47,47.0,EMA,44.680851063829785,44.680851063829785,COMPLETE
991,-721.8764969334898,2026-01-16 12:54:51.961652,2026-01-16 12:54:55.798274,0 days 00:00:03.836622,11,2.2,2.5,1.7,93,CCI,PARABOLIC_SAR,2.3000000000000003,32,33,11,0.036000000000000004,65,21,20,0.011,78,19,11,0.014,ATR,2.8,28,6.5,1h,EMA,True,True,False,False,False,True,False,0.33999999999999997,60,1.6,CCI,2.3000000000000003,-27.788978998328652,-27.788978998328652,-10.803727898506239,-10.803727898506239,1h,48,48.0,EMA,45.83333333333333,45.83333333333333,COMPLETE
992,-1448.7620915737916,2026-01-16 12:54:53.194425,2026-01-16 12:54:55.860262,0 days 00:00:02.665837,11,2.2,2.3,1.7,93,CCI,PARABOLIC_SAR,3.0,23,33,11,0.036000000000000004,65,21,20,0.012,77,18,11,0.011,ATR,2.8,30,8.5,5m,EMA,True,True,False,False,False,True,False,0.35,55,1.6,CCI,3.0,-32.734749467776844,-32.734749467776844,28.0749722954731,28.0749722954731,5m,48,48.0,EMA,54.166666666666664,54.166666666666664,COMPLETE
993,-1545.3753914179524,2026-01-16 12:54:54.022617,2026-01-16 12:54:55.864263,0 days 00:00:01.841646,10,2.2,2.6,1.7,92,CCI,PARABOLIC_SAR,2.7,23,35,11,0.0375,65,21,14,0.015,77,18,11,0.013000000000000001,ATR,3.0,21,6.5,1h,EMA,True,True,False,False,False,True,False,0.35,50,1.6,CCI,2.7,-42.730412547869676,-42.730412547869676,-29.320789328982926,-29.320789328982926,1h,47,47.0,EMA,42.5531914893617,42.5531914893617,COMPLETE
994,-1545.2926115594992,2026-01-16 12:54:54.075740,2026-01-16 12:54:57.083526,0 days 00:00:03.007786,10,2.2,2.3,1.7,92,CCI,PARABOLIC_SAR,2.7,35,35,11,0.0375,65,27,14,0.015,77,19,11,0.011,ATR,2.8,28,6.5,1h,EMA,True,True,False,False,False,True,False,0.35,55,1.6,CCI,2.7,-44.20173448398542,-44.20173448398542,-29.871972410293342,-29.871972410293342,1h,47,47.0,EMA,42.5531914893617,42.5531914893617,COMPLETE
995,-1547.5174237621495,2026-01-16 12:54:54.180750,2026-01-16 12:54:58.221050,0 days 00:00:04.040300,10,2.2,2.3,1.7,92,CCI,PARABOLIC_SAR,2.7,23,34,11,0.0385,65,28,20,0.012,82,18,11,0.011,ATR,2.8,30,6.5,1h,EMA,True,True,False,False,False,True,False,0.37,55,1.6,CCI,2.7,-41.21723691695288,-41.21723691695288,-30.039194803631215,-30.039194803631215,1h,42,42.0,EMA,47.61904761904761,47.61904761904761,COMPLETE
996,-881.8645200826732,2026-01-16 12:54:54.509251,2026-01-16 12:54:57.154333,0 days 00:00:02.645082,10,2.0,2.3,1.7,86,CCI,PARABOLIC_SAR,2.7,25,34,11,0.038,65,28,20,0.012,77,18,13,0.011,ATR,2.8,30,7.0,5m,EMA,True,True,False,False,False,True,False,0.32999999999999996,55,1.6,CCI,2.7,-31.074887905993076,-31.074887905993076,36.12686864216551,36.12686864216551,5m,54,54.0,EMA,50.0,50.0,COMPLETE
997,-2218.4469253979205,2026-01-16 12:54:55.824404,2026-01-16 12:54:59.600152,0 days 00:00:03.775748,10,2.0,2.6,1.7,86,CCI,PARABOLIC_SAR,2.7,24,34,11,0.0375,65,26,20,0.012,77,19,13,0.011,ATR,2.8,21,7.0,5m,ICHIMOKU,True,True,False,False,False,True,False,0.51,55,1.6,CCI,2.7,-22.727805592844323,-22.727805592844323,-8.009105908383416,-8.009105908383416,5m,27,27.0,ICHIMOKU,48.148148148148145,48.148148148148145,COMPLETE
998,130.42723737871165,2026-01-16 12:54:55.890053,2026-01-16 12:54:58.900045,0 days 00:00:03.009992,10,2.0,2.6,1.7,98,CCI,PARABOLIC_SAR,2.4000000000000004,47,34,11,0.0375,65,23,20,0.023,77,22,13,0.012,ATR,3.0,24,6.5,5m,EMA,True,True,False,False,False,True,False,0.32999999999999996,50,1.6,CCI,2.4000000000000004,-18.91325791138692,-18.91325791138692,31.042316261474557,31.042316261474557,5m,53,53.0,EMA,50.943396226415096,50.943396226415096,COMPLETE
999,-84.72965781656876,2026-01-16 12:54:55.968095,2026-01-16 12:54:59.622588,0 days 00:00:03.654493,10,2.0,2.4000000000000004,1.8,86,CCI,PARABOLIC_SAR,2.4000000000000004,47,34,11,0.0385,65,27,20,0.023,77,18,13,0.012,ATR,2.9000000000000004,10,7.0,5m,ICHIMOKU,True,True,False,False,False,True,False,0.32999999999999996,55,1.4,CCI,2.4000000000000004,-27.394880193085385,-27.394880193085385,31.941188543095343,31.941188543095343,5m,56,56.0,ICHIMOKU,50.0,50.0,COMPLETE
